[2026-08-25T13:16:54.071+0000] {processor.py:161} INFO - Started process (PID=173) to work on /opt/airflow/dags/price_etl_dag.py
[2026-08-25T13:16:54.073+0000] {processor.py:830} INFO - Processing file /opt/airflow/dags/price_etl_dag.py for tasks to queue
[2026-08-25T13:16:54.074+0000] {logging_mixin.py:188} INFO - [2026-08-25T13:16:54.074+0000] {dagbag.py:545} INFO - Filling up the DagBag from /opt/airflow/dags/price_etl_dag.py
[2026-08-25T13:16:54.090+0000] {processor.py:840} INFO - DAG(s) 'price_etl_pipeline' retrieved from /opt/airflow/dags/price_etl_dag.py
[2026-08-25T13:16:54.109+0000] {logging_mixin.py:188} INFO - [2026-08-25T13:16:54.108+0000] {dag.py:3089} INFO - Sync 1 DAGs
[2026-08-25T13:16:54.122+0000] {logging_mixin.py:188} INFO - [2026-08-25T13:16:54.122+0000] {dag.py:3947} INFO - Setting next_dagrun for price_etl_pipeline to 2026-08-25 12:00:00+00:00, run_after=2026-08-26 12:00:00+00:00
[2026-08-25T13:16:54.136+0000] {processor.py:183} INFO - Processing /opt/airflow/dags/price_etl_dag.py took 0.069 seconds
[2026-08-25T13:17:24.212+0000] {processor.py:161} INFO - Started process (PID=494) to work on /opt/airflow/dags/price_etl_dag.py
[2026-08-25T13:17:24.212+0000] {processor.py:830} INFO - Processing file /opt/airflow/dags/price_etl_dag.py for tasks to queue
[2026-08-25T13:17:24.213+0000] {logging_mixin.py:188} INFO - [2026-08-25T13:17:24.213+0000] {dagbag.py:545} INFO - Filling up the DagBag from /opt/airflow/dags/price_etl_dag.py
[2026-08-25T13:17:24.226+0000] {processor.py:840} INFO - DAG(s) 'price_etl_pipeline' retrieved from /opt/airflow/dags/price_etl_dag.py
[2026-08-25T13:17:24.403+0000] {logging_mixin.py:188} INFO - [2026-08-25T13:17:24.403+0000] {dag.py:3089} INFO - Sync 1 DAGs
[2026-08-25T13:17:24.412+0000] {logging_mixin.py:188} INFO - [2026-08-25T13:17:24.412+0000] {dag.py:3947} INFO - Setting next_dagrun for price_etl_pipeline to 2026-08-25 12:00:00+00:00, run_after=2026-08-26 12:00:00+00:00
[2026-08-25T13:17:24.423+0000] {processor.py:183} INFO - Processing /opt/airflow/dags/price_etl_dag.py took 0.214 seconds
[2026-08-25T13:17:54.533+0000] {processor.py:161} INFO - Started process (PID=499) to work on /opt/airflow/dags/price_etl_dag.py
[2026-08-25T13:17:54.533+0000] {processor.py:830} INFO - Processing file /opt/airflow/dags/price_etl_dag.py for tasks to queue
[2026-08-25T13:17:54.535+0000] {logging_mixin.py:188} INFO - [2026-08-25T13:17:54.535+0000] {dagbag.py:545} INFO - Filling up the DagBag from /opt/airflow/dags/price_etl_dag.py
[2026-08-25T13:17:54.548+0000] {processor.py:840} INFO - DAG(s) 'price_etl_pipeline' retrieved from /opt/airflow/dags/price_etl_dag.py
[2026-08-25T13:17:54.563+0000] {logging_mixin.py:188} INFO - [2026-08-25T13:17:54.563+0000] {dag.py:3089} INFO - Sync 1 DAGs
[2026-08-25T13:17:54.573+0000] {logging_mixin.py:188} INFO - [2026-08-25T13:17:54.573+0000] {dag.py:3947} INFO - Setting next_dagrun for price_etl_pipeline to 2026-08-25 12:00:00+00:00, run_after=2026-08-26 12:00:00+00:00
[2026-08-25T13:17:54.584+0000] {processor.py:183} INFO - Processing /opt/airflow/dags/price_etl_dag.py took 0.054 seconds
[2026-08-25T13:18:24.658+0000] {processor.py:161} INFO - Started process (PID=504) to work on /opt/airflow/dags/price_etl_dag.py
[2026-08-25T13:18:24.659+0000] {processor.py:830} INFO - Processing file /opt/airflow/dags/price_etl_dag.py for tasks to queue
[2026-08-25T13:18:24.660+0000] {logging_mixin.py:188} INFO - [2026-08-25T13:18:24.659+0000] {dagbag.py:545} INFO - Filling up the DagBag from /opt/airflow/dags/price_etl_dag.py
[2026-08-25T13:18:24.672+0000] {processor.py:840} INFO - DAG(s) 'price_etl_pipeline' retrieved from /opt/airflow/dags/price_etl_dag.py
[2026-08-25T13:18:24.692+0000] {logging_mixin.py:188} INFO - [2026-08-25T13:18:24.692+0000] {dag.py:3089} INFO - Sync 1 DAGs
[2026-08-25T13:18:24.705+0000] {logging_mixin.py:188} INFO - [2026-08-25T13:18:24.705+0000] {dag.py:3947} INFO - Setting next_dagrun for price_etl_pipeline to 2026-08-25 12:00:00+00:00, run_after=2026-08-26 12:00:00+00:00
[2026-08-25T13:18:24.717+0000] {processor.py:183} INFO - Processing /opt/airflow/dags/price_etl_dag.py took 0.061 seconds
[2026-08-25T13:18:54.795+0000] {processor.py:161} INFO - Started process (PID=509) to work on /opt/airflow/dags/price_etl_dag.py
[2026-08-25T13:18:54.796+0000] {processor.py:830} INFO - Processing file /opt/airflow/dags/price_etl_dag.py for tasks to queue
[2026-08-25T13:18:54.797+0000] {logging_mixin.py:188} INFO - [2026-08-25T13:18:54.796+0000] {dagbag.py:545} INFO - Filling up the DagBag from /opt/airflow/dags/price_etl_dag.py
[2026-08-25T13:18:54.809+0000] {processor.py:840} INFO - DAG(s) 'price_etl_pipeline' retrieved from /opt/airflow/dags/price_etl_dag.py
[2026-08-25T13:18:54.826+0000] {logging_mixin.py:188} INFO - [2026-08-25T13:18:54.826+0000] {dag.py:3089} INFO - Sync 1 DAGs
[2026-08-25T13:18:54.839+0000] {logging_mixin.py:188} INFO - [2026-08-25T13:18:54.839+0000] {dag.py:3947} INFO - Setting next_dagrun for price_etl_pipeline to 2026-08-25 12:00:00+00:00, run_after=2026-08-26 12:00:00+00:00
[2026-08-25T13:18:54.852+0000] {processor.py:183} INFO - Processing /opt/airflow/dags/price_etl_dag.py took 0.059 seconds
[2026-08-25T13:19:24.929+0000] {processor.py:161} INFO - Started process (PID=601) to work on /opt/airflow/dags/price_etl_dag.py
[2026-08-25T13:19:24.929+0000] {processor.py:830} INFO - Processing file /opt/airflow/dags/price_etl_dag.py for tasks to queue
[2026-08-25T13:19:24.931+0000] {logging_mixin.py:188} INFO - [2026-08-25T13:19:24.931+0000] {dagbag.py:545} INFO - Filling up the DagBag from /opt/airflow/dags/price_etl_dag.py
[2026-08-25T13:19:24.946+0000] {processor.py:840} INFO - DAG(s) 'price_etl_pipeline' retrieved from /opt/airflow/dags/price_etl_dag.py
[2026-08-25T13:19:24.965+0000] {logging_mixin.py:188} INFO - [2026-08-25T13:19:24.965+0000] {dag.py:3089} INFO - Sync 1 DAGs
[2026-08-25T13:19:24.978+0000] {logging_mixin.py:188} INFO - [2026-08-25T13:19:24.978+0000] {dag.py:3947} INFO - Setting next_dagrun for price_etl_pipeline to 2026-08-25 12:00:00+00:00, run_after=2026-08-26 12:00:00+00:00
[2026-08-25T13:19:25.072+0000] {processor.py:183} INFO - Processing /opt/airflow/dags/price_etl_dag.py took 0.147 seconds
[2026-08-25T13:19:55.403+0000] {processor.py:161} INFO - Started process (PID=729) to work on /opt/airflow/dags/price_etl_dag.py
[2026-08-25T13:19:55.404+0000] {processor.py:830} INFO - Processing file /opt/airflow/dags/price_etl_dag.py for tasks to queue
[2026-08-25T13:19:55.405+0000] {logging_mixin.py:188} INFO - [2026-08-25T13:19:55.405+0000] {dagbag.py:545} INFO - Filling up the DagBag from /opt/airflow/dags/price_etl_dag.py
[2026-08-25T13:19:55.421+0000] {processor.py:840} INFO - DAG(s) 'price_etl_pipeline' retrieved from /opt/airflow/dags/price_etl_dag.py
[2026-08-25T13:19:55.559+0000] {logging_mixin.py:188} INFO - [2026-08-25T13:19:55.559+0000] {dag.py:3089} INFO - Sync 1 DAGs
[2026-08-25T13:19:55.564+0000] {logging_mixin.py:188} INFO - [2026-08-25T13:19:55.564+0000] {dag.py:3111} INFO - Creating ORM DAG for price_etl_pipeline
[2026-08-25T13:19:55.569+0000] {logging_mixin.py:188} INFO - [2026-08-25T13:19:55.569+0000] {dag.py:3947} INFO - Setting next_dagrun for price_etl_pipeline to 2026-08-24 12:00:00+00:00, run_after=2026-08-25 12:00:00+00:00
[2026-08-25T13:19:55.580+0000] {processor.py:183} INFO - Processing /opt/airflow/dags/price_etl_dag.py took 0.181 seconds
[2026-08-25T13:20:18.050+0000] {processor.py:161} INFO - Started process (PID=173) to work on /opt/airflow/dags/price_etl_dag.py
[2026-08-25T13:20:18.051+0000] {processor.py:830} INFO - Processing file /opt/airflow/dags/price_etl_dag.py for tasks to queue
[2026-08-25T13:20:18.052+0000] {logging_mixin.py:188} INFO - [2026-08-25T13:20:18.052+0000] {dagbag.py:545} INFO - Filling up the DagBag from /opt/airflow/dags/price_etl_dag.py
[2026-08-25T13:20:18.073+0000] {processor.py:840} INFO - DAG(s) 'price_etl_pipeline' retrieved from /opt/airflow/dags/price_etl_dag.py
[2026-08-25T13:20:18.136+0000] {logging_mixin.py:188} INFO - [2026-08-25T13:20:18.136+0000] {dag.py:3089} INFO - Sync 1 DAGs
[2026-08-25T13:20:18.147+0000] {logging_mixin.py:188} INFO - [2026-08-25T13:20:18.147+0000] {dag.py:3947} INFO - Setting next_dagrun for price_etl_pipeline to 2026-08-24 12:00:00+00:00, run_after=2026-08-25 12:00:00+00:00
[2026-08-25T13:20:18.160+0000] {processor.py:183} INFO - Processing /opt/airflow/dags/price_etl_dag.py took 0.113 seconds
[2026-08-25T13:20:48.185+0000] {processor.py:161} INFO - Started process (PID=603) to work on /opt/airflow/dags/price_etl_dag.py
[2026-08-25T13:20:48.185+0000] {processor.py:830} INFO - Processing file /opt/airflow/dags/price_etl_dag.py for tasks to queue
[2026-08-25T13:20:48.186+0000] {logging_mixin.py:188} INFO - [2026-08-25T13:20:48.186+0000] {dagbag.py:545} INFO - Filling up the DagBag from /opt/airflow/dags/price_etl_dag.py
[2026-08-25T13:20:48.198+0000] {processor.py:840} INFO - DAG(s) 'price_etl_pipeline' retrieved from /opt/airflow/dags/price_etl_dag.py
[2026-08-25T13:20:48.379+0000] {logging_mixin.py:188} INFO - [2026-08-25T13:20:48.379+0000] {dag.py:3089} INFO - Sync 1 DAGs
[2026-08-25T13:20:48.388+0000] {logging_mixin.py:188} INFO - [2026-08-25T13:20:48.388+0000] {dag.py:3947} INFO - Setting next_dagrun for price_etl_pipeline to 2026-08-25 12:00:00+00:00, run_after=2026-08-26 12:00:00+00:00
[2026-08-25T13:20:48.402+0000] {processor.py:183} INFO - Processing /opt/airflow/dags/price_etl_dag.py took 0.219 seconds
[2026-08-25T13:21:18.507+0000] {processor.py:161} INFO - Started process (PID=608) to work on /opt/airflow/dags/price_etl_dag.py
[2026-08-25T13:21:18.507+0000] {processor.py:830} INFO - Processing file /opt/airflow/dags/price_etl_dag.py for tasks to queue
[2026-08-25T13:21:18.509+0000] {logging_mixin.py:188} INFO - [2026-08-25T13:21:18.509+0000] {dagbag.py:545} INFO - Filling up the DagBag from /opt/airflow/dags/price_etl_dag.py
[2026-08-25T13:21:18.521+0000] {processor.py:840} INFO - DAG(s) 'price_etl_pipeline' retrieved from /opt/airflow/dags/price_etl_dag.py
[2026-08-25T13:21:18.537+0000] {logging_mixin.py:188} INFO - [2026-08-25T13:21:18.536+0000] {dag.py:3089} INFO - Sync 1 DAGs
[2026-08-25T13:21:18.546+0000] {logging_mixin.py:188} INFO - [2026-08-25T13:21:18.546+0000] {dag.py:3947} INFO - Setting next_dagrun for price_etl_pipeline to 2026-08-25 12:00:00+00:00, run_after=2026-08-26 12:00:00+00:00
[2026-08-25T13:21:18.559+0000] {processor.py:183} INFO - Processing /opt/airflow/dags/price_etl_dag.py took 0.055 seconds
[2026-08-25T13:21:48.628+0000] {processor.py:161} INFO - Started process (PID=613) to work on /opt/airflow/dags/price_etl_dag.py
[2026-08-25T13:21:48.629+0000] {processor.py:830} INFO - Processing file /opt/airflow/dags/price_etl_dag.py for tasks to queue
[2026-08-25T13:21:48.630+0000] {logging_mixin.py:188} INFO - [2026-08-25T13:21:48.630+0000] {dagbag.py:545} INFO - Filling up the DagBag from /opt/airflow/dags/price_etl_dag.py
[2026-08-25T13:21:48.642+0000] {processor.py:840} INFO - DAG(s) 'price_etl_pipeline' retrieved from /opt/airflow/dags/price_etl_dag.py
[2026-08-25T13:21:48.657+0000] {logging_mixin.py:188} INFO - [2026-08-25T13:21:48.657+0000] {dag.py:3089} INFO - Sync 1 DAGs
[2026-08-25T13:21:48.667+0000] {logging_mixin.py:188} INFO - [2026-08-25T13:21:48.667+0000] {dag.py:3947} INFO - Setting next_dagrun for price_etl_pipeline to 2026-08-25 12:00:00+00:00, run_after=2026-08-26 12:00:00+00:00
[2026-08-25T13:21:48.678+0000] {processor.py:183} INFO - Processing /opt/airflow/dags/price_etl_dag.py took 0.052 seconds
[2026-08-25T13:22:18.770+0000] {processor.py:161} INFO - Started process (PID=618) to work on /opt/airflow/dags/price_etl_dag.py
[2026-08-25T13:22:18.770+0000] {processor.py:830} INFO - Processing file /opt/airflow/dags/price_etl_dag.py for tasks to queue
[2026-08-25T13:22:18.771+0000] {logging_mixin.py:188} INFO - [2026-08-25T13:22:18.771+0000] {dagbag.py:545} INFO - Filling up the DagBag from /opt/airflow/dags/price_etl_dag.py
[2026-08-25T13:22:18.784+0000] {processor.py:840} INFO - DAG(s) 'price_etl_pipeline' retrieved from /opt/airflow/dags/price_etl_dag.py
[2026-08-25T13:22:18.799+0000] {logging_mixin.py:188} INFO - [2026-08-25T13:22:18.799+0000] {dag.py:3089} INFO - Sync 1 DAGs
[2026-08-25T13:22:18.809+0000] {logging_mixin.py:188} INFO - [2026-08-25T13:22:18.809+0000] {dag.py:3947} INFO - Setting next_dagrun for price_etl_pipeline to 2026-08-25 12:00:00+00:00, run_after=2026-08-26 12:00:00+00:00
[2026-08-25T13:22:18.820+0000] {processor.py:183} INFO - Processing /opt/airflow/dags/price_etl_dag.py took 0.052 seconds
[2026-08-25T13:22:48.897+0000] {processor.py:161} INFO - Started process (PID=623) to work on /opt/airflow/dags/price_etl_dag.py
[2026-08-25T13:22:48.898+0000] {processor.py:830} INFO - Processing file /opt/airflow/dags/price_etl_dag.py for tasks to queue
[2026-08-25T13:22:48.899+0000] {logging_mixin.py:188} INFO - [2026-08-25T13:22:48.898+0000] {dagbag.py:545} INFO - Filling up the DagBag from /opt/airflow/dags/price_etl_dag.py
[2026-08-25T13:22:48.911+0000] {processor.py:840} INFO - DAG(s) 'price_etl_pipeline' retrieved from /opt/airflow/dags/price_etl_dag.py
[2026-08-25T13:22:48.927+0000] {logging_mixin.py:188} INFO - [2026-08-25T13:22:48.926+0000] {dag.py:3089} INFO - Sync 1 DAGs
[2026-08-25T13:22:48.938+0000] {logging_mixin.py:188} INFO - [2026-08-25T13:22:48.938+0000] {dag.py:3947} INFO - Setting next_dagrun for price_etl_pipeline to 2026-08-25 12:00:00+00:00, run_after=2026-08-26 12:00:00+00:00
[2026-08-25T13:22:49.051+0000] {processor.py:183} INFO - Processing /opt/airflow/dags/price_etl_dag.py took 0.156 seconds
[2026-08-25T13:23:19.152+0000] {processor.py:161} INFO - Started process (PID=628) to work on /opt/airflow/dags/price_etl_dag.py
[2026-08-25T13:23:19.152+0000] {processor.py:830} INFO - Processing file /opt/airflow/dags/price_etl_dag.py for tasks to queue
[2026-08-25T13:23:19.153+0000] {logging_mixin.py:188} INFO - [2026-08-25T13:23:19.153+0000] {dagbag.py:545} INFO - Filling up the DagBag from /opt/airflow/dags/price_etl_dag.py
[2026-08-25T13:23:19.166+0000] {processor.py:840} INFO - DAG(s) 'price_etl_pipeline' retrieved from /opt/airflow/dags/price_etl_dag.py
[2026-08-25T13:23:19.184+0000] {logging_mixin.py:188} INFO - [2026-08-25T13:23:19.184+0000] {dag.py:3089} INFO - Sync 1 DAGs
[2026-08-25T13:23:19.281+0000] {logging_mixin.py:188} INFO - [2026-08-25T13:23:19.281+0000] {dag.py:3947} INFO - Setting next_dagrun for price_etl_pipeline to 2026-08-25 12:00:00+00:00, run_after=2026-08-26 12:00:00+00:00
[2026-08-25T13:23:19.294+0000] {processor.py:183} INFO - Processing /opt/airflow/dags/price_etl_dag.py took 0.144 seconds
[2026-08-25T13:23:49.397+0000] {processor.py:161} INFO - Started process (PID=633) to work on /opt/airflow/dags/price_etl_dag.py
[2026-08-25T13:23:49.398+0000] {processor.py:830} INFO - Processing file /opt/airflow/dags/price_etl_dag.py for tasks to queue
[2026-08-25T13:23:49.399+0000] {logging_mixin.py:188} INFO - [2026-08-25T13:23:49.399+0000] {dagbag.py:545} INFO - Filling up the DagBag from /opt/airflow/dags/price_etl_dag.py
[2026-08-25T13:23:49.412+0000] {processor.py:840} INFO - DAG(s) 'price_etl_pipeline' retrieved from /opt/airflow/dags/price_etl_dag.py
[2026-08-25T13:23:49.506+0000] {logging_mixin.py:188} INFO - [2026-08-25T13:23:49.506+0000] {dag.py:3089} INFO - Sync 1 DAGs
[2026-08-25T13:23:49.517+0000] {logging_mixin.py:188} INFO - [2026-08-25T13:23:49.517+0000] {dag.py:3947} INFO - Setting next_dagrun for price_etl_pipeline to 2026-08-25 12:00:00+00:00, run_after=2026-08-26 12:00:00+00:00
[2026-08-25T13:23:49.529+0000] {processor.py:183} INFO - Processing /opt/airflow/dags/price_etl_dag.py took 0.134 seconds
[2026-08-25T13:24:19.635+0000] {processor.py:161} INFO - Started process (PID=638) to work on /opt/airflow/dags/price_etl_dag.py
[2026-08-25T13:24:19.636+0000] {processor.py:830} INFO - Processing file /opt/airflow/dags/price_etl_dag.py for tasks to queue
[2026-08-25T13:24:19.637+0000] {logging_mixin.py:188} INFO - [2026-08-25T13:24:19.637+0000] {dagbag.py:545} INFO - Filling up the DagBag from /opt/airflow/dags/price_etl_dag.py
[2026-08-25T13:24:19.739+0000] {processor.py:840} INFO - DAG(s) 'price_etl_pipeline' retrieved from /opt/airflow/dags/price_etl_dag.py
[2026-08-25T13:24:19.757+0000] {logging_mixin.py:188} INFO - [2026-08-25T13:24:19.757+0000] {dag.py:3089} INFO - Sync 1 DAGs
[2026-08-25T13:24:19.768+0000] {logging_mixin.py:188} INFO - [2026-08-25T13:24:19.768+0000] {dag.py:3947} INFO - Setting next_dagrun for price_etl_pipeline to 2026-08-25 12:00:00+00:00, run_after=2026-08-26 12:00:00+00:00
[2026-08-25T13:24:19.782+0000] {processor.py:183} INFO - Processing /opt/airflow/dags/price_etl_dag.py took 0.151 seconds
[2026-08-25T13:24:49.975+0000] {processor.py:161} INFO - Started process (PID=643) to work on /opt/airflow/dags/price_etl_dag.py
[2026-08-25T13:24:49.976+0000] {processor.py:830} INFO - Processing file /opt/airflow/dags/price_etl_dag.py for tasks to queue
[2026-08-25T13:24:49.978+0000] {logging_mixin.py:188} INFO - [2026-08-25T13:24:49.978+0000] {dagbag.py:545} INFO - Filling up the DagBag from /opt/airflow/dags/price_etl_dag.py
[2026-08-25T13:24:49.994+0000] {processor.py:840} INFO - DAG(s) 'price_etl_pipeline' retrieved from /opt/airflow/dags/price_etl_dag.py
[2026-08-25T13:24:50.016+0000] {logging_mixin.py:188} INFO - [2026-08-25T13:24:50.016+0000] {dag.py:3089} INFO - Sync 1 DAGs
[2026-08-25T13:24:50.030+0000] {logging_mixin.py:188} INFO - [2026-08-25T13:24:50.030+0000] {dag.py:3947} INFO - Setting next_dagrun for price_etl_pipeline to 2026-08-25 12:00:00+00:00, run_after=2026-08-26 12:00:00+00:00
[2026-08-25T13:24:50.042+0000] {processor.py:183} INFO - Processing /opt/airflow/dags/price_etl_dag.py took 0.072 seconds
[2026-08-25T13:25:20.112+0000] {processor.py:161} INFO - Started process (PID=648) to work on /opt/airflow/dags/price_etl_dag.py
[2026-08-25T13:25:20.112+0000] {processor.py:830} INFO - Processing file /opt/airflow/dags/price_etl_dag.py for tasks to queue
[2026-08-25T13:25:20.113+0000] {logging_mixin.py:188} INFO - [2026-08-25T13:25:20.113+0000] {dagbag.py:545} INFO - Filling up the DagBag from /opt/airflow/dags/price_etl_dag.py
[2026-08-25T13:25:20.129+0000] {processor.py:840} INFO - DAG(s) 'price_etl_pipeline' retrieved from /opt/airflow/dags/price_etl_dag.py
[2026-08-25T13:25:20.150+0000] {logging_mixin.py:188} INFO - [2026-08-25T13:25:20.150+0000] {dag.py:3089} INFO - Sync 1 DAGs
[2026-08-25T13:25:20.164+0000] {logging_mixin.py:188} INFO - [2026-08-25T13:25:20.164+0000] {dag.py:3947} INFO - Setting next_dagrun for price_etl_pipeline to 2026-08-25 12:00:00+00:00, run_after=2026-08-26 12:00:00+00:00
[2026-08-25T13:25:20.176+0000] {processor.py:183} INFO - Processing /opt/airflow/dags/price_etl_dag.py took 0.067 seconds
[2026-08-25T13:25:50.251+0000] {processor.py:161} INFO - Started process (PID=1037) to work on /opt/airflow/dags/price_etl_dag.py
[2026-08-25T13:25:50.252+0000] {processor.py:830} INFO - Processing file /opt/airflow/dags/price_etl_dag.py for tasks to queue
[2026-08-25T13:25:50.253+0000] {logging_mixin.py:188} INFO - [2026-08-25T13:25:50.253+0000] {dagbag.py:545} INFO - Filling up the DagBag from /opt/airflow/dags/price_etl_dag.py
[2026-08-25T13:25:50.266+0000] {processor.py:840} INFO - DAG(s) 'price_etl_pipeline' retrieved from /opt/airflow/dags/price_etl_dag.py
[2026-08-25T13:25:50.281+0000] {logging_mixin.py:188} INFO - [2026-08-25T13:25:50.281+0000] {dag.py:3089} INFO - Sync 1 DAGs
[2026-08-25T13:25:50.291+0000] {logging_mixin.py:188} INFO - [2026-08-25T13:25:50.291+0000] {dag.py:3947} INFO - Setting next_dagrun for price_etl_pipeline to 2026-08-25 12:00:00+00:00, run_after=2026-08-26 12:00:00+00:00
[2026-08-25T13:25:50.301+0000] {processor.py:183} INFO - Processing /opt/airflow/dags/price_etl_dag.py took 0.053 seconds
[2026-08-25T13:26:20.385+0000] {processor.py:161} INFO - Started process (PID=1042) to work on /opt/airflow/dags/price_etl_dag.py
[2026-08-25T13:26:20.386+0000] {processor.py:830} INFO - Processing file /opt/airflow/dags/price_etl_dag.py for tasks to queue
[2026-08-25T13:26:20.386+0000] {logging_mixin.py:188} INFO - [2026-08-25T13:26:20.386+0000] {dagbag.py:545} INFO - Filling up the DagBag from /opt/airflow/dags/price_etl_dag.py
[2026-08-25T13:26:20.399+0000] {processor.py:840} INFO - DAG(s) 'price_etl_pipeline' retrieved from /opt/airflow/dags/price_etl_dag.py
[2026-08-25T13:26:20.414+0000] {logging_mixin.py:188} INFO - [2026-08-25T13:26:20.414+0000] {dag.py:3089} INFO - Sync 1 DAGs
[2026-08-25T13:26:20.424+0000] {logging_mixin.py:188} INFO - [2026-08-25T13:26:20.424+0000] {dag.py:3947} INFO - Setting next_dagrun for price_etl_pipeline to 2026-08-25 12:00:00+00:00, run_after=2026-08-26 12:00:00+00:00
[2026-08-25T13:26:20.438+0000] {processor.py:183} INFO - Processing /opt/airflow/dags/price_etl_dag.py took 0.055 seconds
[2026-08-25T13:26:50.520+0000] {processor.py:161} INFO - Started process (PID=1244) to work on /opt/airflow/dags/price_etl_dag.py
[2026-08-25T13:26:50.520+0000] {processor.py:830} INFO - Processing file /opt/airflow/dags/price_etl_dag.py for tasks to queue
[2026-08-25T13:26:50.521+0000] {logging_mixin.py:188} INFO - [2026-08-25T13:26:50.521+0000] {dagbag.py:545} INFO - Filling up the DagBag from /opt/airflow/dags/price_etl_dag.py
[2026-08-25T13:26:50.534+0000] {processor.py:840} INFO - DAG(s) 'price_etl_pipeline' retrieved from /opt/airflow/dags/price_etl_dag.py
[2026-08-25T13:26:50.549+0000] {logging_mixin.py:188} INFO - [2026-08-25T13:26:50.549+0000] {dag.py:3089} INFO - Sync 1 DAGs
[2026-08-25T13:26:50.559+0000] {logging_mixin.py:188} INFO - [2026-08-25T13:26:50.559+0000] {dag.py:3947} INFO - Setting next_dagrun for price_etl_pipeline to 2026-08-25 12:00:00+00:00, run_after=2026-08-26 12:00:00+00:00
[2026-08-25T13:26:50.570+0000] {processor.py:183} INFO - Processing /opt/airflow/dags/price_etl_dag.py took 0.053 seconds
[2026-08-25T13:27:20.648+0000] {processor.py:161} INFO - Started process (PID=1249) to work on /opt/airflow/dags/price_etl_dag.py
[2026-08-25T13:27:20.649+0000] {processor.py:830} INFO - Processing file /opt/airflow/dags/price_etl_dag.py for tasks to queue
[2026-08-25T13:27:20.649+0000] {logging_mixin.py:188} INFO - [2026-08-25T13:27:20.649+0000] {dagbag.py:545} INFO - Filling up the DagBag from /opt/airflow/dags/price_etl_dag.py
[2026-08-25T13:27:20.664+0000] {processor.py:840} INFO - DAG(s) 'price_etl_pipeline' retrieved from /opt/airflow/dags/price_etl_dag.py
[2026-08-25T13:27:20.687+0000] {logging_mixin.py:188} INFO - [2026-08-25T13:27:20.687+0000] {dag.py:3089} INFO - Sync 1 DAGs
[2026-08-25T13:27:20.701+0000] {logging_mixin.py:188} INFO - [2026-08-25T13:27:20.701+0000] {dag.py:3947} INFO - Setting next_dagrun for price_etl_pipeline to 2026-08-25 12:00:00+00:00, run_after=2026-08-26 12:00:00+00:00
[2026-08-25T13:27:20.713+0000] {processor.py:183} INFO - Processing /opt/airflow/dags/price_etl_dag.py took 0.068 seconds
[2026-08-25T13:27:50.784+0000] {processor.py:161} INFO - Started process (PID=1254) to work on /opt/airflow/dags/price_etl_dag.py
[2026-08-25T13:27:50.784+0000] {processor.py:830} INFO - Processing file /opt/airflow/dags/price_etl_dag.py for tasks to queue
[2026-08-25T13:27:50.785+0000] {logging_mixin.py:188} INFO - [2026-08-25T13:27:50.785+0000] {dagbag.py:545} INFO - Filling up the DagBag from /opt/airflow/dags/price_etl_dag.py
[2026-08-25T13:27:50.797+0000] {processor.py:840} INFO - DAG(s) 'price_etl_pipeline' retrieved from /opt/airflow/dags/price_etl_dag.py
[2026-08-25T13:27:50.813+0000] {logging_mixin.py:188} INFO - [2026-08-25T13:27:50.813+0000] {dag.py:3089} INFO - Sync 1 DAGs
[2026-08-25T13:27:50.826+0000] {logging_mixin.py:188} INFO - [2026-08-25T13:27:50.825+0000] {dag.py:3947} INFO - Setting next_dagrun for price_etl_pipeline to 2026-08-25 12:00:00+00:00, run_after=2026-08-26 12:00:00+00:00
[2026-08-25T13:27:50.836+0000] {processor.py:183} INFO - Processing /opt/airflow/dags/price_etl_dag.py took 0.055 seconds
[2026-08-25T13:28:20.929+0000] {processor.py:161} INFO - Started process (PID=1456) to work on /opt/airflow/dags/price_etl_dag.py
[2026-08-25T13:28:20.929+0000] {processor.py:830} INFO - Processing file /opt/airflow/dags/price_etl_dag.py for tasks to queue
[2026-08-25T13:28:20.930+0000] {logging_mixin.py:188} INFO - [2026-08-25T13:28:20.930+0000] {dagbag.py:545} INFO - Filling up the DagBag from /opt/airflow/dags/price_etl_dag.py
[2026-08-25T13:28:20.942+0000] {processor.py:840} INFO - DAG(s) 'price_etl_pipeline' retrieved from /opt/airflow/dags/price_etl_dag.py
[2026-08-25T13:28:20.962+0000] {logging_mixin.py:188} INFO - [2026-08-25T13:28:20.961+0000] {dag.py:3089} INFO - Sync 1 DAGs
[2026-08-25T13:28:20.976+0000] {logging_mixin.py:188} INFO - [2026-08-25T13:28:20.976+0000] {dag.py:3947} INFO - Setting next_dagrun for price_etl_pipeline to 2026-08-25 12:00:00+00:00, run_after=2026-08-26 12:00:00+00:00
[2026-08-25T13:28:20.988+0000] {processor.py:183} INFO - Processing /opt/airflow/dags/price_etl_dag.py took 0.062 seconds
[2026-08-25T13:28:51.054+0000] {processor.py:161} INFO - Started process (PID=1461) to work on /opt/airflow/dags/price_etl_dag.py
[2026-08-25T13:28:51.055+0000] {processor.py:830} INFO - Processing file /opt/airflow/dags/price_etl_dag.py for tasks to queue
[2026-08-25T13:28:51.056+0000] {logging_mixin.py:188} INFO - [2026-08-25T13:28:51.056+0000] {dagbag.py:545} INFO - Filling up the DagBag from /opt/airflow/dags/price_etl_dag.py
[2026-08-25T13:28:51.068+0000] {processor.py:840} INFO - DAG(s) 'price_etl_pipeline' retrieved from /opt/airflow/dags/price_etl_dag.py
[2026-08-25T13:28:51.086+0000] {logging_mixin.py:188} INFO - [2026-08-25T13:28:51.086+0000] {dag.py:3089} INFO - Sync 1 DAGs
[2026-08-25T13:28:51.099+0000] {logging_mixin.py:188} INFO - [2026-08-25T13:28:51.099+0000] {dag.py:3947} INFO - Setting next_dagrun for price_etl_pipeline to 2026-08-25 12:00:00+00:00, run_after=2026-08-26 12:00:00+00:00
[2026-08-25T13:28:51.110+0000] {processor.py:183} INFO - Processing /opt/airflow/dags/price_etl_dag.py took 0.059 seconds
[2026-08-25T13:29:21.202+0000] {processor.py:161} INFO - Started process (PID=1466) to work on /opt/airflow/dags/price_etl_dag.py
[2026-08-25T13:29:21.203+0000] {processor.py:830} INFO - Processing file /opt/airflow/dags/price_etl_dag.py for tasks to queue
[2026-08-25T13:29:21.204+0000] {logging_mixin.py:188} INFO - [2026-08-25T13:29:21.204+0000] {dagbag.py:545} INFO - Filling up the DagBag from /opt/airflow/dags/price_etl_dag.py
[2026-08-25T13:29:21.216+0000] {processor.py:840} INFO - DAG(s) 'price_etl_pipeline' retrieved from /opt/airflow/dags/price_etl_dag.py
[2026-08-25T13:29:21.239+0000] {logging_mixin.py:188} INFO - [2026-08-25T13:29:21.239+0000] {dag.py:3089} INFO - Sync 1 DAGs
[2026-08-25T13:29:21.253+0000] {logging_mixin.py:188} INFO - [2026-08-25T13:29:21.253+0000] {dag.py:3947} INFO - Setting next_dagrun for price_etl_pipeline to 2026-08-25 12:00:00+00:00, run_after=2026-08-26 12:00:00+00:00
[2026-08-25T13:29:21.269+0000] {processor.py:183} INFO - Processing /opt/airflow/dags/price_etl_dag.py took 0.069 seconds
[2026-08-25T13:29:51.322+0000] {processor.py:161} INFO - Started process (PID=1471) to work on /opt/airflow/dags/price_etl_dag.py
[2026-08-25T13:29:51.322+0000] {processor.py:830} INFO - Processing file /opt/airflow/dags/price_etl_dag.py for tasks to queue
[2026-08-25T13:29:51.323+0000] {logging_mixin.py:188} INFO - [2026-08-25T13:29:51.323+0000] {dagbag.py:545} INFO - Filling up the DagBag from /opt/airflow/dags/price_etl_dag.py
[2026-08-25T13:29:51.336+0000] {processor.py:840} INFO - DAG(s) 'price_etl_pipeline' retrieved from /opt/airflow/dags/price_etl_dag.py
[2026-08-25T13:29:51.355+0000] {logging_mixin.py:188} INFO - [2026-08-25T13:29:51.355+0000] {dag.py:3089} INFO - Sync 1 DAGs
[2026-08-25T13:29:51.369+0000] {logging_mixin.py:188} INFO - [2026-08-25T13:29:51.369+0000] {dag.py:3947} INFO - Setting next_dagrun for price_etl_pipeline to 2026-08-25 12:00:00+00:00, run_after=2026-08-26 12:00:00+00:00
[2026-08-25T13:29:51.381+0000] {processor.py:183} INFO - Processing /opt/airflow/dags/price_etl_dag.py took 0.062 seconds
[2026-08-25T13:30:21.502+0000] {processor.py:161} INFO - Started process (PID=1476) to work on /opt/airflow/dags/price_etl_dag.py
[2026-08-25T13:30:21.502+0000] {processor.py:830} INFO - Processing file /opt/airflow/dags/price_etl_dag.py for tasks to queue
[2026-08-25T13:30:21.503+0000] {logging_mixin.py:188} INFO - [2026-08-25T13:30:21.503+0000] {dagbag.py:545} INFO - Filling up the DagBag from /opt/airflow/dags/price_etl_dag.py
[2026-08-25T13:30:21.516+0000] {processor.py:840} INFO - DAG(s) 'price_etl_pipeline' retrieved from /opt/airflow/dags/price_etl_dag.py
[2026-08-25T13:30:21.538+0000] {logging_mixin.py:188} INFO - [2026-08-25T13:30:21.537+0000] {dag.py:3089} INFO - Sync 1 DAGs
[2026-08-25T13:30:21.552+0000] {logging_mixin.py:188} INFO - [2026-08-25T13:30:21.552+0000] {dag.py:3947} INFO - Setting next_dagrun for price_etl_pipeline to 2026-08-25 12:00:00+00:00, run_after=2026-08-26 12:00:00+00:00
[2026-08-25T13:30:21.566+0000] {processor.py:183} INFO - Processing /opt/airflow/dags/price_etl_dag.py took 0.067 seconds
[2026-08-25T13:30:51.634+0000] {processor.py:161} INFO - Started process (PID=1887) to work on /opt/airflow/dags/price_etl_dag.py
[2026-08-25T13:30:51.635+0000] {processor.py:830} INFO - Processing file /opt/airflow/dags/price_etl_dag.py for tasks to queue
[2026-08-25T13:30:51.636+0000] {logging_mixin.py:188} INFO - [2026-08-25T13:30:51.636+0000] {dagbag.py:545} INFO - Filling up the DagBag from /opt/airflow/dags/price_etl_dag.py
[2026-08-25T13:30:51.649+0000] {processor.py:840} INFO - DAG(s) 'price_etl_pipeline' retrieved from /opt/airflow/dags/price_etl_dag.py
[2026-08-25T13:30:51.664+0000] {logging_mixin.py:188} INFO - [2026-08-25T13:30:51.664+0000] {dag.py:3089} INFO - Sync 1 DAGs
[2026-08-25T13:30:51.674+0000] {logging_mixin.py:188} INFO - [2026-08-25T13:30:51.674+0000] {dag.py:3947} INFO - Setting next_dagrun for price_etl_pipeline to 2026-08-25 12:00:00+00:00, run_after=2026-08-26 12:00:00+00:00
[2026-08-25T13:30:51.687+0000] {processor.py:183} INFO - Processing /opt/airflow/dags/price_etl_dag.py took 0.055 seconds
[2026-08-25T13:31:21.780+0000] {processor.py:161} INFO - Started process (PID=2347) to work on /opt/airflow/dags/price_etl_dag.py
[2026-08-25T13:31:21.781+0000] {processor.py:830} INFO - Processing file /opt/airflow/dags/price_etl_dag.py for tasks to queue
[2026-08-25T13:31:21.782+0000] {logging_mixin.py:188} INFO - [2026-08-25T13:31:21.782+0000] {dagbag.py:545} INFO - Filling up the DagBag from /opt/airflow/dags/price_etl_dag.py
[2026-08-25T13:31:21.794+0000] {processor.py:840} INFO - DAG(s) 'price_etl_pipeline' retrieved from /opt/airflow/dags/price_etl_dag.py
[2026-08-25T13:31:21.809+0000] {logging_mixin.py:188} INFO - [2026-08-25T13:31:21.809+0000] {dag.py:3089} INFO - Sync 1 DAGs
[2026-08-25T13:31:21.820+0000] {logging_mixin.py:188} INFO - [2026-08-25T13:31:21.820+0000] {dag.py:3947} INFO - Setting next_dagrun for price_etl_pipeline to 2026-08-25 12:00:00+00:00, run_after=2026-08-26 12:00:00+00:00
[2026-08-25T13:31:21.833+0000] {processor.py:183} INFO - Processing /opt/airflow/dags/price_etl_dag.py took 0.055 seconds
[2026-08-25T13:31:51.909+0000] {processor.py:161} INFO - Started process (PID=2352) to work on /opt/airflow/dags/price_etl_dag.py
[2026-08-25T13:31:51.909+0000] {processor.py:830} INFO - Processing file /opt/airflow/dags/price_etl_dag.py for tasks to queue
[2026-08-25T13:31:51.910+0000] {logging_mixin.py:188} INFO - [2026-08-25T13:31:51.910+0000] {dagbag.py:545} INFO - Filling up the DagBag from /opt/airflow/dags/price_etl_dag.py
[2026-08-25T13:31:51.923+0000] {processor.py:840} INFO - DAG(s) 'price_etl_pipeline' retrieved from /opt/airflow/dags/price_etl_dag.py
[2026-08-25T13:31:51.939+0000] {logging_mixin.py:188} INFO - [2026-08-25T13:31:51.939+0000] {dag.py:3089} INFO - Sync 1 DAGs
[2026-08-25T13:31:51.950+0000] {logging_mixin.py:188} INFO - [2026-08-25T13:31:51.950+0000] {dag.py:3947} INFO - Setting next_dagrun for price_etl_pipeline to 2026-08-25 12:00:00+00:00, run_after=2026-08-26 12:00:00+00:00
[2026-08-25T13:31:51.961+0000] {processor.py:183} INFO - Processing /opt/airflow/dags/price_etl_dag.py took 0.054 seconds
[2026-08-25T13:32:22.046+0000] {processor.py:161} INFO - Started process (PID=2357) to work on /opt/airflow/dags/price_etl_dag.py
[2026-08-25T13:32:22.046+0000] {processor.py:830} INFO - Processing file /opt/airflow/dags/price_etl_dag.py for tasks to queue
[2026-08-25T13:32:22.048+0000] {logging_mixin.py:188} INFO - [2026-08-25T13:32:22.047+0000] {dagbag.py:545} INFO - Filling up the DagBag from /opt/airflow/dags/price_etl_dag.py
[2026-08-25T13:32:22.060+0000] {processor.py:840} INFO - DAG(s) 'price_etl_pipeline' retrieved from /opt/airflow/dags/price_etl_dag.py
[2026-08-25T13:32:22.076+0000] {logging_mixin.py:188} INFO - [2026-08-25T13:32:22.076+0000] {dag.py:3089} INFO - Sync 1 DAGs
[2026-08-25T13:32:22.086+0000] {logging_mixin.py:188} INFO - [2026-08-25T13:32:22.086+0000] {dag.py:3947} INFO - Setting next_dagrun for price_etl_pipeline to 2026-08-25 12:00:00+00:00, run_after=2026-08-26 12:00:00+00:00
[2026-08-25T13:32:22.099+0000] {processor.py:183} INFO - Processing /opt/airflow/dags/price_etl_dag.py took 0.055 seconds
[2026-08-25T13:32:52.168+0000] {processor.py:161} INFO - Started process (PID=2362) to work on /opt/airflow/dags/price_etl_dag.py
[2026-08-25T13:32:52.168+0000] {processor.py:830} INFO - Processing file /opt/airflow/dags/price_etl_dag.py for tasks to queue
[2026-08-25T13:32:52.170+0000] {logging_mixin.py:188} INFO - [2026-08-25T13:32:52.169+0000] {dagbag.py:545} INFO - Filling up the DagBag from /opt/airflow/dags/price_etl_dag.py
[2026-08-25T13:32:52.182+0000] {processor.py:840} INFO - DAG(s) 'price_etl_pipeline' retrieved from /opt/airflow/dags/price_etl_dag.py
[2026-08-25T13:32:52.198+0000] {logging_mixin.py:188} INFO - [2026-08-25T13:32:52.197+0000] {dag.py:3089} INFO - Sync 1 DAGs
[2026-08-25T13:32:52.208+0000] {logging_mixin.py:188} INFO - [2026-08-25T13:32:52.208+0000] {dag.py:3947} INFO - Setting next_dagrun for price_etl_pipeline to 2026-08-25 12:00:00+00:00, run_after=2026-08-26 12:00:00+00:00
[2026-08-25T13:32:52.221+0000] {processor.py:183} INFO - Processing /opt/airflow/dags/price_etl_dag.py took 0.056 seconds
[2026-08-25T13:33:22.312+0000] {processor.py:161} INFO - Started process (PID=2367) to work on /opt/airflow/dags/price_etl_dag.py
[2026-08-25T13:33:22.312+0000] {processor.py:830} INFO - Processing file /opt/airflow/dags/price_etl_dag.py for tasks to queue
[2026-08-25T13:33:22.313+0000] {logging_mixin.py:188} INFO - [2026-08-25T13:33:22.313+0000] {dagbag.py:545} INFO - Filling up the DagBag from /opt/airflow/dags/price_etl_dag.py
[2026-08-25T13:33:22.326+0000] {processor.py:840} INFO - DAG(s) 'price_etl_pipeline' retrieved from /opt/airflow/dags/price_etl_dag.py
[2026-08-25T13:33:22.341+0000] {logging_mixin.py:188} INFO - [2026-08-25T13:33:22.341+0000] {dag.py:3089} INFO - Sync 1 DAGs
[2026-08-25T13:33:22.351+0000] {logging_mixin.py:188} INFO - [2026-08-25T13:33:22.351+0000] {dag.py:3947} INFO - Setting next_dagrun for price_etl_pipeline to 2026-08-25 12:00:00+00:00, run_after=2026-08-26 12:00:00+00:00
[2026-08-25T13:33:22.362+0000] {processor.py:183} INFO - Processing /opt/airflow/dags/price_etl_dag.py took 0.053 seconds
[2026-08-25T13:33:52.440+0000] {processor.py:161} INFO - Started process (PID=2372) to work on /opt/airflow/dags/price_etl_dag.py
[2026-08-25T13:33:52.440+0000] {processor.py:830} INFO - Processing file /opt/airflow/dags/price_etl_dag.py for tasks to queue
[2026-08-25T13:33:52.441+0000] {logging_mixin.py:188} INFO - [2026-08-25T13:33:52.441+0000] {dagbag.py:545} INFO - Filling up the DagBag from /opt/airflow/dags/price_etl_dag.py
[2026-08-25T13:33:52.454+0000] {processor.py:840} INFO - DAG(s) 'price_etl_pipeline' retrieved from /opt/airflow/dags/price_etl_dag.py
[2026-08-25T13:33:52.469+0000] {logging_mixin.py:188} INFO - [2026-08-25T13:33:52.469+0000] {dag.py:3089} INFO - Sync 1 DAGs
[2026-08-25T13:33:52.480+0000] {logging_mixin.py:188} INFO - [2026-08-25T13:33:52.479+0000] {dag.py:3947} INFO - Setting next_dagrun for price_etl_pipeline to 2026-08-25 12:00:00+00:00, run_after=2026-08-26 12:00:00+00:00
[2026-08-25T13:33:52.492+0000] {processor.py:183} INFO - Processing /opt/airflow/dags/price_etl_dag.py took 0.055 seconds
[2026-08-25T13:34:22.579+0000] {processor.py:161} INFO - Started process (PID=2399) to work on /opt/airflow/dags/price_etl_dag.py
[2026-08-25T13:34:22.579+0000] {processor.py:830} INFO - Processing file /opt/airflow/dags/price_etl_dag.py for tasks to queue
[2026-08-25T13:34:22.580+0000] {logging_mixin.py:188} INFO - [2026-08-25T13:34:22.580+0000] {dagbag.py:545} INFO - Filling up the DagBag from /opt/airflow/dags/price_etl_dag.py
[2026-08-25T13:34:22.594+0000] {processor.py:840} INFO - DAG(s) 'price_etl_pipeline' retrieved from /opt/airflow/dags/price_etl_dag.py
[2026-08-25T13:34:22.618+0000] {logging_mixin.py:188} INFO - [2026-08-25T13:34:22.617+0000] {dag.py:3089} INFO - Sync 1 DAGs
[2026-08-25T13:34:22.631+0000] {logging_mixin.py:188} INFO - [2026-08-25T13:34:22.631+0000] {dag.py:3947} INFO - Setting next_dagrun for price_etl_pipeline to 2026-08-25 12:00:00+00:00, run_after=2026-08-26 12:00:00+00:00
[2026-08-25T13:34:22.643+0000] {processor.py:183} INFO - Processing /opt/airflow/dags/price_etl_dag.py took 0.067 seconds
[2026-08-25T13:34:52.705+0000] {processor.py:161} INFO - Started process (PID=2520) to work on /opt/airflow/dags/price_etl_dag.py
[2026-08-25T13:34:52.706+0000] {processor.py:830} INFO - Processing file /opt/airflow/dags/price_etl_dag.py for tasks to queue
[2026-08-25T13:34:52.707+0000] {logging_mixin.py:188} INFO - [2026-08-25T13:34:52.707+0000] {dagbag.py:545} INFO - Filling up the DagBag from /opt/airflow/dags/price_etl_dag.py
[2026-08-25T13:34:52.720+0000] {processor.py:840} INFO - DAG(s) 'price_etl_pipeline' retrieved from /opt/airflow/dags/price_etl_dag.py
[2026-08-25T13:34:52.736+0000] {logging_mixin.py:188} INFO - [2026-08-25T13:34:52.736+0000] {dag.py:3089} INFO - Sync 1 DAGs
[2026-08-25T13:34:52.747+0000] {logging_mixin.py:188} INFO - [2026-08-25T13:34:52.747+0000] {dag.py:3947} INFO - Setting next_dagrun for price_etl_pipeline to 2026-08-25 12:00:00+00:00, run_after=2026-08-26 12:00:00+00:00
[2026-08-25T13:34:52.757+0000] {processor.py:183} INFO - Processing /opt/airflow/dags/price_etl_dag.py took 0.055 seconds
[2026-08-25T13:35:22.882+0000] {processor.py:161} INFO - Started process (PID=2525) to work on /opt/airflow/dags/price_etl_dag.py
[2026-08-25T13:35:22.883+0000] {processor.py:830} INFO - Processing file /opt/airflow/dags/price_etl_dag.py for tasks to queue
[2026-08-25T13:35:22.883+0000] {logging_mixin.py:188} INFO - [2026-08-25T13:35:22.883+0000] {dagbag.py:545} INFO - Filling up the DagBag from /opt/airflow/dags/price_etl_dag.py
[2026-08-25T13:35:22.895+0000] {processor.py:840} INFO - DAG(s) 'price_etl_pipeline' retrieved from /opt/airflow/dags/price_etl_dag.py
[2026-08-25T13:35:22.909+0000] {logging_mixin.py:188} INFO - [2026-08-25T13:35:22.909+0000] {dag.py:3089} INFO - Sync 1 DAGs
[2026-08-25T13:35:22.918+0000] {logging_mixin.py:188} INFO - [2026-08-25T13:35:22.918+0000] {dag.py:3947} INFO - Setting next_dagrun for price_etl_pipeline to 2026-08-25 12:00:00+00:00, run_after=2026-08-26 12:00:00+00:00
[2026-08-25T13:35:22.929+0000] {processor.py:183} INFO - Processing /opt/airflow/dags/price_etl_dag.py took 0.049 seconds
[2026-08-25T13:35:53.012+0000] {processor.py:161} INFO - Started process (PID=2530) to work on /opt/airflow/dags/price_etl_dag.py
[2026-08-25T13:35:53.012+0000] {processor.py:830} INFO - Processing file /opt/airflow/dags/price_etl_dag.py for tasks to queue
[2026-08-25T13:35:53.013+0000] {logging_mixin.py:188} INFO - [2026-08-25T13:35:53.013+0000] {dagbag.py:545} INFO - Filling up the DagBag from /opt/airflow/dags/price_etl_dag.py
[2026-08-25T13:35:53.026+0000] {processor.py:840} INFO - DAG(s) 'price_etl_pipeline' retrieved from /opt/airflow/dags/price_etl_dag.py
[2026-08-25T13:35:53.041+0000] {logging_mixin.py:188} INFO - [2026-08-25T13:35:53.041+0000] {dag.py:3089} INFO - Sync 1 DAGs
[2026-08-25T13:35:53.051+0000] {logging_mixin.py:188} INFO - [2026-08-25T13:35:53.051+0000] {dag.py:3947} INFO - Setting next_dagrun for price_etl_pipeline to 2026-08-25 12:00:00+00:00, run_after=2026-08-26 12:00:00+00:00
[2026-08-25T13:35:53.065+0000] {processor.py:183} INFO - Processing /opt/airflow/dags/price_etl_dag.py took 0.055 seconds
[2026-08-25T13:36:23.144+0000] {processor.py:161} INFO - Started process (PID=2595) to work on /opt/airflow/dags/price_etl_dag.py
[2026-08-25T13:36:23.145+0000] {processor.py:830} INFO - Processing file /opt/airflow/dags/price_etl_dag.py for tasks to queue
[2026-08-25T13:36:23.146+0000] {logging_mixin.py:188} INFO - [2026-08-25T13:36:23.146+0000] {dagbag.py:545} INFO - Filling up the DagBag from /opt/airflow/dags/price_etl_dag.py
[2026-08-25T13:36:23.161+0000] {processor.py:840} INFO - DAG(s) 'price_etl_pipeline' retrieved from /opt/airflow/dags/price_etl_dag.py
[2026-08-25T13:36:23.182+0000] {logging_mixin.py:188} INFO - [2026-08-25T13:36:23.181+0000] {dag.py:3089} INFO - Sync 1 DAGs
[2026-08-25T13:36:23.194+0000] {logging_mixin.py:188} INFO - [2026-08-25T13:36:23.194+0000] {dag.py:3947} INFO - Setting next_dagrun for price_etl_pipeline to 2026-08-25 12:00:00+00:00, run_after=2026-08-26 12:00:00+00:00
[2026-08-25T13:36:23.207+0000] {processor.py:183} INFO - Processing /opt/airflow/dags/price_etl_dag.py took 0.065 seconds
[2026-08-25T13:36:56.621+0000] {processor.py:161} INFO - Started process (PID=198) to work on /opt/airflow/dags/price_etl_dag.py
[2026-08-25T13:36:56.621+0000] {processor.py:830} INFO - Processing file /opt/airflow/dags/price_etl_dag.py for tasks to queue
[2026-08-25T13:36:56.622+0000] {logging_mixin.py:188} INFO - [2026-08-25T13:36:56.622+0000] {dagbag.py:545} INFO - Filling up the DagBag from /opt/airflow/dags/price_etl_dag.py
[2026-08-25T13:36:56.637+0000] {processor.py:840} INFO - DAG(s) 'price_etl_pipeline' retrieved from /opt/airflow/dags/price_etl_dag.py
[2026-08-25T13:36:56.651+0000] {logging_mixin.py:188} INFO - [2026-08-25T13:36:56.651+0000] {dag.py:3089} INFO - Sync 1 DAGs
[2026-08-25T13:36:56.661+0000] {logging_mixin.py:188} INFO - [2026-08-25T13:36:56.661+0000] {dag.py:3947} INFO - Setting next_dagrun for price_etl_pipeline to 2026-08-25 12:00:00+00:00, run_after=2026-08-26 12:00:00+00:00
[2026-08-25T13:36:56.673+0000] {processor.py:183} INFO - Processing /opt/airflow/dags/price_etl_dag.py took 0.054 seconds
[2026-08-25T13:37:26.755+0000] {processor.py:161} INFO - Started process (PID=272) to work on /opt/airflow/dags/price_etl_dag.py
[2026-08-25T13:37:26.755+0000] {processor.py:830} INFO - Processing file /opt/airflow/dags/price_etl_dag.py for tasks to queue
[2026-08-25T13:37:26.756+0000] {logging_mixin.py:188} INFO - [2026-08-25T13:37:26.756+0000] {dagbag.py:545} INFO - Filling up the DagBag from /opt/airflow/dags/price_etl_dag.py
[2026-08-25T13:37:26.769+0000] {processor.py:840} INFO - DAG(s) 'price_etl_pipeline' retrieved from /opt/airflow/dags/price_etl_dag.py
[2026-08-25T13:37:26.977+0000] {logging_mixin.py:188} INFO - [2026-08-25T13:37:26.977+0000] {dag.py:3089} INFO - Sync 1 DAGs
[2026-08-25T13:37:26.987+0000] {logging_mixin.py:188} INFO - [2026-08-25T13:37:26.987+0000] {dag.py:3947} INFO - Setting next_dagrun for price_etl_pipeline to 2026-08-25 12:00:00+00:00, run_after=2026-08-26 12:00:00+00:00
[2026-08-25T13:37:27.000+0000] {processor.py:183} INFO - Processing /opt/airflow/dags/price_etl_dag.py took 0.248 seconds
[2026-08-25T13:37:57.115+0000] {processor.py:161} INFO - Started process (PID=277) to work on /opt/airflow/dags/price_etl_dag.py
[2026-08-25T13:37:57.116+0000] {processor.py:830} INFO - Processing file /opt/airflow/dags/price_etl_dag.py for tasks to queue
[2026-08-25T13:37:57.118+0000] {logging_mixin.py:188} INFO - [2026-08-25T13:37:57.117+0000] {dagbag.py:545} INFO - Filling up the DagBag from /opt/airflow/dags/price_etl_dag.py
[2026-08-25T13:37:57.134+0000] {processor.py:840} INFO - DAG(s) 'price_etl_pipeline' retrieved from /opt/airflow/dags/price_etl_dag.py
[2026-08-25T13:37:57.155+0000] {logging_mixin.py:188} INFO - [2026-08-25T13:37:57.155+0000] {dag.py:3089} INFO - Sync 1 DAGs
[2026-08-25T13:37:57.168+0000] {logging_mixin.py:188} INFO - [2026-08-25T13:37:57.168+0000] {dag.py:3947} INFO - Setting next_dagrun for price_etl_pipeline to 2026-08-25 12:00:00+00:00, run_after=2026-08-26 12:00:00+00:00
[2026-08-25T13:37:57.182+0000] {processor.py:183} INFO - Processing /opt/airflow/dags/price_etl_dag.py took 0.069 seconds
[2026-08-25T13:38:27.238+0000] {processor.py:161} INFO - Started process (PID=282) to work on /opt/airflow/dags/price_etl_dag.py
[2026-08-25T13:38:27.238+0000] {processor.py:830} INFO - Processing file /opt/airflow/dags/price_etl_dag.py for tasks to queue
[2026-08-25T13:38:27.239+0000] {logging_mixin.py:188} INFO - [2026-08-25T13:38:27.239+0000] {dagbag.py:545} INFO - Filling up the DagBag from /opt/airflow/dags/price_etl_dag.py
[2026-08-25T13:38:27.253+0000] {processor.py:840} INFO - DAG(s) 'price_etl_pipeline' retrieved from /opt/airflow/dags/price_etl_dag.py
[2026-08-25T13:38:27.269+0000] {logging_mixin.py:188} INFO - [2026-08-25T13:38:27.268+0000] {dag.py:3089} INFO - Sync 1 DAGs
[2026-08-25T13:38:27.278+0000] {logging_mixin.py:188} INFO - [2026-08-25T13:38:27.278+0000] {dag.py:3947} INFO - Setting next_dagrun for price_etl_pipeline to 2026-08-25 12:00:00+00:00, run_after=2026-08-26 12:00:00+00:00
[2026-08-25T13:38:27.292+0000] {processor.py:183} INFO - Processing /opt/airflow/dags/price_etl_dag.py took 0.056 seconds
[2026-08-25T13:38:56.188+0000] {processor.py:161} INFO - Started process (PID=198) to work on /opt/airflow/dags/price_etl_dag.py
[2026-08-25T13:38:56.188+0000] {processor.py:830} INFO - Processing file /opt/airflow/dags/price_etl_dag.py for tasks to queue
[2026-08-25T13:38:56.189+0000] {logging_mixin.py:188} INFO - [2026-08-25T13:38:56.189+0000] {dagbag.py:545} INFO - Filling up the DagBag from /opt/airflow/dags/price_etl_dag.py
[2026-08-25T13:38:56.204+0000] {processor.py:840} INFO - DAG(s) 'price_etl_pipeline' retrieved from /opt/airflow/dags/price_etl_dag.py
[2026-08-25T13:38:56.216+0000] {logging_mixin.py:188} INFO - [2026-08-25T13:38:56.216+0000] {dag.py:3089} INFO - Sync 1 DAGs
[2026-08-25T13:38:56.224+0000] {logging_mixin.py:188} INFO - [2026-08-25T13:38:56.224+0000] {dag.py:3947} INFO - Setting next_dagrun for price_etl_pipeline to 2026-08-25 12:00:00+00:00, run_after=2026-08-26 12:00:00+00:00
[2026-08-25T13:38:56.235+0000] {processor.py:183} INFO - Processing /opt/airflow/dags/price_etl_dag.py took 0.049 seconds
[2026-08-25T13:39:26.320+0000] {processor.py:161} INFO - Started process (PID=237) to work on /opt/airflow/dags/price_etl_dag.py
[2026-08-25T13:39:26.320+0000] {processor.py:830} INFO - Processing file /opt/airflow/dags/price_etl_dag.py for tasks to queue
[2026-08-25T13:39:26.321+0000] {logging_mixin.py:188} INFO - [2026-08-25T13:39:26.321+0000] {dagbag.py:545} INFO - Filling up the DagBag from /opt/airflow/dags/price_etl_dag.py
[2026-08-25T13:39:26.333+0000] {processor.py:840} INFO - DAG(s) 'price_etl_pipeline' retrieved from /opt/airflow/dags/price_etl_dag.py
[2026-08-25T13:39:26.521+0000] {logging_mixin.py:188} INFO - [2026-08-25T13:39:26.520+0000] {dag.py:3089} INFO - Sync 1 DAGs
[2026-08-25T13:39:26.530+0000] {logging_mixin.py:188} INFO - [2026-08-25T13:39:26.529+0000] {dag.py:3947} INFO - Setting next_dagrun for price_etl_pipeline to 2026-08-25 12:00:00+00:00, run_after=2026-08-26 12:00:00+00:00
[2026-08-25T13:39:26.541+0000] {processor.py:183} INFO - Processing /opt/airflow/dags/price_etl_dag.py took 0.223 seconds
[2026-08-25T13:39:56.663+0000] {processor.py:161} INFO - Started process (PID=242) to work on /opt/airflow/dags/price_etl_dag.py
[2026-08-25T13:39:56.663+0000] {processor.py:830} INFO - Processing file /opt/airflow/dags/price_etl_dag.py for tasks to queue
[2026-08-25T13:39:56.664+0000] {logging_mixin.py:188} INFO - [2026-08-25T13:39:56.664+0000] {dagbag.py:545} INFO - Filling up the DagBag from /opt/airflow/dags/price_etl_dag.py
[2026-08-25T13:39:56.679+0000] {processor.py:840} INFO - DAG(s) 'price_etl_pipeline' retrieved from /opt/airflow/dags/price_etl_dag.py
[2026-08-25T13:39:56.695+0000] {logging_mixin.py:188} INFO - [2026-08-25T13:39:56.695+0000] {dag.py:3089} INFO - Sync 1 DAGs
[2026-08-25T13:39:56.705+0000] {logging_mixin.py:188} INFO - [2026-08-25T13:39:56.705+0000] {dag.py:3947} INFO - Setting next_dagrun for price_etl_pipeline to 2026-08-25 12:00:00+00:00, run_after=2026-08-26 12:00:00+00:00
[2026-08-25T13:39:56.717+0000] {processor.py:183} INFO - Processing /opt/airflow/dags/price_etl_dag.py took 0.057 seconds
[2026-08-25T13:40:26.778+0000] {processor.py:161} INFO - Started process (PID=247) to work on /opt/airflow/dags/price_etl_dag.py
[2026-08-25T13:40:26.779+0000] {processor.py:830} INFO - Processing file /opt/airflow/dags/price_etl_dag.py for tasks to queue
[2026-08-25T13:40:26.780+0000] {logging_mixin.py:188} INFO - [2026-08-25T13:40:26.780+0000] {dagbag.py:545} INFO - Filling up the DagBag from /opt/airflow/dags/price_etl_dag.py
[2026-08-25T13:40:26.796+0000] {processor.py:840} INFO - DAG(s) 'price_etl_pipeline' retrieved from /opt/airflow/dags/price_etl_dag.py
[2026-08-25T13:40:26.816+0000] {logging_mixin.py:188} INFO - [2026-08-25T13:40:26.816+0000] {dag.py:3089} INFO - Sync 1 DAGs
[2026-08-25T13:40:26.829+0000] {logging_mixin.py:188} INFO - [2026-08-25T13:40:26.829+0000] {dag.py:3947} INFO - Setting next_dagrun for price_etl_pipeline to 2026-08-25 12:00:00+00:00, run_after=2026-08-26 12:00:00+00:00
[2026-08-25T13:40:26.842+0000] {processor.py:183} INFO - Processing /opt/airflow/dags/price_etl_dag.py took 0.069 seconds
[2026-08-25T13:40:56.920+0000] {processor.py:161} INFO - Started process (PID=252) to work on /opt/airflow/dags/price_etl_dag.py
[2026-08-25T13:40:56.920+0000] {processor.py:830} INFO - Processing file /opt/airflow/dags/price_etl_dag.py for tasks to queue
[2026-08-25T13:40:56.921+0000] {logging_mixin.py:188} INFO - [2026-08-25T13:40:56.921+0000] {dagbag.py:545} INFO - Filling up the DagBag from /opt/airflow/dags/price_etl_dag.py
[2026-08-25T13:40:56.935+0000] {processor.py:840} INFO - DAG(s) 'price_etl_pipeline' retrieved from /opt/airflow/dags/price_etl_dag.py
[2026-08-25T13:40:56.952+0000] {logging_mixin.py:188} INFO - [2026-08-25T13:40:56.951+0000] {dag.py:3089} INFO - Sync 1 DAGs
[2026-08-25T13:40:56.962+0000] {logging_mixin.py:188} INFO - [2026-08-25T13:40:56.962+0000] {dag.py:3947} INFO - Setting next_dagrun for price_etl_pipeline to 2026-08-25 12:00:00+00:00, run_after=2026-08-26 12:00:00+00:00
[2026-08-25T13:40:56.974+0000] {processor.py:183} INFO - Processing /opt/airflow/dags/price_etl_dag.py took 0.057 seconds
[2026-08-25T13:41:27.045+0000] {processor.py:161} INFO - Started process (PID=257) to work on /opt/airflow/dags/price_etl_dag.py
[2026-08-25T13:41:27.045+0000] {processor.py:830} INFO - Processing file /opt/airflow/dags/price_etl_dag.py for tasks to queue
[2026-08-25T13:41:27.046+0000] {logging_mixin.py:188} INFO - [2026-08-25T13:41:27.046+0000] {dagbag.py:545} INFO - Filling up the DagBag from /opt/airflow/dags/price_etl_dag.py
[2026-08-25T13:41:27.058+0000] {processor.py:840} INFO - DAG(s) 'price_etl_pipeline' retrieved from /opt/airflow/dags/price_etl_dag.py
[2026-08-25T13:41:27.078+0000] {logging_mixin.py:188} INFO - [2026-08-25T13:41:27.078+0000] {dag.py:3089} INFO - Sync 1 DAGs
[2026-08-25T13:41:27.092+0000] {logging_mixin.py:188} INFO - [2026-08-25T13:41:27.092+0000] {dag.py:3947} INFO - Setting next_dagrun for price_etl_pipeline to 2026-08-25 12:00:00+00:00, run_after=2026-08-26 12:00:00+00:00
[2026-08-25T13:41:27.106+0000] {processor.py:183} INFO - Processing /opt/airflow/dags/price_etl_dag.py took 0.064 seconds
[2026-08-25T13:41:57.178+0000] {processor.py:161} INFO - Started process (PID=262) to work on /opt/airflow/dags/price_etl_dag.py
[2026-08-25T13:41:57.179+0000] {processor.py:830} INFO - Processing file /opt/airflow/dags/price_etl_dag.py for tasks to queue
[2026-08-25T13:41:57.180+0000] {logging_mixin.py:188} INFO - [2026-08-25T13:41:57.179+0000] {dagbag.py:545} INFO - Filling up the DagBag from /opt/airflow/dags/price_etl_dag.py
[2026-08-25T13:41:57.195+0000] {processor.py:840} INFO - DAG(s) 'price_etl_pipeline' retrieved from /opt/airflow/dags/price_etl_dag.py
[2026-08-25T13:41:57.215+0000] {logging_mixin.py:188} INFO - [2026-08-25T13:41:57.215+0000] {dag.py:3089} INFO - Sync 1 DAGs
[2026-08-25T13:41:57.229+0000] {logging_mixin.py:188} INFO - [2026-08-25T13:41:57.229+0000] {dag.py:3947} INFO - Setting next_dagrun for price_etl_pipeline to 2026-08-25 12:00:00+00:00, run_after=2026-08-26 12:00:00+00:00
[2026-08-25T13:41:57.323+0000] {processor.py:183} INFO - Processing /opt/airflow/dags/price_etl_dag.py took 0.147 seconds
[2026-08-25T13:42:27.427+0000] {processor.py:161} INFO - Started process (PID=267) to work on /opt/airflow/dags/price_etl_dag.py
[2026-08-25T13:42:27.428+0000] {processor.py:830} INFO - Processing file /opt/airflow/dags/price_etl_dag.py for tasks to queue
[2026-08-25T13:42:27.429+0000] {logging_mixin.py:188} INFO - [2026-08-25T13:42:27.429+0000] {dagbag.py:545} INFO - Filling up the DagBag from /opt/airflow/dags/price_etl_dag.py
[2026-08-25T13:42:27.444+0000] {processor.py:840} INFO - DAG(s) 'price_etl_pipeline' retrieved from /opt/airflow/dags/price_etl_dag.py
[2026-08-25T13:42:27.465+0000] {logging_mixin.py:188} INFO - [2026-08-25T13:42:27.465+0000] {dag.py:3089} INFO - Sync 1 DAGs
[2026-08-25T13:42:27.552+0000] {logging_mixin.py:188} INFO - [2026-08-25T13:42:27.552+0000] {dag.py:3947} INFO - Setting next_dagrun for price_etl_pipeline to 2026-08-25 12:00:00+00:00, run_after=2026-08-26 12:00:00+00:00
[2026-08-25T13:42:27.564+0000] {processor.py:183} INFO - Processing /opt/airflow/dags/price_etl_dag.py took 0.139 seconds
[2026-08-25T13:42:57.675+0000] {processor.py:161} INFO - Started process (PID=272) to work on /opt/airflow/dags/price_etl_dag.py
[2026-08-25T13:42:57.676+0000] {processor.py:830} INFO - Processing file /opt/airflow/dags/price_etl_dag.py for tasks to queue
[2026-08-25T13:42:57.677+0000] {logging_mixin.py:188} INFO - [2026-08-25T13:42:57.677+0000] {dagbag.py:545} INFO - Filling up the DagBag from /opt/airflow/dags/price_etl_dag.py
[2026-08-25T13:42:57.696+0000] {processor.py:840} INFO - DAG(s) 'price_etl_pipeline' retrieved from /opt/airflow/dags/price_etl_dag.py
[2026-08-25T13:42:57.804+0000] {logging_mixin.py:188} INFO - [2026-08-25T13:42:57.804+0000] {dag.py:3089} INFO - Sync 1 DAGs
[2026-08-25T13:42:57.815+0000] {logging_mixin.py:188} INFO - [2026-08-25T13:42:57.815+0000] {dag.py:3947} INFO - Setting next_dagrun for price_etl_pipeline to 2026-08-25 12:00:00+00:00, run_after=2026-08-26 12:00:00+00:00
[2026-08-25T13:42:57.828+0000] {processor.py:183} INFO - Processing /opt/airflow/dags/price_etl_dag.py took 0.157 seconds
[2026-08-25T13:43:27.935+0000] {processor.py:161} INFO - Started process (PID=277) to work on /opt/airflow/dags/price_etl_dag.py
[2026-08-25T13:43:27.936+0000] {processor.py:830} INFO - Processing file /opt/airflow/dags/price_etl_dag.py for tasks to queue
[2026-08-25T13:43:27.937+0000] {logging_mixin.py:188} INFO - [2026-08-25T13:43:27.937+0000] {dagbag.py:545} INFO - Filling up the DagBag from /opt/airflow/dags/price_etl_dag.py
[2026-08-25T13:43:27.952+0000] {processor.py:840} INFO - DAG(s) 'price_etl_pipeline' retrieved from /opt/airflow/dags/price_etl_dag.py
[2026-08-25T13:43:28.056+0000] {logging_mixin.py:188} INFO - [2026-08-25T13:43:28.056+0000] {dag.py:3089} INFO - Sync 1 DAGs
[2026-08-25T13:43:28.066+0000] {logging_mixin.py:188} INFO - [2026-08-25T13:43:28.065+0000] {dag.py:3947} INFO - Setting next_dagrun for price_etl_pipeline to 2026-08-25 12:00:00+00:00, run_after=2026-08-26 12:00:00+00:00
[2026-08-25T13:43:28.077+0000] {processor.py:183} INFO - Processing /opt/airflow/dags/price_etl_dag.py took 0.147 seconds
[2026-08-25T13:43:58.132+0000] {processor.py:161} INFO - Started process (PID=282) to work on /opt/airflow/dags/price_etl_dag.py
[2026-08-25T13:43:58.132+0000] {processor.py:830} INFO - Processing file /opt/airflow/dags/price_etl_dag.py for tasks to queue
[2026-08-25T13:43:58.134+0000] {logging_mixin.py:188} INFO - [2026-08-25T13:43:58.134+0000] {dagbag.py:545} INFO - Filling up the DagBag from /opt/airflow/dags/price_etl_dag.py
[2026-08-25T13:43:58.150+0000] {processor.py:840} INFO - DAG(s) 'price_etl_pipeline' retrieved from /opt/airflow/dags/price_etl_dag.py
[2026-08-25T13:43:58.174+0000] {logging_mixin.py:188} INFO - [2026-08-25T13:43:58.174+0000] {dag.py:3089} INFO - Sync 1 DAGs
[2026-08-25T13:43:58.190+0000] {logging_mixin.py:188} INFO - [2026-08-25T13:43:58.190+0000] {dag.py:3947} INFO - Setting next_dagrun for price_etl_pipeline to 2026-08-25 12:00:00+00:00, run_after=2026-08-26 12:00:00+00:00
[2026-08-25T13:43:58.205+0000] {processor.py:183} INFO - Processing /opt/airflow/dags/price_etl_dag.py took 0.078 seconds
[2026-08-25T13:44:28.321+0000] {processor.py:161} INFO - Started process (PID=287) to work on /opt/airflow/dags/price_etl_dag.py
[2026-08-25T13:44:28.322+0000] {processor.py:830} INFO - Processing file /opt/airflow/dags/price_etl_dag.py for tasks to queue
[2026-08-25T13:44:28.323+0000] {logging_mixin.py:188} INFO - [2026-08-25T13:44:28.323+0000] {dagbag.py:545} INFO - Filling up the DagBag from /opt/airflow/dags/price_etl_dag.py
[2026-08-25T13:44:28.339+0000] {processor.py:840} INFO - DAG(s) 'price_etl_pipeline' retrieved from /opt/airflow/dags/price_etl_dag.py
[2026-08-25T13:44:28.359+0000] {logging_mixin.py:188} INFO - [2026-08-25T13:44:28.359+0000] {dag.py:3089} INFO - Sync 1 DAGs
[2026-08-25T13:44:28.372+0000] {logging_mixin.py:188} INFO - [2026-08-25T13:44:28.372+0000] {dag.py:3947} INFO - Setting next_dagrun for price_etl_pipeline to 2026-08-25 12:00:00+00:00, run_after=2026-08-26 12:00:00+00:00
[2026-08-25T13:44:28.386+0000] {processor.py:183} INFO - Processing /opt/airflow/dags/price_etl_dag.py took 0.069 seconds
[2026-08-25T13:44:58.451+0000] {processor.py:161} INFO - Started process (PID=292) to work on /opt/airflow/dags/price_etl_dag.py
[2026-08-25T13:44:58.451+0000] {processor.py:830} INFO - Processing file /opt/airflow/dags/price_etl_dag.py for tasks to queue
[2026-08-25T13:44:58.453+0000] {logging_mixin.py:188} INFO - [2026-08-25T13:44:58.453+0000] {dagbag.py:545} INFO - Filling up the DagBag from /opt/airflow/dags/price_etl_dag.py
[2026-08-25T13:44:58.470+0000] {processor.py:840} INFO - DAG(s) 'price_etl_pipeline' retrieved from /opt/airflow/dags/price_etl_dag.py
[2026-08-25T13:44:58.492+0000] {logging_mixin.py:188} INFO - [2026-08-25T13:44:58.492+0000] {dag.py:3089} INFO - Sync 1 DAGs
[2026-08-25T13:44:58.506+0000] {logging_mixin.py:188} INFO - [2026-08-25T13:44:58.506+0000] {dag.py:3947} INFO - Setting next_dagrun for price_etl_pipeline to 2026-08-25 12:00:00+00:00, run_after=2026-08-26 12:00:00+00:00
[2026-08-25T13:44:58.521+0000] {processor.py:183} INFO - Processing /opt/airflow/dags/price_etl_dag.py took 0.075 seconds
[2026-08-25T13:45:28.601+0000] {processor.py:161} INFO - Started process (PID=297) to work on /opt/airflow/dags/price_etl_dag.py
[2026-08-25T13:45:28.601+0000] {processor.py:830} INFO - Processing file /opt/airflow/dags/price_etl_dag.py for tasks to queue
[2026-08-25T13:45:28.603+0000] {logging_mixin.py:188} INFO - [2026-08-25T13:45:28.602+0000] {dagbag.py:545} INFO - Filling up the DagBag from /opt/airflow/dags/price_etl_dag.py
[2026-08-25T13:45:28.618+0000] {processor.py:840} INFO - DAG(s) 'price_etl_pipeline' retrieved from /opt/airflow/dags/price_etl_dag.py
[2026-08-25T13:45:28.639+0000] {logging_mixin.py:188} INFO - [2026-08-25T13:45:28.639+0000] {dag.py:3089} INFO - Sync 1 DAGs
[2026-08-25T13:45:28.652+0000] {logging_mixin.py:188} INFO - [2026-08-25T13:45:28.652+0000] {dag.py:3947} INFO - Setting next_dagrun for price_etl_pipeline to 2026-08-25 12:00:00+00:00, run_after=2026-08-26 12:00:00+00:00
[2026-08-25T13:45:28.667+0000] {processor.py:183} INFO - Processing /opt/airflow/dags/price_etl_dag.py took 0.070 seconds
[2026-08-25T13:45:58.723+0000] {processor.py:161} INFO - Started process (PID=302) to work on /opt/airflow/dags/price_etl_dag.py
[2026-08-25T13:45:58.723+0000] {processor.py:830} INFO - Processing file /opt/airflow/dags/price_etl_dag.py for tasks to queue
[2026-08-25T13:45:58.725+0000] {logging_mixin.py:188} INFO - [2026-08-25T13:45:58.725+0000] {dagbag.py:545} INFO - Filling up the DagBag from /opt/airflow/dags/price_etl_dag.py
[2026-08-25T13:45:58.742+0000] {processor.py:840} INFO - DAG(s) 'price_etl_pipeline' retrieved from /opt/airflow/dags/price_etl_dag.py
[2026-08-25T13:45:58.763+0000] {logging_mixin.py:188} INFO - [2026-08-25T13:45:58.763+0000] {dag.py:3089} INFO - Sync 1 DAGs
[2026-08-25T13:45:58.778+0000] {logging_mixin.py:188} INFO - [2026-08-25T13:45:58.777+0000] {dag.py:3947} INFO - Setting next_dagrun for price_etl_pipeline to 2026-08-25 12:00:00+00:00, run_after=2026-08-26 12:00:00+00:00
[2026-08-25T13:45:58.792+0000] {processor.py:183} INFO - Processing /opt/airflow/dags/price_etl_dag.py took 0.073 seconds
[2026-08-25T13:46:28.876+0000] {processor.py:161} INFO - Started process (PID=307) to work on /opt/airflow/dags/price_etl_dag.py
[2026-08-25T13:46:28.877+0000] {processor.py:830} INFO - Processing file /opt/airflow/dags/price_etl_dag.py for tasks to queue
[2026-08-25T13:46:28.878+0000] {logging_mixin.py:188} INFO - [2026-08-25T13:46:28.878+0000] {dagbag.py:545} INFO - Filling up the DagBag from /opt/airflow/dags/price_etl_dag.py
[2026-08-25T13:46:28.895+0000] {processor.py:840} INFO - DAG(s) 'price_etl_pipeline' retrieved from /opt/airflow/dags/price_etl_dag.py
[2026-08-25T13:46:28.917+0000] {logging_mixin.py:188} INFO - [2026-08-25T13:46:28.916+0000] {dag.py:3089} INFO - Sync 1 DAGs
[2026-08-25T13:46:28.930+0000] {logging_mixin.py:188} INFO - [2026-08-25T13:46:28.930+0000] {dag.py:3947} INFO - Setting next_dagrun for price_etl_pipeline to 2026-08-25 12:00:00+00:00, run_after=2026-08-26 12:00:00+00:00
[2026-08-25T13:46:28.945+0000] {processor.py:183} INFO - Processing /opt/airflow/dags/price_etl_dag.py took 0.071 seconds
[2026-08-25T13:46:59.000+0000] {processor.py:161} INFO - Started process (PID=312) to work on /opt/airflow/dags/price_etl_dag.py
[2026-08-25T13:46:59.001+0000] {processor.py:830} INFO - Processing file /opt/airflow/dags/price_etl_dag.py for tasks to queue
[2026-08-25T13:46:59.002+0000] {logging_mixin.py:188} INFO - [2026-08-25T13:46:59.002+0000] {dagbag.py:545} INFO - Filling up the DagBag from /opt/airflow/dags/price_etl_dag.py
[2026-08-25T13:46:59.019+0000] {processor.py:840} INFO - DAG(s) 'price_etl_pipeline' retrieved from /opt/airflow/dags/price_etl_dag.py
[2026-08-25T13:46:59.041+0000] {logging_mixin.py:188} INFO - [2026-08-25T13:46:59.041+0000] {dag.py:3089} INFO - Sync 1 DAGs
[2026-08-25T13:46:59.055+0000] {logging_mixin.py:188} INFO - [2026-08-25T13:46:59.055+0000] {dag.py:3947} INFO - Setting next_dagrun for price_etl_pipeline to 2026-08-25 12:00:00+00:00, run_after=2026-08-26 12:00:00+00:00
[2026-08-25T13:46:59.069+0000] {processor.py:183} INFO - Processing /opt/airflow/dags/price_etl_dag.py took 0.074 seconds
[2026-08-25T13:47:29.151+0000] {processor.py:161} INFO - Started process (PID=317) to work on /opt/airflow/dags/price_etl_dag.py
[2026-08-25T13:47:29.151+0000] {processor.py:830} INFO - Processing file /opt/airflow/dags/price_etl_dag.py for tasks to queue
[2026-08-25T13:47:29.153+0000] {logging_mixin.py:188} INFO - [2026-08-25T13:47:29.153+0000] {dagbag.py:545} INFO - Filling up the DagBag from /opt/airflow/dags/price_etl_dag.py
[2026-08-25T13:47:29.170+0000] {processor.py:840} INFO - DAG(s) 'price_etl_pipeline' retrieved from /opt/airflow/dags/price_etl_dag.py
[2026-08-25T13:47:29.192+0000] {logging_mixin.py:188} INFO - [2026-08-25T13:47:29.191+0000] {dag.py:3089} INFO - Sync 1 DAGs
[2026-08-25T13:47:29.206+0000] {logging_mixin.py:188} INFO - [2026-08-25T13:47:29.206+0000] {dag.py:3947} INFO - Setting next_dagrun for price_etl_pipeline to 2026-08-25 12:00:00+00:00, run_after=2026-08-26 12:00:00+00:00
[2026-08-25T13:47:29.218+0000] {processor.py:183} INFO - Processing /opt/airflow/dags/price_etl_dag.py took 0.071 seconds
[2026-08-25T13:47:59.282+0000] {processor.py:161} INFO - Started process (PID=322) to work on /opt/airflow/dags/price_etl_dag.py
[2026-08-25T13:47:59.283+0000] {processor.py:830} INFO - Processing file /opt/airflow/dags/price_etl_dag.py for tasks to queue
[2026-08-25T13:47:59.285+0000] {logging_mixin.py:188} INFO - [2026-08-25T13:47:59.285+0000] {dagbag.py:545} INFO - Filling up the DagBag from /opt/airflow/dags/price_etl_dag.py
[2026-08-25T13:47:59.302+0000] {processor.py:840} INFO - DAG(s) 'price_etl_pipeline' retrieved from /opt/airflow/dags/price_etl_dag.py
[2026-08-25T13:47:59.325+0000] {logging_mixin.py:188} INFO - [2026-08-25T13:47:59.325+0000] {dag.py:3089} INFO - Sync 1 DAGs
[2026-08-25T13:47:59.339+0000] {logging_mixin.py:188} INFO - [2026-08-25T13:47:59.339+0000] {dag.py:3947} INFO - Setting next_dagrun for price_etl_pipeline to 2026-08-25 12:00:00+00:00, run_after=2026-08-26 12:00:00+00:00
[2026-08-25T13:47:59.352+0000] {processor.py:183} INFO - Processing /opt/airflow/dags/price_etl_dag.py took 0.075 seconds
[2026-08-25T13:48:29.432+0000] {processor.py:161} INFO - Started process (PID=327) to work on /opt/airflow/dags/price_etl_dag.py
[2026-08-25T13:48:29.432+0000] {processor.py:830} INFO - Processing file /opt/airflow/dags/price_etl_dag.py for tasks to queue
[2026-08-25T13:48:29.434+0000] {logging_mixin.py:188} INFO - [2026-08-25T13:48:29.434+0000] {dagbag.py:545} INFO - Filling up the DagBag from /opt/airflow/dags/price_etl_dag.py
[2026-08-25T13:48:29.452+0000] {processor.py:840} INFO - DAG(s) 'price_etl_pipeline' retrieved from /opt/airflow/dags/price_etl_dag.py
[2026-08-25T13:48:29.473+0000] {logging_mixin.py:188} INFO - [2026-08-25T13:48:29.473+0000] {dag.py:3089} INFO - Sync 1 DAGs
[2026-08-25T13:48:29.487+0000] {logging_mixin.py:188} INFO - [2026-08-25T13:48:29.487+0000] {dag.py:3947} INFO - Setting next_dagrun for price_etl_pipeline to 2026-08-25 12:00:00+00:00, run_after=2026-08-26 12:00:00+00:00
[2026-08-25T13:48:29.500+0000] {processor.py:183} INFO - Processing /opt/airflow/dags/price_etl_dag.py took 0.071 seconds
[2026-08-25T13:48:59.576+0000] {processor.py:161} INFO - Started process (PID=332) to work on /opt/airflow/dags/price_etl_dag.py
[2026-08-25T13:48:59.576+0000] {processor.py:830} INFO - Processing file /opt/airflow/dags/price_etl_dag.py for tasks to queue
[2026-08-25T13:48:59.578+0000] {logging_mixin.py:188} INFO - [2026-08-25T13:48:59.578+0000] {dagbag.py:545} INFO - Filling up the DagBag from /opt/airflow/dags/price_etl_dag.py
[2026-08-25T13:48:59.594+0000] {processor.py:840} INFO - DAG(s) 'price_etl_pipeline' retrieved from /opt/airflow/dags/price_etl_dag.py
[2026-08-25T13:48:59.613+0000] {logging_mixin.py:188} INFO - [2026-08-25T13:48:59.613+0000] {dag.py:3089} INFO - Sync 1 DAGs
[2026-08-25T13:48:59.626+0000] {logging_mixin.py:188} INFO - [2026-08-25T13:48:59.626+0000] {dag.py:3947} INFO - Setting next_dagrun for price_etl_pipeline to 2026-08-25 12:00:00+00:00, run_after=2026-08-26 12:00:00+00:00
[2026-08-25T13:48:59.637+0000] {processor.py:183} INFO - Processing /opt/airflow/dags/price_etl_dag.py took 0.064 seconds
[2026-08-25T13:49:29.710+0000] {processor.py:161} INFO - Started process (PID=337) to work on /opt/airflow/dags/price_etl_dag.py
[2026-08-25T13:49:29.711+0000] {processor.py:830} INFO - Processing file /opt/airflow/dags/price_etl_dag.py for tasks to queue
[2026-08-25T13:49:29.712+0000] {logging_mixin.py:188} INFO - [2026-08-25T13:49:29.712+0000] {dagbag.py:545} INFO - Filling up the DagBag from /opt/airflow/dags/price_etl_dag.py
[2026-08-25T13:49:29.728+0000] {processor.py:840} INFO - DAG(s) 'price_etl_pipeline' retrieved from /opt/airflow/dags/price_etl_dag.py
[2026-08-25T13:49:29.750+0000] {logging_mixin.py:188} INFO - [2026-08-25T13:49:29.750+0000] {dag.py:3089} INFO - Sync 1 DAGs
[2026-08-25T13:49:29.762+0000] {logging_mixin.py:188} INFO - [2026-08-25T13:49:29.761+0000] {dag.py:3947} INFO - Setting next_dagrun for price_etl_pipeline to 2026-08-25 12:00:00+00:00, run_after=2026-08-26 12:00:00+00:00
[2026-08-25T13:49:29.774+0000] {processor.py:183} INFO - Processing /opt/airflow/dags/price_etl_dag.py took 0.067 seconds
[2026-08-25T13:49:59.844+0000] {processor.py:161} INFO - Started process (PID=342) to work on /opt/airflow/dags/price_etl_dag.py
[2026-08-25T13:49:59.844+0000] {processor.py:830} INFO - Processing file /opt/airflow/dags/price_etl_dag.py for tasks to queue
[2026-08-25T13:49:59.845+0000] {logging_mixin.py:188} INFO - [2026-08-25T13:49:59.845+0000] {dagbag.py:545} INFO - Filling up the DagBag from /opt/airflow/dags/price_etl_dag.py
[2026-08-25T13:49:59.858+0000] {processor.py:840} INFO - DAG(s) 'price_etl_pipeline' retrieved from /opt/airflow/dags/price_etl_dag.py
[2026-08-25T13:49:59.873+0000] {logging_mixin.py:188} INFO - [2026-08-25T13:49:59.873+0000] {dag.py:3089} INFO - Sync 1 DAGs
[2026-08-25T13:49:59.885+0000] {logging_mixin.py:188} INFO - [2026-08-25T13:49:59.885+0000] {dag.py:3947} INFO - Setting next_dagrun for price_etl_pipeline to 2026-08-25 12:00:00+00:00, run_after=2026-08-26 12:00:00+00:00
[2026-08-25T13:49:59.896+0000] {processor.py:183} INFO - Processing /opt/airflow/dags/price_etl_dag.py took 0.056 seconds
[2026-08-25T13:50:29.976+0000] {processor.py:161} INFO - Started process (PID=347) to work on /opt/airflow/dags/price_etl_dag.py
[2026-08-25T13:50:29.976+0000] {processor.py:830} INFO - Processing file /opt/airflow/dags/price_etl_dag.py for tasks to queue
[2026-08-25T13:50:29.977+0000] {logging_mixin.py:188} INFO - [2026-08-25T13:50:29.977+0000] {dagbag.py:545} INFO - Filling up the DagBag from /opt/airflow/dags/price_etl_dag.py
[2026-08-25T13:50:29.990+0000] {processor.py:840} INFO - DAG(s) 'price_etl_pipeline' retrieved from /opt/airflow/dags/price_etl_dag.py
[2026-08-25T13:50:30.005+0000] {logging_mixin.py:188} INFO - [2026-08-25T13:50:30.005+0000] {dag.py:3089} INFO - Sync 1 DAGs
[2026-08-25T13:50:30.016+0000] {logging_mixin.py:188} INFO - [2026-08-25T13:50:30.016+0000] {dag.py:3947} INFO - Setting next_dagrun for price_etl_pipeline to 2026-08-25 12:00:00+00:00, run_after=2026-08-26 12:00:00+00:00
[2026-08-25T13:50:30.028+0000] {processor.py:183} INFO - Processing /opt/airflow/dags/price_etl_dag.py took 0.055 seconds
[2026-08-25T13:51:00.106+0000] {processor.py:161} INFO - Started process (PID=352) to work on /opt/airflow/dags/price_etl_dag.py
[2026-08-25T13:51:00.106+0000] {processor.py:830} INFO - Processing file /opt/airflow/dags/price_etl_dag.py for tasks to queue
[2026-08-25T13:51:00.107+0000] {logging_mixin.py:188} INFO - [2026-08-25T13:51:00.107+0000] {dagbag.py:545} INFO - Filling up the DagBag from /opt/airflow/dags/price_etl_dag.py
[2026-08-25T13:51:00.120+0000] {processor.py:840} INFO - DAG(s) 'price_etl_pipeline' retrieved from /opt/airflow/dags/price_etl_dag.py
[2026-08-25T13:51:00.136+0000] {logging_mixin.py:188} INFO - [2026-08-25T13:51:00.136+0000] {dag.py:3089} INFO - Sync 1 DAGs
[2026-08-25T13:51:00.146+0000] {logging_mixin.py:188} INFO - [2026-08-25T13:51:00.146+0000] {dag.py:3947} INFO - Setting next_dagrun for price_etl_pipeline to 2026-08-25 12:00:00+00:00, run_after=2026-08-26 12:00:00+00:00
[2026-08-25T13:51:00.157+0000] {processor.py:183} INFO - Processing /opt/airflow/dags/price_etl_dag.py took 0.054 seconds
[2026-08-25T13:51:30.248+0000] {processor.py:161} INFO - Started process (PID=357) to work on /opt/airflow/dags/price_etl_dag.py
[2026-08-25T13:51:30.249+0000] {processor.py:830} INFO - Processing file /opt/airflow/dags/price_etl_dag.py for tasks to queue
[2026-08-25T13:51:30.250+0000] {logging_mixin.py:188} INFO - [2026-08-25T13:51:30.250+0000] {dagbag.py:545} INFO - Filling up the DagBag from /opt/airflow/dags/price_etl_dag.py
[2026-08-25T13:51:30.263+0000] {processor.py:840} INFO - DAG(s) 'price_etl_pipeline' retrieved from /opt/airflow/dags/price_etl_dag.py
[2026-08-25T13:51:30.279+0000] {logging_mixin.py:188} INFO - [2026-08-25T13:51:30.279+0000] {dag.py:3089} INFO - Sync 1 DAGs
[2026-08-25T13:51:30.289+0000] {logging_mixin.py:188} INFO - [2026-08-25T13:51:30.289+0000] {dag.py:3947} INFO - Setting next_dagrun for price_etl_pipeline to 2026-08-25 12:00:00+00:00, run_after=2026-08-26 12:00:00+00:00
[2026-08-25T13:51:30.302+0000] {processor.py:183} INFO - Processing /opt/airflow/dags/price_etl_dag.py took 0.056 seconds
[2026-08-25T13:52:00.378+0000] {processor.py:161} INFO - Started process (PID=362) to work on /opt/airflow/dags/price_etl_dag.py
[2026-08-25T13:52:00.379+0000] {processor.py:830} INFO - Processing file /opt/airflow/dags/price_etl_dag.py for tasks to queue
[2026-08-25T13:52:00.379+0000] {logging_mixin.py:188} INFO - [2026-08-25T13:52:00.379+0000] {dagbag.py:545} INFO - Filling up the DagBag from /opt/airflow/dags/price_etl_dag.py
[2026-08-25T13:52:00.393+0000] {processor.py:840} INFO - DAG(s) 'price_etl_pipeline' retrieved from /opt/airflow/dags/price_etl_dag.py
[2026-08-25T13:52:00.410+0000] {logging_mixin.py:188} INFO - [2026-08-25T13:52:00.410+0000] {dag.py:3089} INFO - Sync 1 DAGs
[2026-08-25T13:52:00.424+0000] {logging_mixin.py:188} INFO - [2026-08-25T13:52:00.424+0000] {dag.py:3947} INFO - Setting next_dagrun for price_etl_pipeline to 2026-08-25 12:00:00+00:00, run_after=2026-08-26 12:00:00+00:00
[2026-08-25T13:52:00.439+0000] {processor.py:183} INFO - Processing /opt/airflow/dags/price_etl_dag.py took 0.063 seconds
[2026-08-25T13:52:30.509+0000] {processor.py:161} INFO - Started process (PID=367) to work on /opt/airflow/dags/price_etl_dag.py
[2026-08-25T13:52:30.509+0000] {processor.py:830} INFO - Processing file /opt/airflow/dags/price_etl_dag.py for tasks to queue
[2026-08-25T13:52:30.510+0000] {logging_mixin.py:188} INFO - [2026-08-25T13:52:30.510+0000] {dagbag.py:545} INFO - Filling up the DagBag from /opt/airflow/dags/price_etl_dag.py
[2026-08-25T13:52:30.523+0000] {processor.py:840} INFO - DAG(s) 'price_etl_pipeline' retrieved from /opt/airflow/dags/price_etl_dag.py
[2026-08-25T13:52:30.539+0000] {logging_mixin.py:188} INFO - [2026-08-25T13:52:30.539+0000] {dag.py:3089} INFO - Sync 1 DAGs
[2026-08-25T13:52:30.551+0000] {logging_mixin.py:188} INFO - [2026-08-25T13:52:30.550+0000] {dag.py:3947} INFO - Setting next_dagrun for price_etl_pipeline to 2026-08-25 12:00:00+00:00, run_after=2026-08-26 12:00:00+00:00
[2026-08-25T13:52:30.564+0000] {processor.py:183} INFO - Processing /opt/airflow/dags/price_etl_dag.py took 0.058 seconds
[2026-08-25T13:53:00.650+0000] {processor.py:161} INFO - Started process (PID=372) to work on /opt/airflow/dags/price_etl_dag.py
[2026-08-25T13:53:00.650+0000] {processor.py:830} INFO - Processing file /opt/airflow/dags/price_etl_dag.py for tasks to queue
[2026-08-25T13:53:00.651+0000] {logging_mixin.py:188} INFO - [2026-08-25T13:53:00.651+0000] {dagbag.py:545} INFO - Filling up the DagBag from /opt/airflow/dags/price_etl_dag.py
[2026-08-25T13:53:00.667+0000] {processor.py:840} INFO - DAG(s) 'price_etl_pipeline' retrieved from /opt/airflow/dags/price_etl_dag.py
[2026-08-25T13:53:00.690+0000] {logging_mixin.py:188} INFO - [2026-08-25T13:53:00.689+0000] {dag.py:3089} INFO - Sync 1 DAGs
[2026-08-25T13:53:00.704+0000] {logging_mixin.py:188} INFO - [2026-08-25T13:53:00.704+0000] {dag.py:3947} INFO - Setting next_dagrun for price_etl_pipeline to 2026-08-25 12:00:00+00:00, run_after=2026-08-26 12:00:00+00:00
[2026-08-25T13:53:00.718+0000] {processor.py:183} INFO - Processing /opt/airflow/dags/price_etl_dag.py took 0.071 seconds
[2026-08-25T13:53:30.781+0000] {processor.py:161} INFO - Started process (PID=377) to work on /opt/airflow/dags/price_etl_dag.py
[2026-08-25T13:53:30.782+0000] {processor.py:830} INFO - Processing file /opt/airflow/dags/price_etl_dag.py for tasks to queue
[2026-08-25T13:53:30.783+0000] {logging_mixin.py:188} INFO - [2026-08-25T13:53:30.783+0000] {dagbag.py:545} INFO - Filling up the DagBag from /opt/airflow/dags/price_etl_dag.py
[2026-08-25T13:53:30.799+0000] {processor.py:840} INFO - DAG(s) 'price_etl_pipeline' retrieved from /opt/airflow/dags/price_etl_dag.py
[2026-08-25T13:53:30.821+0000] {logging_mixin.py:188} INFO - [2026-08-25T13:53:30.821+0000] {dag.py:3089} INFO - Sync 1 DAGs
[2026-08-25T13:53:30.834+0000] {logging_mixin.py:188} INFO - [2026-08-25T13:53:30.834+0000] {dag.py:3947} INFO - Setting next_dagrun for price_etl_pipeline to 2026-08-25 12:00:00+00:00, run_after=2026-08-26 12:00:00+00:00
[2026-08-25T13:53:30.848+0000] {processor.py:183} INFO - Processing /opt/airflow/dags/price_etl_dag.py took 0.071 seconds
[2026-08-25T13:54:00.979+0000] {processor.py:161} INFO - Started process (PID=382) to work on /opt/airflow/dags/price_etl_dag.py
[2026-08-25T13:54:00.981+0000] {processor.py:830} INFO - Processing file /opt/airflow/dags/price_etl_dag.py for tasks to queue
[2026-08-25T13:54:00.983+0000] {logging_mixin.py:188} INFO - [2026-08-25T13:54:00.982+0000] {dagbag.py:545} INFO - Filling up the DagBag from /opt/airflow/dags/price_etl_dag.py
[2026-08-25T13:54:01.002+0000] {processor.py:840} INFO - DAG(s) 'price_etl_pipeline' retrieved from /opt/airflow/dags/price_etl_dag.py
[2026-08-25T13:54:01.025+0000] {logging_mixin.py:188} INFO - [2026-08-25T13:54:01.025+0000] {dag.py:3089} INFO - Sync 1 DAGs
[2026-08-25T13:54:01.047+0000] {logging_mixin.py:188} INFO - [2026-08-25T13:54:01.047+0000] {dag.py:3947} INFO - Setting next_dagrun for price_etl_pipeline to 2026-08-25 12:00:00+00:00, run_after=2026-08-26 12:00:00+00:00
[2026-08-25T13:54:01.061+0000] {processor.py:183} INFO - Processing /opt/airflow/dags/price_etl_dag.py took 0.086 seconds
[2026-08-25T13:54:18.751+0000] {processor.py:161} INFO - Started process (PID=202) to work on /opt/airflow/dags/price_etl_dag.py
[2026-08-25T13:54:18.752+0000] {processor.py:830} INFO - Processing file /opt/airflow/dags/price_etl_dag.py for tasks to queue
[2026-08-25T13:54:18.752+0000] {logging_mixin.py:188} INFO - [2026-08-25T13:54:18.752+0000] {dagbag.py:545} INFO - Filling up the DagBag from /opt/airflow/dags/price_etl_dag.py
[2026-08-25T13:54:18.763+0000] {processor.py:840} INFO - DAG(s) 'price_etl_pipeline' retrieved from /opt/airflow/dags/price_etl_dag.py
[2026-08-25T13:54:18.776+0000] {logging_mixin.py:188} INFO - [2026-08-25T13:54:18.776+0000] {dag.py:3096} INFO - Sync 1 DAGs
[2026-08-25T13:54:18.786+0000] {logging_mixin.py:188} INFO - [2026-08-25T13:54:18.786+0000] {dag.py:3954} INFO - Setting next_dagrun for price_etl_pipeline to 2026-08-25 12:00:00+00:00, run_after=2026-08-26 12:00:00+00:00
[2026-08-25T13:54:18.798+0000] {processor.py:183} INFO - Processing /opt/airflow/dags/price_etl_dag.py took 0.049 seconds
[2026-08-25T13:54:48.884+0000] {processor.py:161} INFO - Started process (PID=207) to work on /opt/airflow/dags/price_etl_dag.py
[2026-08-25T13:54:48.885+0000] {processor.py:830} INFO - Processing file /opt/airflow/dags/price_etl_dag.py for tasks to queue
[2026-08-25T13:54:48.887+0000] {logging_mixin.py:188} INFO - [2026-08-25T13:54:48.887+0000] {dagbag.py:545} INFO - Filling up the DagBag from /opt/airflow/dags/price_etl_dag.py
[2026-08-25T13:54:48.899+0000] {processor.py:840} INFO - DAG(s) 'price_etl_pipeline' retrieved from /opt/airflow/dags/price_etl_dag.py
[2026-08-25T13:54:49.047+0000] {logging_mixin.py:188} INFO - [2026-08-25T13:54:49.047+0000] {dag.py:3096} INFO - Sync 1 DAGs
[2026-08-25T13:54:49.055+0000] {logging_mixin.py:188} INFO - [2026-08-25T13:54:49.055+0000] {dag.py:3954} INFO - Setting next_dagrun for price_etl_pipeline to 2026-08-25 12:00:00+00:00, run_after=2026-08-26 12:00:00+00:00
[2026-08-25T13:54:49.067+0000] {processor.py:183} INFO - Processing /opt/airflow/dags/price_etl_dag.py took 0.185 seconds
[2026-08-25T13:55:19.174+0000] {processor.py:161} INFO - Started process (PID=212) to work on /opt/airflow/dags/price_etl_dag.py
[2026-08-25T13:55:19.175+0000] {processor.py:830} INFO - Processing file /opt/airflow/dags/price_etl_dag.py for tasks to queue
[2026-08-25T13:55:19.176+0000] {logging_mixin.py:188} INFO - [2026-08-25T13:55:19.176+0000] {dagbag.py:545} INFO - Filling up the DagBag from /opt/airflow/dags/price_etl_dag.py
[2026-08-25T13:55:19.188+0000] {processor.py:840} INFO - DAG(s) 'price_etl_pipeline' retrieved from /opt/airflow/dags/price_etl_dag.py
[2026-08-25T13:55:19.203+0000] {logging_mixin.py:188} INFO - [2026-08-25T13:55:19.203+0000] {dag.py:3096} INFO - Sync 1 DAGs
[2026-08-25T13:55:19.214+0000] {logging_mixin.py:188} INFO - [2026-08-25T13:55:19.213+0000] {dag.py:3954} INFO - Setting next_dagrun for price_etl_pipeline to 2026-08-25 12:00:00+00:00, run_after=2026-08-26 12:00:00+00:00
[2026-08-25T13:55:19.225+0000] {processor.py:183} INFO - Processing /opt/airflow/dags/price_etl_dag.py took 0.053 seconds
[2026-08-25T13:55:49.291+0000] {processor.py:161} INFO - Started process (PID=217) to work on /opt/airflow/dags/price_etl_dag.py
[2026-08-25T13:55:49.291+0000] {processor.py:830} INFO - Processing file /opt/airflow/dags/price_etl_dag.py for tasks to queue
[2026-08-25T13:55:49.292+0000] {logging_mixin.py:188} INFO - [2026-08-25T13:55:49.292+0000] {dagbag.py:545} INFO - Filling up the DagBag from /opt/airflow/dags/price_etl_dag.py
[2026-08-25T13:55:49.305+0000] {processor.py:840} INFO - DAG(s) 'price_etl_pipeline' retrieved from /opt/airflow/dags/price_etl_dag.py
[2026-08-25T13:55:49.320+0000] {logging_mixin.py:188} INFO - [2026-08-25T13:55:49.320+0000] {dag.py:3096} INFO - Sync 1 DAGs
[2026-08-25T13:55:49.330+0000] {logging_mixin.py:188} INFO - [2026-08-25T13:55:49.330+0000] {dag.py:3954} INFO - Setting next_dagrun for price_etl_pipeline to 2026-08-25 12:00:00+00:00, run_after=2026-08-26 12:00:00+00:00
[2026-08-25T13:55:49.395+0000] {processor.py:183} INFO - Processing /opt/airflow/dags/price_etl_dag.py took 0.106 seconds
[2026-08-25T13:56:19.430+0000] {processor.py:161} INFO - Started process (PID=222) to work on /opt/airflow/dags/price_etl_dag.py
[2026-08-25T13:56:19.431+0000] {processor.py:830} INFO - Processing file /opt/airflow/dags/price_etl_dag.py for tasks to queue
[2026-08-25T13:56:19.432+0000] {logging_mixin.py:188} INFO - [2026-08-25T13:56:19.432+0000] {dagbag.py:545} INFO - Filling up the DagBag from /opt/airflow/dags/price_etl_dag.py
[2026-08-25T13:56:19.445+0000] {processor.py:840} INFO - DAG(s) 'price_etl_pipeline' retrieved from /opt/airflow/dags/price_etl_dag.py
[2026-08-25T13:56:19.460+0000] {logging_mixin.py:188} INFO - [2026-08-25T13:56:19.460+0000] {dag.py:3096} INFO - Sync 1 DAGs
[2026-08-25T13:56:19.522+0000] {logging_mixin.py:188} INFO - [2026-08-25T13:56:19.522+0000] {dag.py:3954} INFO - Setting next_dagrun for price_etl_pipeline to 2026-08-25 12:00:00+00:00, run_after=2026-08-26 12:00:00+00:00
[2026-08-25T13:56:19.533+0000] {processor.py:183} INFO - Processing /opt/airflow/dags/price_etl_dag.py took 0.106 seconds
[2026-08-25T13:56:49.607+0000] {processor.py:161} INFO - Started process (PID=227) to work on /opt/airflow/dags/price_etl_dag.py
[2026-08-25T13:56:49.608+0000] {processor.py:830} INFO - Processing file /opt/airflow/dags/price_etl_dag.py for tasks to queue
[2026-08-25T13:56:49.609+0000] {logging_mixin.py:188} INFO - [2026-08-25T13:56:49.608+0000] {dagbag.py:545} INFO - Filling up the DagBag from /opt/airflow/dags/price_etl_dag.py
[2026-08-25T13:56:49.621+0000] {processor.py:840} INFO - DAG(s) 'price_etl_pipeline' retrieved from /opt/airflow/dags/price_etl_dag.py
[2026-08-25T13:56:49.637+0000] {logging_mixin.py:188} INFO - [2026-08-25T13:56:49.637+0000] {dag.py:3096} INFO - Sync 1 DAGs
[2026-08-25T13:56:49.703+0000] {logging_mixin.py:188} INFO - [2026-08-25T13:56:49.703+0000] {dag.py:3954} INFO - Setting next_dagrun for price_etl_pipeline to 2026-08-25 12:00:00+00:00, run_after=2026-08-26 12:00:00+00:00
[2026-08-25T13:56:49.716+0000] {processor.py:183} INFO - Processing /opt/airflow/dags/price_etl_dag.py took 0.111 seconds
[2026-08-25T15:59:58.686+0000] {processor.py:161} INFO - Started process (PID=232) to work on /opt/airflow/dags/price_etl_dag.py
[2026-08-25T15:59:58.686+0000] {processor.py:830} INFO - Processing file /opt/airflow/dags/price_etl_dag.py for tasks to queue
[2026-08-25T15:59:58.688+0000] {logging_mixin.py:188} INFO - [2026-08-25T15:59:58.688+0000] {dagbag.py:545} INFO - Filling up the DagBag from /opt/airflow/dags/price_etl_dag.py
[2026-08-25T15:59:58.699+0000] {processor.py:840} INFO - DAG(s) 'price_etl_pipeline' retrieved from /opt/airflow/dags/price_etl_dag.py
[2026-08-25T15:59:58.787+0000] {logging_mixin.py:188} INFO - [2026-08-25T15:59:58.787+0000] {dag.py:3096} INFO - Sync 1 DAGs
[2026-08-25T15:59:58.797+0000] {logging_mixin.py:188} INFO - [2026-08-25T15:59:58.797+0000] {dag.py:3954} INFO - Setting next_dagrun for price_etl_pipeline to 2026-08-25 12:00:00+00:00, run_after=2026-08-26 12:00:00+00:00
[2026-08-25T15:59:58.807+0000] {processor.py:183} INFO - Processing /opt/airflow/dags/price_etl_dag.py took 0.124 seconds
[2026-08-25T16:00:28.877+0000] {processor.py:161} INFO - Started process (PID=314) to work on /opt/airflow/dags/price_etl_dag.py
[2026-08-25T16:00:28.878+0000] {processor.py:830} INFO - Processing file /opt/airflow/dags/price_etl_dag.py for tasks to queue
[2026-08-25T16:00:28.879+0000] {logging_mixin.py:188} INFO - [2026-08-25T16:00:28.878+0000] {dagbag.py:545} INFO - Filling up the DagBag from /opt/airflow/dags/price_etl_dag.py
[2026-08-25T16:00:28.960+0000] {processor.py:840} INFO - DAG(s) 'price_etl_pipeline' retrieved from /opt/airflow/dags/price_etl_dag.py
[2026-08-25T16:00:28.978+0000] {logging_mixin.py:188} INFO - [2026-08-25T16:00:28.978+0000] {dag.py:3096} INFO - Sync 1 DAGs
[2026-08-25T16:00:28.988+0000] {logging_mixin.py:188} INFO - [2026-08-25T16:00:28.988+0000] {dag.py:3954} INFO - Setting next_dagrun for price_etl_pipeline to 2026-08-25 12:00:00+00:00, run_after=2026-08-26 12:00:00+00:00
[2026-08-25T16:00:28.998+0000] {processor.py:183} INFO - Processing /opt/airflow/dags/price_etl_dag.py took 0.124 seconds
[2026-08-25T16:00:59.152+0000] {processor.py:161} INFO - Started process (PID=319) to work on /opt/airflow/dags/price_etl_dag.py
[2026-08-25T16:00:59.152+0000] {processor.py:830} INFO - Processing file /opt/airflow/dags/price_etl_dag.py for tasks to queue
[2026-08-25T16:00:59.153+0000] {logging_mixin.py:188} INFO - [2026-08-25T16:00:59.153+0000] {dagbag.py:545} INFO - Filling up the DagBag from /opt/airflow/dags/price_etl_dag.py
[2026-08-25T16:00:59.165+0000] {processor.py:840} INFO - DAG(s) 'price_etl_pipeline' retrieved from /opt/airflow/dags/price_etl_dag.py
[2026-08-25T16:00:59.185+0000] {logging_mixin.py:188} INFO - [2026-08-25T16:00:59.184+0000] {dag.py:3096} INFO - Sync 1 DAGs
[2026-08-25T16:00:59.197+0000] {logging_mixin.py:188} INFO - [2026-08-25T16:00:59.197+0000] {dag.py:3954} INFO - Setting next_dagrun for price_etl_pipeline to 2026-08-25 12:00:00+00:00, run_after=2026-08-26 12:00:00+00:00
[2026-08-25T16:00:59.209+0000] {processor.py:183} INFO - Processing /opt/airflow/dags/price_etl_dag.py took 0.060 seconds
[2026-08-25T16:01:29.272+0000] {processor.py:161} INFO - Started process (PID=324) to work on /opt/airflow/dags/price_etl_dag.py
[2026-08-25T16:01:29.273+0000] {processor.py:830} INFO - Processing file /opt/airflow/dags/price_etl_dag.py for tasks to queue
[2026-08-25T16:01:29.274+0000] {logging_mixin.py:188} INFO - [2026-08-25T16:01:29.274+0000] {dagbag.py:545} INFO - Filling up the DagBag from /opt/airflow/dags/price_etl_dag.py
[2026-08-25T16:01:29.287+0000] {processor.py:840} INFO - DAG(s) 'price_etl_pipeline' retrieved from /opt/airflow/dags/price_etl_dag.py
[2026-08-25T16:01:29.307+0000] {logging_mixin.py:188} INFO - [2026-08-25T16:01:29.307+0000] {dag.py:3096} INFO - Sync 1 DAGs
[2026-08-25T16:01:29.321+0000] {logging_mixin.py:188} INFO - [2026-08-25T16:01:29.321+0000] {dag.py:3954} INFO - Setting next_dagrun for price_etl_pipeline to 2026-08-25 12:00:00+00:00, run_after=2026-08-26 12:00:00+00:00
[2026-08-25T16:01:29.338+0000] {processor.py:183} INFO - Processing /opt/airflow/dags/price_etl_dag.py took 0.069 seconds
[2026-08-25T16:01:59.434+0000] {processor.py:161} INFO - Started process (PID=329) to work on /opt/airflow/dags/price_etl_dag.py
[2026-08-25T16:01:59.435+0000] {processor.py:830} INFO - Processing file /opt/airflow/dags/price_etl_dag.py for tasks to queue
[2026-08-25T16:01:59.437+0000] {logging_mixin.py:188} INFO - [2026-08-25T16:01:59.437+0000] {dagbag.py:545} INFO - Filling up the DagBag from /opt/airflow/dags/price_etl_dag.py
[2026-08-25T16:01:59.454+0000] {processor.py:840} INFO - DAG(s) 'price_etl_pipeline' retrieved from /opt/airflow/dags/price_etl_dag.py
[2026-08-25T16:01:59.475+0000] {logging_mixin.py:188} INFO - [2026-08-25T16:01:59.475+0000] {dag.py:3096} INFO - Sync 1 DAGs
[2026-08-25T16:01:59.490+0000] {logging_mixin.py:188} INFO - [2026-08-25T16:01:59.490+0000] {dag.py:3954} INFO - Setting next_dagrun for price_etl_pipeline to 2026-08-25 12:00:00+00:00, run_after=2026-08-26 12:00:00+00:00
[2026-08-25T16:01:59.504+0000] {processor.py:183} INFO - Processing /opt/airflow/dags/price_etl_dag.py took 0.074 seconds
[2026-08-25T16:02:29.560+0000] {processor.py:161} INFO - Started process (PID=334) to work on /opt/airflow/dags/price_etl_dag.py
[2026-08-25T16:02:29.561+0000] {processor.py:830} INFO - Processing file /opt/airflow/dags/price_etl_dag.py for tasks to queue
[2026-08-25T16:02:29.562+0000] {logging_mixin.py:188} INFO - [2026-08-25T16:02:29.562+0000] {dagbag.py:545} INFO - Filling up the DagBag from /opt/airflow/dags/price_etl_dag.py
[2026-08-25T16:02:29.578+0000] {processor.py:840} INFO - DAG(s) 'price_etl_pipeline' retrieved from /opt/airflow/dags/price_etl_dag.py
[2026-08-25T16:02:29.599+0000] {logging_mixin.py:188} INFO - [2026-08-25T16:02:29.599+0000] {dag.py:3096} INFO - Sync 1 DAGs
[2026-08-25T16:02:29.618+0000] {logging_mixin.py:188} INFO - [2026-08-25T16:02:29.617+0000] {dag.py:3954} INFO - Setting next_dagrun for price_etl_pipeline to 2026-08-25 12:00:00+00:00, run_after=2026-08-26 12:00:00+00:00
[2026-08-25T16:02:29.631+0000] {processor.py:183} INFO - Processing /opt/airflow/dags/price_etl_dag.py took 0.076 seconds
[2026-08-25T16:02:59.719+0000] {processor.py:161} INFO - Started process (PID=339) to work on /opt/airflow/dags/price_etl_dag.py
[2026-08-25T16:02:59.719+0000] {processor.py:830} INFO - Processing file /opt/airflow/dags/price_etl_dag.py for tasks to queue
[2026-08-25T16:02:59.720+0000] {logging_mixin.py:188} INFO - [2026-08-25T16:02:59.720+0000] {dagbag.py:545} INFO - Filling up the DagBag from /opt/airflow/dags/price_etl_dag.py
[2026-08-25T16:02:59.734+0000] {processor.py:840} INFO - DAG(s) 'price_etl_pipeline' retrieved from /opt/airflow/dags/price_etl_dag.py
[2026-08-25T16:02:59.755+0000] {logging_mixin.py:188} INFO - [2026-08-25T16:02:59.755+0000] {dag.py:3096} INFO - Sync 1 DAGs
[2026-08-25T16:02:59.769+0000] {logging_mixin.py:188} INFO - [2026-08-25T16:02:59.769+0000] {dag.py:3954} INFO - Setting next_dagrun for price_etl_pipeline to 2026-08-25 12:00:00+00:00, run_after=2026-08-26 12:00:00+00:00
[2026-08-25T16:02:59.781+0000] {processor.py:183} INFO - Processing /opt/airflow/dags/price_etl_dag.py took 0.065 seconds
[2026-08-25T16:03:29.840+0000] {processor.py:161} INFO - Started process (PID=344) to work on /opt/airflow/dags/price_etl_dag.py
[2026-08-25T16:03:29.841+0000] {processor.py:830} INFO - Processing file /opt/airflow/dags/price_etl_dag.py for tasks to queue
[2026-08-25T16:03:29.841+0000] {logging_mixin.py:188} INFO - [2026-08-25T16:03:29.841+0000] {dagbag.py:545} INFO - Filling up the DagBag from /opt/airflow/dags/price_etl_dag.py
[2026-08-25T16:03:29.854+0000] {processor.py:840} INFO - DAG(s) 'price_etl_pipeline' retrieved from /opt/airflow/dags/price_etl_dag.py
[2026-08-25T16:03:29.873+0000] {logging_mixin.py:188} INFO - [2026-08-25T16:03:29.873+0000] {dag.py:3096} INFO - Sync 1 DAGs
[2026-08-25T16:03:29.888+0000] {logging_mixin.py:188} INFO - [2026-08-25T16:03:29.888+0000] {dag.py:3954} INFO - Setting next_dagrun for price_etl_pipeline to 2026-08-25 12:00:00+00:00, run_after=2026-08-26 12:00:00+00:00
[2026-08-25T16:03:29.901+0000] {processor.py:183} INFO - Processing /opt/airflow/dags/price_etl_dag.py took 0.064 seconds
[2026-08-25T16:03:59.999+0000] {processor.py:161} INFO - Started process (PID=349) to work on /opt/airflow/dags/price_etl_dag.py
[2026-08-25T16:03:59.999+0000] {processor.py:830} INFO - Processing file /opt/airflow/dags/price_etl_dag.py for tasks to queue
[2026-08-25T16:04:00.000+0000] {logging_mixin.py:188} INFO - [2026-08-25T16:04:00.000+0000] {dagbag.py:545} INFO - Filling up the DagBag from /opt/airflow/dags/price_etl_dag.py
[2026-08-25T16:04:00.013+0000] {processor.py:840} INFO - DAG(s) 'price_etl_pipeline' retrieved from /opt/airflow/dags/price_etl_dag.py
[2026-08-25T16:04:00.034+0000] {logging_mixin.py:188} INFO - [2026-08-25T16:04:00.034+0000] {dag.py:3096} INFO - Sync 1 DAGs
[2026-08-25T16:04:00.048+0000] {logging_mixin.py:188} INFO - [2026-08-25T16:04:00.048+0000] {dag.py:3954} INFO - Setting next_dagrun for price_etl_pipeline to 2026-08-25 12:00:00+00:00, run_after=2026-08-26 12:00:00+00:00
[2026-08-25T16:04:00.062+0000] {processor.py:183} INFO - Processing /opt/airflow/dags/price_etl_dag.py took 0.067 seconds
[2026-08-25T16:04:30.128+0000] {processor.py:161} INFO - Started process (PID=354) to work on /opt/airflow/dags/price_etl_dag.py
[2026-08-25T16:04:30.129+0000] {processor.py:830} INFO - Processing file /opt/airflow/dags/price_etl_dag.py for tasks to queue
[2026-08-25T16:04:30.130+0000] {logging_mixin.py:188} INFO - [2026-08-25T16:04:30.129+0000] {dagbag.py:545} INFO - Filling up the DagBag from /opt/airflow/dags/price_etl_dag.py
[2026-08-25T16:04:30.144+0000] {processor.py:840} INFO - DAG(s) 'price_etl_pipeline' retrieved from /opt/airflow/dags/price_etl_dag.py
[2026-08-25T16:04:30.162+0000] {logging_mixin.py:188} INFO - [2026-08-25T16:04:30.162+0000] {dag.py:3096} INFO - Sync 1 DAGs
[2026-08-25T16:04:30.176+0000] {logging_mixin.py:188} INFO - [2026-08-25T16:04:30.176+0000] {dag.py:3954} INFO - Setting next_dagrun for price_etl_pipeline to 2026-08-25 12:00:00+00:00, run_after=2026-08-26 12:00:00+00:00
[2026-08-25T16:04:30.189+0000] {processor.py:183} INFO - Processing /opt/airflow/dags/price_etl_dag.py took 0.064 seconds
[2026-08-25T16:05:00.296+0000] {processor.py:161} INFO - Started process (PID=359) to work on /opt/airflow/dags/price_etl_dag.py
[2026-08-25T16:05:00.297+0000] {processor.py:830} INFO - Processing file /opt/airflow/dags/price_etl_dag.py for tasks to queue
[2026-08-25T16:05:00.298+0000] {logging_mixin.py:188} INFO - [2026-08-25T16:05:00.297+0000] {dagbag.py:545} INFO - Filling up the DagBag from /opt/airflow/dags/price_etl_dag.py
[2026-08-25T16:05:00.314+0000] {processor.py:840} INFO - DAG(s) 'price_etl_pipeline' retrieved from /opt/airflow/dags/price_etl_dag.py
[2026-08-25T16:05:00.336+0000] {logging_mixin.py:188} INFO - [2026-08-25T16:05:00.336+0000] {dag.py:3096} INFO - Sync 1 DAGs
[2026-08-25T16:05:00.351+0000] {logging_mixin.py:188} INFO - [2026-08-25T16:05:00.351+0000] {dag.py:3954} INFO - Setting next_dagrun for price_etl_pipeline to 2026-08-25 12:00:00+00:00, run_after=2026-08-26 12:00:00+00:00
[2026-08-25T16:05:00.365+0000] {processor.py:183} INFO - Processing /opt/airflow/dags/price_etl_dag.py took 0.071 seconds
[2026-08-25T16:05:30.419+0000] {processor.py:161} INFO - Started process (PID=364) to work on /opt/airflow/dags/price_etl_dag.py
[2026-08-25T16:05:30.419+0000] {processor.py:830} INFO - Processing file /opt/airflow/dags/price_etl_dag.py for tasks to queue
[2026-08-25T16:05:30.420+0000] {logging_mixin.py:188} INFO - [2026-08-25T16:05:30.420+0000] {dagbag.py:545} INFO - Filling up the DagBag from /opt/airflow/dags/price_etl_dag.py
[2026-08-25T16:05:30.432+0000] {processor.py:840} INFO - DAG(s) 'price_etl_pipeline' retrieved from /opt/airflow/dags/price_etl_dag.py
[2026-08-25T16:05:30.449+0000] {logging_mixin.py:188} INFO - [2026-08-25T16:05:30.449+0000] {dag.py:3096} INFO - Sync 1 DAGs
[2026-08-25T16:05:30.462+0000] {logging_mixin.py:188} INFO - [2026-08-25T16:05:30.462+0000] {dag.py:3954} INFO - Setting next_dagrun for price_etl_pipeline to 2026-08-25 12:00:00+00:00, run_after=2026-08-26 12:00:00+00:00
[2026-08-25T16:05:30.473+0000] {processor.py:183} INFO - Processing /opt/airflow/dags/price_etl_dag.py took 0.057 seconds
[2026-08-25T16:06:09.333+0000] {processor.py:161} INFO - Started process (PID=103) to work on /opt/airflow/dags/price_etl_dag.py
[2026-08-25T16:06:09.334+0000] {processor.py:830} INFO - Processing file /opt/airflow/dags/price_etl_dag.py for tasks to queue
[2026-08-25T16:06:09.335+0000] {logging_mixin.py:188} INFO - [2026-08-25T16:06:09.335+0000] {dagbag.py:545} INFO - Filling up the DagBag from /opt/airflow/dags/price_etl_dag.py
[2026-08-25T16:06:09.349+0000] {processor.py:840} INFO - DAG(s) 'price_etl_pipeline' retrieved from /opt/airflow/dags/price_etl_dag.py
[2026-08-25T16:06:09.366+0000] {logging_mixin.py:188} INFO - [2026-08-25T16:06:09.366+0000] {dag.py:3096} INFO - Sync 1 DAGs
[2026-08-25T16:06:09.384+0000] {logging_mixin.py:188} INFO - [2026-08-25T16:06:09.384+0000] {dag.py:3954} INFO - Setting next_dagrun for price_etl_pipeline to 2026-08-25 12:00:00+00:00, run_after=2026-08-26 12:00:00+00:00
[2026-08-25T16:06:09.401+0000] {processor.py:183} INFO - Processing /opt/airflow/dags/price_etl_dag.py took 0.072 seconds
[2026-08-25T16:06:17.519+0000] {processor.py:161} INFO - Started process (PID=228) to work on /opt/airflow/dags/price_etl_dag.py
[2026-08-25T16:06:17.519+0000] {processor.py:830} INFO - Processing file /opt/airflow/dags/price_etl_dag.py for tasks to queue
[2026-08-25T16:06:17.520+0000] {logging_mixin.py:188} INFO - [2026-08-25T16:06:17.520+0000] {dagbag.py:545} INFO - Filling up the DagBag from /opt/airflow/dags/price_etl_dag.py
[2026-08-25T16:06:17.531+0000] {processor.py:840} INFO - DAG(s) 'price_etl_pipeline' retrieved from /opt/airflow/dags/price_etl_dag.py
[2026-08-25T16:06:17.544+0000] {logging_mixin.py:188} INFO - [2026-08-25T16:06:17.544+0000] {dag.py:3096} INFO - Sync 1 DAGs
[2026-08-25T16:06:17.554+0000] {logging_mixin.py:188} INFO - [2026-08-25T16:06:17.553+0000] {dag.py:3954} INFO - Setting next_dagrun for price_etl_pipeline to 2026-08-25 12:00:00+00:00, run_after=2026-08-26 12:00:00+00:00
[2026-08-25T16:06:17.563+0000] {processor.py:183} INFO - Processing /opt/airflow/dags/price_etl_dag.py took 0.047 seconds
[2026-08-25T16:06:47.659+0000] {processor.py:161} INFO - Started process (PID=267) to work on /opt/airflow/dags/price_etl_dag.py
[2026-08-25T16:06:47.660+0000] {processor.py:830} INFO - Processing file /opt/airflow/dags/price_etl_dag.py for tasks to queue
[2026-08-25T16:06:47.664+0000] {logging_mixin.py:188} INFO - [2026-08-25T16:06:47.664+0000] {dagbag.py:545} INFO - Filling up the DagBag from /opt/airflow/dags/price_etl_dag.py
[2026-08-25T16:06:47.680+0000] {processor.py:840} INFO - DAG(s) 'price_etl_pipeline' retrieved from /opt/airflow/dags/price_etl_dag.py
[2026-08-25T16:06:47.888+0000] {logging_mixin.py:188} INFO - [2026-08-25T16:06:47.888+0000] {dag.py:3096} INFO - Sync 1 DAGs
[2026-08-25T16:06:47.897+0000] {logging_mixin.py:188} INFO - [2026-08-25T16:06:47.897+0000] {dag.py:3954} INFO - Setting next_dagrun for price_etl_pipeline to 2026-08-25 12:00:00+00:00, run_after=2026-08-26 12:00:00+00:00
[2026-08-25T16:06:47.910+0000] {processor.py:183} INFO - Processing /opt/airflow/dags/price_etl_dag.py took 0.254 seconds
[2026-08-25T16:07:18.025+0000] {processor.py:161} INFO - Started process (PID=272) to work on /opt/airflow/dags/price_etl_dag.py
[2026-08-25T16:07:18.026+0000] {processor.py:830} INFO - Processing file /opt/airflow/dags/price_etl_dag.py for tasks to queue
[2026-08-25T16:07:18.027+0000] {logging_mixin.py:188} INFO - [2026-08-25T16:07:18.027+0000] {dagbag.py:545} INFO - Filling up the DagBag from /opt/airflow/dags/price_etl_dag.py
[2026-08-25T16:07:18.040+0000] {processor.py:840} INFO - DAG(s) 'price_etl_pipeline' retrieved from /opt/airflow/dags/price_etl_dag.py
[2026-08-25T16:07:18.056+0000] {logging_mixin.py:188} INFO - [2026-08-25T16:07:18.056+0000] {dag.py:3096} INFO - Sync 1 DAGs
[2026-08-25T16:07:18.066+0000] {logging_mixin.py:188} INFO - [2026-08-25T16:07:18.066+0000] {dag.py:3954} INFO - Setting next_dagrun for price_etl_pipeline to 2026-08-25 12:00:00+00:00, run_after=2026-08-26 12:00:00+00:00
[2026-08-25T16:07:18.077+0000] {processor.py:183} INFO - Processing /opt/airflow/dags/price_etl_dag.py took 0.054 seconds
[2026-08-25T16:07:48.147+0000] {processor.py:161} INFO - Started process (PID=277) to work on /opt/airflow/dags/price_etl_dag.py
[2026-08-25T16:07:48.147+0000] {processor.py:830} INFO - Processing file /opt/airflow/dags/price_etl_dag.py for tasks to queue
[2026-08-25T16:07:48.149+0000] {logging_mixin.py:188} INFO - [2026-08-25T16:07:48.148+0000] {dagbag.py:545} INFO - Filling up the DagBag from /opt/airflow/dags/price_etl_dag.py
[2026-08-25T16:07:48.161+0000] {processor.py:840} INFO - DAG(s) 'price_etl_pipeline' retrieved from /opt/airflow/dags/price_etl_dag.py
[2026-08-25T16:07:48.181+0000] {logging_mixin.py:188} INFO - [2026-08-25T16:07:48.180+0000] {dag.py:3096} INFO - Sync 1 DAGs
[2026-08-25T16:07:48.194+0000] {logging_mixin.py:188} INFO - [2026-08-25T16:07:48.194+0000] {dag.py:3954} INFO - Setting next_dagrun for price_etl_pipeline to 2026-08-25 12:00:00+00:00, run_after=2026-08-26 12:00:00+00:00
[2026-08-25T16:07:48.289+0000] {processor.py:183} INFO - Processing /opt/airflow/dags/price_etl_dag.py took 0.145 seconds
[2026-08-25T16:08:18.395+0000] {processor.py:161} INFO - Started process (PID=282) to work on /opt/airflow/dags/price_etl_dag.py
[2026-08-25T16:08:18.395+0000] {processor.py:830} INFO - Processing file /opt/airflow/dags/price_etl_dag.py for tasks to queue
[2026-08-25T16:08:18.396+0000] {logging_mixin.py:188} INFO - [2026-08-25T16:08:18.396+0000] {dagbag.py:545} INFO - Filling up the DagBag from /opt/airflow/dags/price_etl_dag.py
[2026-08-25T16:08:18.409+0000] {processor.py:840} INFO - DAG(s) 'price_etl_pipeline' retrieved from /opt/airflow/dags/price_etl_dag.py
[2026-08-25T16:08:18.424+0000] {logging_mixin.py:188} INFO - [2026-08-25T16:08:18.424+0000] {dag.py:3096} INFO - Sync 1 DAGs
[2026-08-25T16:08:18.501+0000] {logging_mixin.py:188} INFO - [2026-08-25T16:08:18.501+0000] {dag.py:3954} INFO - Setting next_dagrun for price_etl_pipeline to 2026-08-25 12:00:00+00:00, run_after=2026-08-26 12:00:00+00:00
[2026-08-25T16:08:18.512+0000] {processor.py:183} INFO - Processing /opt/airflow/dags/price_etl_dag.py took 0.120 seconds
[2026-08-25T16:08:48.625+0000] {processor.py:161} INFO - Started process (PID=287) to work on /opt/airflow/dags/price_etl_dag.py
[2026-08-25T16:08:48.626+0000] {processor.py:830} INFO - Processing file /opt/airflow/dags/price_etl_dag.py for tasks to queue
[2026-08-25T16:08:48.627+0000] {logging_mixin.py:188} INFO - [2026-08-25T16:08:48.626+0000] {dagbag.py:545} INFO - Filling up the DagBag from /opt/airflow/dags/price_etl_dag.py
[2026-08-25T16:08:48.640+0000] {processor.py:840} INFO - DAG(s) 'price_etl_pipeline' retrieved from /opt/airflow/dags/price_etl_dag.py
[2026-08-25T16:08:48.656+0000] {logging_mixin.py:188} INFO - [2026-08-25T16:08:48.656+0000] {dag.py:3096} INFO - Sync 1 DAGs
[2026-08-25T16:08:48.759+0000] {logging_mixin.py:188} INFO - [2026-08-25T16:08:48.758+0000] {dag.py:3954} INFO - Setting next_dagrun for price_etl_pipeline to 2026-08-25 12:00:00+00:00, run_after=2026-08-26 12:00:00+00:00
[2026-08-25T16:08:48.772+0000] {processor.py:183} INFO - Processing /opt/airflow/dags/price_etl_dag.py took 0.150 seconds
[2026-08-25T16:09:18.884+0000] {processor.py:161} INFO - Started process (PID=292) to work on /opt/airflow/dags/price_etl_dag.py
[2026-08-25T16:09:18.885+0000] {processor.py:830} INFO - Processing file /opt/airflow/dags/price_etl_dag.py for tasks to queue
[2026-08-25T16:09:18.886+0000] {logging_mixin.py:188} INFO - [2026-08-25T16:09:18.886+0000] {dagbag.py:545} INFO - Filling up the DagBag from /opt/airflow/dags/price_etl_dag.py
[2026-08-25T16:09:18.901+0000] {processor.py:840} INFO - DAG(s) 'price_etl_pipeline' retrieved from /opt/airflow/dags/price_etl_dag.py
[2026-08-25T16:09:19.007+0000] {logging_mixin.py:188} INFO - [2026-08-25T16:09:19.007+0000] {dag.py:3096} INFO - Sync 1 DAGs
[2026-08-25T16:09:19.017+0000] {logging_mixin.py:188} INFO - [2026-08-25T16:09:19.017+0000] {dag.py:3954} INFO - Setting next_dagrun for price_etl_pipeline to 2026-08-25 12:00:00+00:00, run_after=2026-08-26 12:00:00+00:00
[2026-08-25T16:09:19.028+0000] {processor.py:183} INFO - Processing /opt/airflow/dags/price_etl_dag.py took 0.148 seconds
[2026-08-25T16:09:49.140+0000] {processor.py:161} INFO - Started process (PID=297) to work on /opt/airflow/dags/price_etl_dag.py
[2026-08-25T16:09:49.141+0000] {processor.py:830} INFO - Processing file /opt/airflow/dags/price_etl_dag.py for tasks to queue
[2026-08-25T16:09:49.143+0000] {logging_mixin.py:188} INFO - [2026-08-25T16:09:49.143+0000] {dagbag.py:545} INFO - Filling up the DagBag from /opt/airflow/dags/price_etl_dag.py
[2026-08-25T16:09:49.279+0000] {processor.py:840} INFO - DAG(s) 'price_etl_pipeline' retrieved from /opt/airflow/dags/price_etl_dag.py
[2026-08-25T16:09:49.301+0000] {logging_mixin.py:188} INFO - [2026-08-25T16:09:49.301+0000] {dag.py:3096} INFO - Sync 1 DAGs
[2026-08-25T16:09:49.314+0000] {logging_mixin.py:188} INFO - [2026-08-25T16:09:49.314+0000] {dag.py:3954} INFO - Setting next_dagrun for price_etl_pipeline to 2026-08-25 12:00:00+00:00, run_after=2026-08-26 12:00:00+00:00
[2026-08-25T16:09:49.329+0000] {processor.py:183} INFO - Processing /opt/airflow/dags/price_etl_dag.py took 0.194 seconds
[2026-08-25T16:10:19.360+0000] {processor.py:161} INFO - Started process (PID=302) to work on /opt/airflow/dags/price_etl_dag.py
[2026-08-25T16:10:19.360+0000] {processor.py:830} INFO - Processing file /opt/airflow/dags/price_etl_dag.py for tasks to queue
[2026-08-25T16:10:19.362+0000] {logging_mixin.py:188} INFO - [2026-08-25T16:10:19.362+0000] {dagbag.py:545} INFO - Filling up the DagBag from /opt/airflow/dags/price_etl_dag.py
[2026-08-25T16:10:19.377+0000] {processor.py:840} INFO - DAG(s) 'price_etl_pipeline' retrieved from /opt/airflow/dags/price_etl_dag.py
[2026-08-25T16:10:19.397+0000] {logging_mixin.py:188} INFO - [2026-08-25T16:10:19.397+0000] {dag.py:3096} INFO - Sync 1 DAGs
[2026-08-25T16:10:19.408+0000] {logging_mixin.py:188} INFO - [2026-08-25T16:10:19.408+0000] {dag.py:3954} INFO - Setting next_dagrun for price_etl_pipeline to 2026-08-25 12:00:00+00:00, run_after=2026-08-26 12:00:00+00:00
[2026-08-25T16:10:19.418+0000] {processor.py:183} INFO - Processing /opt/airflow/dags/price_etl_dag.py took 0.063 seconds
[2026-08-25T16:10:49.504+0000] {processor.py:161} INFO - Started process (PID=307) to work on /opt/airflow/dags/price_etl_dag.py
[2026-08-25T16:10:49.504+0000] {processor.py:830} INFO - Processing file /opt/airflow/dags/price_etl_dag.py for tasks to queue
[2026-08-25T16:10:49.506+0000] {logging_mixin.py:188} INFO - [2026-08-25T16:10:49.506+0000] {dagbag.py:545} INFO - Filling up the DagBag from /opt/airflow/dags/price_etl_dag.py
[2026-08-25T16:10:49.524+0000] {processor.py:840} INFO - DAG(s) 'price_etl_pipeline' retrieved from /opt/airflow/dags/price_etl_dag.py
[2026-08-25T16:10:49.547+0000] {logging_mixin.py:188} INFO - [2026-08-25T16:10:49.547+0000] {dag.py:3096} INFO - Sync 1 DAGs
[2026-08-25T16:10:49.562+0000] {logging_mixin.py:188} INFO - [2026-08-25T16:10:49.562+0000] {dag.py:3954} INFO - Setting next_dagrun for price_etl_pipeline to 2026-08-25 12:00:00+00:00, run_after=2026-08-26 12:00:00+00:00
[2026-08-25T16:10:49.578+0000] {processor.py:183} INFO - Processing /opt/airflow/dags/price_etl_dag.py took 0.081 seconds
[2026-08-25T16:11:05.664+0000] {processor.py:161} INFO - Started process (PID=228) to work on /opt/airflow/dags/price_etl_dag.py
[2026-08-25T16:11:05.665+0000] {processor.py:830} INFO - Processing file /opt/airflow/dags/price_etl_dag.py for tasks to queue
[2026-08-25T16:11:05.666+0000] {logging_mixin.py:188} INFO - [2026-08-25T16:11:05.665+0000] {dagbag.py:545} INFO - Filling up the DagBag from /opt/airflow/dags/price_etl_dag.py
[2026-08-25T16:11:05.677+0000] {processor.py:840} INFO - DAG(s) 'price_etl_pipeline' retrieved from /opt/airflow/dags/price_etl_dag.py
[2026-08-25T16:11:05.690+0000] {logging_mixin.py:188} INFO - [2026-08-25T16:11:05.689+0000] {dag.py:3096} INFO - Sync 1 DAGs
[2026-08-25T16:11:05.700+0000] {logging_mixin.py:188} INFO - [2026-08-25T16:11:05.700+0000] {dag.py:3954} INFO - Setting next_dagrun for price_etl_pipeline to 2026-08-25 12:00:00+00:00, run_after=2026-08-26 12:00:00+00:00
[2026-08-25T16:11:05.710+0000] {processor.py:183} INFO - Processing /opt/airflow/dags/price_etl_dag.py took 0.048 seconds
[2026-08-25T16:11:35.819+0000] {processor.py:161} INFO - Started process (PID=570) to work on /opt/airflow/dags/price_etl_dag.py
[2026-08-25T16:11:35.819+0000] {processor.py:830} INFO - Processing file /opt/airflow/dags/price_etl_dag.py for tasks to queue
[2026-08-25T16:11:35.823+0000] {logging_mixin.py:188} INFO - [2026-08-25T16:11:35.823+0000] {dagbag.py:545} INFO - Filling up the DagBag from /opt/airflow/dags/price_etl_dag.py
[2026-08-25T16:11:35.837+0000] {processor.py:840} INFO - DAG(s) 'price_etl_pipeline' retrieved from /opt/airflow/dags/price_etl_dag.py
[2026-08-25T16:11:36.029+0000] {logging_mixin.py:188} INFO - [2026-08-25T16:11:36.029+0000] {dag.py:3096} INFO - Sync 1 DAGs
[2026-08-25T16:11:36.037+0000] {logging_mixin.py:188} INFO - [2026-08-25T16:11:36.037+0000] {dag.py:3954} INFO - Setting next_dagrun for price_etl_pipeline to 2026-08-25 12:00:00+00:00, run_after=2026-08-26 12:00:00+00:00
[2026-08-25T16:11:36.050+0000] {processor.py:183} INFO - Processing /opt/airflow/dags/price_etl_dag.py took 0.234 seconds
[2026-08-25T16:12:06.167+0000] {processor.py:161} INFO - Started process (PID=575) to work on /opt/airflow/dags/price_etl_dag.py
[2026-08-25T16:12:06.168+0000] {processor.py:830} INFO - Processing file /opt/airflow/dags/price_etl_dag.py for tasks to queue
[2026-08-25T16:12:06.169+0000] {logging_mixin.py:188} INFO - [2026-08-25T16:12:06.169+0000] {dagbag.py:545} INFO - Filling up the DagBag from /opt/airflow/dags/price_etl_dag.py
[2026-08-25T16:12:06.181+0000] {processor.py:840} INFO - DAG(s) 'price_etl_pipeline' retrieved from /opt/airflow/dags/price_etl_dag.py
[2026-08-25T16:12:06.197+0000] {logging_mixin.py:188} INFO - [2026-08-25T16:12:06.197+0000] {dag.py:3096} INFO - Sync 1 DAGs
[2026-08-25T16:12:06.208+0000] {logging_mixin.py:188} INFO - [2026-08-25T16:12:06.208+0000] {dag.py:3954} INFO - Setting next_dagrun for price_etl_pipeline to 2026-08-25 12:00:00+00:00, run_after=2026-08-26 12:00:00+00:00
[2026-08-25T16:12:06.222+0000] {processor.py:183} INFO - Processing /opt/airflow/dags/price_etl_dag.py took 0.057 seconds
[2026-08-25T16:12:36.285+0000] {processor.py:161} INFO - Started process (PID=598) to work on /opt/airflow/dags/price_etl_dag.py
[2026-08-25T16:12:36.286+0000] {processor.py:830} INFO - Processing file /opt/airflow/dags/price_etl_dag.py for tasks to queue
[2026-08-25T16:12:36.287+0000] {logging_mixin.py:188} INFO - [2026-08-25T16:12:36.287+0000] {dagbag.py:545} INFO - Filling up the DagBag from /opt/airflow/dags/price_etl_dag.py
[2026-08-25T16:12:36.300+0000] {processor.py:840} INFO - DAG(s) 'price_etl_pipeline' retrieved from /opt/airflow/dags/price_etl_dag.py
[2026-08-25T16:12:36.315+0000] {logging_mixin.py:188} INFO - [2026-08-25T16:12:36.315+0000] {dag.py:3096} INFO - Sync 1 DAGs
[2026-08-25T16:12:36.325+0000] {logging_mixin.py:188} INFO - [2026-08-25T16:12:36.325+0000] {dag.py:3954} INFO - Setting next_dagrun for price_etl_pipeline to 2026-08-25 12:00:00+00:00, run_after=2026-08-26 12:00:00+00:00
[2026-08-25T16:12:36.401+0000] {processor.py:183} INFO - Processing /opt/airflow/dags/price_etl_dag.py took 0.119 seconds
[2026-08-25T16:13:06.431+0000] {processor.py:161} INFO - Started process (PID=603) to work on /opt/airflow/dags/price_etl_dag.py
[2026-08-25T16:13:06.432+0000] {processor.py:830} INFO - Processing file /opt/airflow/dags/price_etl_dag.py for tasks to queue
[2026-08-25T16:13:06.433+0000] {logging_mixin.py:188} INFO - [2026-08-25T16:13:06.433+0000] {dagbag.py:545} INFO - Filling up the DagBag from /opt/airflow/dags/price_etl_dag.py
[2026-08-25T16:13:06.445+0000] {processor.py:840} INFO - DAG(s) 'price_etl_pipeline' retrieved from /opt/airflow/dags/price_etl_dag.py
[2026-08-25T16:13:06.461+0000] {logging_mixin.py:188} INFO - [2026-08-25T16:13:06.460+0000] {dag.py:3096} INFO - Sync 1 DAGs
[2026-08-25T16:13:06.553+0000] {logging_mixin.py:188} INFO - [2026-08-25T16:13:06.553+0000] {dag.py:3954} INFO - Setting next_dagrun for price_etl_pipeline to 2026-08-25 12:00:00+00:00, run_after=2026-08-26 12:00:00+00:00
[2026-08-25T16:13:06.564+0000] {processor.py:183} INFO - Processing /opt/airflow/dags/price_etl_dag.py took 0.135 seconds
[2026-08-25T16:13:36.611+0000] {processor.py:161} INFO - Started process (PID=608) to work on /opt/airflow/dags/price_etl_dag.py
[2026-08-25T16:13:36.611+0000] {processor.py:830} INFO - Processing file /opt/airflow/dags/price_etl_dag.py for tasks to queue
[2026-08-25T16:13:36.612+0000] {logging_mixin.py:188} INFO - [2026-08-25T16:13:36.612+0000] {dagbag.py:545} INFO - Filling up the DagBag from /opt/airflow/dags/price_etl_dag.py
[2026-08-25T16:13:36.625+0000] {processor.py:840} INFO - DAG(s) 'price_etl_pipeline' retrieved from /opt/airflow/dags/price_etl_dag.py
[2026-08-25T16:13:36.640+0000] {logging_mixin.py:188} INFO - [2026-08-25T16:13:36.640+0000] {dag.py:3096} INFO - Sync 1 DAGs
[2026-08-25T16:13:36.704+0000] {logging_mixin.py:188} INFO - [2026-08-25T16:13:36.704+0000] {dag.py:3954} INFO - Setting next_dagrun for price_etl_pipeline to 2026-08-25 12:00:00+00:00, run_after=2026-08-26 12:00:00+00:00
[2026-08-25T16:13:36.715+0000] {processor.py:183} INFO - Processing /opt/airflow/dags/price_etl_dag.py took 0.107 seconds
[2026-08-25T16:14:06.778+0000] {processor.py:161} INFO - Started process (PID=1040) to work on /opt/airflow/dags/price_etl_dag.py
[2026-08-25T16:14:06.778+0000] {processor.py:830} INFO - Processing file /opt/airflow/dags/price_etl_dag.py for tasks to queue
[2026-08-25T16:14:06.779+0000] {logging_mixin.py:188} INFO - [2026-08-25T16:14:06.779+0000] {dagbag.py:545} INFO - Filling up the DagBag from /opt/airflow/dags/price_etl_dag.py
[2026-08-25T16:14:06.790+0000] {processor.py:840} INFO - DAG(s) 'price_etl_pipeline' retrieved from /opt/airflow/dags/price_etl_dag.py
[2026-08-25T16:14:06.858+0000] {logging_mixin.py:188} INFO - [2026-08-25T16:14:06.858+0000] {dag.py:3096} INFO - Sync 1 DAGs
[2026-08-25T16:14:06.866+0000] {logging_mixin.py:188} INFO - [2026-08-25T16:14:06.866+0000] {dag.py:3954} INFO - Setting next_dagrun for price_etl_pipeline to 2026-08-25 12:00:00+00:00, run_after=2026-08-26 12:00:00+00:00
[2026-08-25T16:14:06.876+0000] {processor.py:183} INFO - Processing /opt/airflow/dags/price_etl_dag.py took 0.101 seconds
[2026-08-25T16:14:36.933+0000] {processor.py:161} INFO - Started process (PID=1045) to work on /opt/airflow/dags/price_etl_dag.py
[2026-08-25T16:14:36.934+0000] {processor.py:830} INFO - Processing file /opt/airflow/dags/price_etl_dag.py for tasks to queue
[2026-08-25T16:14:36.935+0000] {logging_mixin.py:188} INFO - [2026-08-25T16:14:36.935+0000] {dagbag.py:545} INFO - Filling up the DagBag from /opt/airflow/dags/price_etl_dag.py
[2026-08-25T16:14:37.006+0000] {processor.py:840} INFO - DAG(s) 'price_etl_pipeline' retrieved from /opt/airflow/dags/price_etl_dag.py
[2026-08-25T16:14:37.021+0000] {logging_mixin.py:188} INFO - [2026-08-25T16:14:37.021+0000] {dag.py:3096} INFO - Sync 1 DAGs
[2026-08-25T16:14:37.031+0000] {logging_mixin.py:188} INFO - [2026-08-25T16:14:37.031+0000] {dag.py:3954} INFO - Setting next_dagrun for price_etl_pipeline to 2026-08-25 12:00:00+00:00, run_after=2026-08-26 12:00:00+00:00
[2026-08-25T16:14:37.042+0000] {processor.py:183} INFO - Processing /opt/airflow/dags/price_etl_dag.py took 0.111 seconds
[2026-08-25T16:15:07.152+0000] {processor.py:161} INFO - Started process (PID=1050) to work on /opt/airflow/dags/price_etl_dag.py
[2026-08-25T16:15:07.153+0000] {processor.py:830} INFO - Processing file /opt/airflow/dags/price_etl_dag.py for tasks to queue
[2026-08-25T16:15:07.154+0000] {logging_mixin.py:188} INFO - [2026-08-25T16:15:07.154+0000] {dagbag.py:545} INFO - Filling up the DagBag from /opt/airflow/dags/price_etl_dag.py
[2026-08-25T16:15:07.167+0000] {processor.py:840} INFO - DAG(s) 'price_etl_pipeline' retrieved from /opt/airflow/dags/price_etl_dag.py
[2026-08-25T16:15:07.185+0000] {logging_mixin.py:188} INFO - [2026-08-25T16:15:07.185+0000] {dag.py:3096} INFO - Sync 1 DAGs
[2026-08-25T16:15:07.198+0000] {logging_mixin.py:188} INFO - [2026-08-25T16:15:07.198+0000] {dag.py:3954} INFO - Setting next_dagrun for price_etl_pipeline to 2026-08-25 12:00:00+00:00, run_after=2026-08-26 12:00:00+00:00
[2026-08-25T16:15:07.210+0000] {processor.py:183} INFO - Processing /opt/airflow/dags/price_etl_dag.py took 0.061 seconds
[2026-08-25T16:15:37.275+0000] {processor.py:161} INFO - Started process (PID=1055) to work on /opt/airflow/dags/price_etl_dag.py
[2026-08-25T16:15:37.276+0000] {processor.py:830} INFO - Processing file /opt/airflow/dags/price_etl_dag.py for tasks to queue
[2026-08-25T16:15:37.277+0000] {logging_mixin.py:188} INFO - [2026-08-25T16:15:37.277+0000] {dagbag.py:545} INFO - Filling up the DagBag from /opt/airflow/dags/price_etl_dag.py
[2026-08-25T16:15:37.289+0000] {processor.py:840} INFO - DAG(s) 'price_etl_pipeline' retrieved from /opt/airflow/dags/price_etl_dag.py
[2026-08-25T16:15:37.306+0000] {logging_mixin.py:188} INFO - [2026-08-25T16:15:37.306+0000] {dag.py:3096} INFO - Sync 1 DAGs
[2026-08-25T16:15:37.320+0000] {logging_mixin.py:188} INFO - [2026-08-25T16:15:37.320+0000] {dag.py:3954} INFO - Setting next_dagrun for price_etl_pipeline to 2026-08-25 12:00:00+00:00, run_after=2026-08-26 12:00:00+00:00
[2026-08-25T16:15:37.333+0000] {processor.py:183} INFO - Processing /opt/airflow/dags/price_etl_dag.py took 0.061 seconds
[2026-08-25T16:16:07.441+0000] {processor.py:161} INFO - Started process (PID=1060) to work on /opt/airflow/dags/price_etl_dag.py
[2026-08-25T16:16:07.441+0000] {processor.py:830} INFO - Processing file /opt/airflow/dags/price_etl_dag.py for tasks to queue
[2026-08-25T16:16:07.442+0000] {logging_mixin.py:188} INFO - [2026-08-25T16:16:07.442+0000] {dagbag.py:545} INFO - Filling up the DagBag from /opt/airflow/dags/price_etl_dag.py
[2026-08-25T16:16:07.455+0000] {processor.py:840} INFO - DAG(s) 'price_etl_pipeline' retrieved from /opt/airflow/dags/price_etl_dag.py
[2026-08-25T16:16:07.472+0000] {logging_mixin.py:188} INFO - [2026-08-25T16:16:07.471+0000] {dag.py:3096} INFO - Sync 1 DAGs
[2026-08-25T16:16:07.486+0000] {logging_mixin.py:188} INFO - [2026-08-25T16:16:07.486+0000] {dag.py:3954} INFO - Setting next_dagrun for price_etl_pipeline to 2026-08-25 12:00:00+00:00, run_after=2026-08-26 12:00:00+00:00
[2026-08-25T16:16:07.499+0000] {processor.py:183} INFO - Processing /opt/airflow/dags/price_etl_dag.py took 0.061 seconds
[2026-08-25T16:16:37.566+0000] {processor.py:161} INFO - Started process (PID=1065) to work on /opt/airflow/dags/price_etl_dag.py
[2026-08-25T16:16:37.567+0000] {processor.py:830} INFO - Processing file /opt/airflow/dags/price_etl_dag.py for tasks to queue
[2026-08-25T16:16:37.568+0000] {logging_mixin.py:188} INFO - [2026-08-25T16:16:37.568+0000] {dagbag.py:545} INFO - Filling up the DagBag from /opt/airflow/dags/price_etl_dag.py
[2026-08-25T16:16:37.582+0000] {processor.py:840} INFO - DAG(s) 'price_etl_pipeline' retrieved from /opt/airflow/dags/price_etl_dag.py
[2026-08-25T16:16:37.603+0000] {logging_mixin.py:188} INFO - [2026-08-25T16:16:37.603+0000] {dag.py:3096} INFO - Sync 1 DAGs
[2026-08-25T16:16:37.617+0000] {logging_mixin.py:188} INFO - [2026-08-25T16:16:37.617+0000] {dag.py:3954} INFO - Setting next_dagrun for price_etl_pipeline to 2026-08-25 12:00:00+00:00, run_after=2026-08-26 12:00:00+00:00
[2026-08-25T16:16:37.631+0000] {processor.py:183} INFO - Processing /opt/airflow/dags/price_etl_dag.py took 0.067 seconds
[2026-08-25T16:17:07.706+0000] {processor.py:161} INFO - Started process (PID=1070) to work on /opt/airflow/dags/price_etl_dag.py
[2026-08-25T16:17:07.707+0000] {processor.py:830} INFO - Processing file /opt/airflow/dags/price_etl_dag.py for tasks to queue
[2026-08-25T16:17:07.708+0000] {logging_mixin.py:188} INFO - [2026-08-25T16:17:07.708+0000] {dagbag.py:545} INFO - Filling up the DagBag from /opt/airflow/dags/price_etl_dag.py
[2026-08-25T16:17:07.720+0000] {processor.py:840} INFO - DAG(s) 'price_etl_pipeline' retrieved from /opt/airflow/dags/price_etl_dag.py
[2026-08-25T16:17:07.741+0000] {logging_mixin.py:188} INFO - [2026-08-25T16:17:07.740+0000] {dag.py:3096} INFO - Sync 1 DAGs
[2026-08-25T16:17:07.755+0000] {logging_mixin.py:188} INFO - [2026-08-25T16:17:07.755+0000] {dag.py:3954} INFO - Setting next_dagrun for price_etl_pipeline to 2026-08-25 12:00:00+00:00, run_after=2026-08-26 12:00:00+00:00
[2026-08-25T16:17:07.768+0000] {processor.py:183} INFO - Processing /opt/airflow/dags/price_etl_dag.py took 0.064 seconds
[2026-08-25T16:17:37.833+0000] {processor.py:161} INFO - Started process (PID=1075) to work on /opt/airflow/dags/price_etl_dag.py
[2026-08-25T16:17:37.833+0000] {processor.py:830} INFO - Processing file /opt/airflow/dags/price_etl_dag.py for tasks to queue
[2026-08-25T16:17:37.834+0000] {logging_mixin.py:188} INFO - [2026-08-25T16:17:37.834+0000] {dagbag.py:545} INFO - Filling up the DagBag from /opt/airflow/dags/price_etl_dag.py
[2026-08-25T16:17:37.846+0000] {processor.py:840} INFO - DAG(s) 'price_etl_pipeline' retrieved from /opt/airflow/dags/price_etl_dag.py
[2026-08-25T16:17:37.864+0000] {logging_mixin.py:188} INFO - [2026-08-25T16:17:37.864+0000] {dag.py:3096} INFO - Sync 1 DAGs
[2026-08-25T16:17:37.877+0000] {logging_mixin.py:188} INFO - [2026-08-25T16:17:37.877+0000] {dag.py:3954} INFO - Setting next_dagrun for price_etl_pipeline to 2026-08-25 12:00:00+00:00, run_after=2026-08-26 12:00:00+00:00
[2026-08-25T16:17:37.889+0000] {processor.py:183} INFO - Processing /opt/airflow/dags/price_etl_dag.py took 0.058 seconds
[2026-08-25T16:18:07.982+0000] {processor.py:161} INFO - Started process (PID=1080) to work on /opt/airflow/dags/price_etl_dag.py
[2026-08-25T16:18:07.983+0000] {processor.py:830} INFO - Processing file /opt/airflow/dags/price_etl_dag.py for tasks to queue
[2026-08-25T16:18:07.984+0000] {logging_mixin.py:188} INFO - [2026-08-25T16:18:07.984+0000] {dagbag.py:545} INFO - Filling up the DagBag from /opt/airflow/dags/price_etl_dag.py
[2026-08-25T16:18:07.997+0000] {processor.py:840} INFO - DAG(s) 'price_etl_pipeline' retrieved from /opt/airflow/dags/price_etl_dag.py
[2026-08-25T16:18:08.013+0000] {logging_mixin.py:188} INFO - [2026-08-25T16:18:08.013+0000] {dag.py:3096} INFO - Sync 1 DAGs
[2026-08-25T16:18:08.023+0000] {logging_mixin.py:188} INFO - [2026-08-25T16:18:08.023+0000] {dag.py:3954} INFO - Setting next_dagrun for price_etl_pipeline to 2026-08-25 12:00:00+00:00, run_after=2026-08-26 12:00:00+00:00
[2026-08-25T16:18:08.034+0000] {processor.py:183} INFO - Processing /opt/airflow/dags/price_etl_dag.py took 0.055 seconds
[2026-08-25T16:18:43.441+0000] {processor.py:161} INFO - Started process (PID=202) to work on /opt/airflow/dags/price_etl_dag.py
[2026-08-25T16:18:43.442+0000] {processor.py:830} INFO - Processing file /opt/airflow/dags/price_etl_dag.py for tasks to queue
[2026-08-25T16:18:43.443+0000] {logging_mixin.py:188} INFO - [2026-08-25T16:18:43.442+0000] {dagbag.py:545} INFO - Filling up the DagBag from /opt/airflow/dags/price_etl_dag.py
[2026-08-25T16:18:43.458+0000] {processor.py:840} INFO - DAG(s) 'price_etl_pipeline' retrieved from /opt/airflow/dags/price_etl_dag.py
[2026-08-25T16:18:43.472+0000] {logging_mixin.py:188} INFO - [2026-08-25T16:18:43.472+0000] {dag.py:3096} INFO - Sync 1 DAGs
[2026-08-25T16:18:43.482+0000] {logging_mixin.py:188} INFO - [2026-08-25T16:18:43.482+0000] {dag.py:3954} INFO - Setting next_dagrun for price_etl_pipeline to 2026-08-25 12:00:00+00:00, run_after=2026-08-26 12:00:00+00:00
[2026-08-25T16:18:43.496+0000] {processor.py:183} INFO - Processing /opt/airflow/dags/price_etl_dag.py took 0.057 seconds
[2026-08-25T16:19:13.573+0000] {processor.py:161} INFO - Started process (PID=207) to work on /opt/airflow/dags/price_etl_dag.py
[2026-08-25T16:19:13.573+0000] {processor.py:830} INFO - Processing file /opt/airflow/dags/price_etl_dag.py for tasks to queue
[2026-08-25T16:19:13.576+0000] {logging_mixin.py:188} INFO - [2026-08-25T16:19:13.576+0000] {dagbag.py:545} INFO - Filling up the DagBag from /opt/airflow/dags/price_etl_dag.py
[2026-08-25T16:19:13.590+0000] {processor.py:840} INFO - DAG(s) 'price_etl_pipeline' retrieved from /opt/airflow/dags/price_etl_dag.py
[2026-08-25T16:19:13.777+0000] {logging_mixin.py:188} INFO - [2026-08-25T16:19:13.777+0000] {dag.py:3096} INFO - Sync 1 DAGs
[2026-08-25T16:19:13.786+0000] {logging_mixin.py:188} INFO - [2026-08-25T16:19:13.786+0000] {dag.py:3954} INFO - Setting next_dagrun for price_etl_pipeline to 2026-08-25 12:00:00+00:00, run_after=2026-08-26 12:00:00+00:00
[2026-08-25T16:19:13.797+0000] {processor.py:183} INFO - Processing /opt/airflow/dags/price_etl_dag.py took 0.227 seconds
[2026-08-25T16:19:43.907+0000] {processor.py:161} INFO - Started process (PID=212) to work on /opt/airflow/dags/price_etl_dag.py
[2026-08-25T16:19:43.908+0000] {processor.py:830} INFO - Processing file /opt/airflow/dags/price_etl_dag.py for tasks to queue
[2026-08-25T16:19:43.909+0000] {logging_mixin.py:188} INFO - [2026-08-25T16:19:43.909+0000] {dagbag.py:545} INFO - Filling up the DagBag from /opt/airflow/dags/price_etl_dag.py
[2026-08-25T16:19:43.926+0000] {processor.py:840} INFO - DAG(s) 'price_etl_pipeline' retrieved from /opt/airflow/dags/price_etl_dag.py
[2026-08-25T16:19:43.957+0000] {logging_mixin.py:188} INFO - [2026-08-25T16:19:43.957+0000] {dag.py:3096} INFO - Sync 1 DAGs
[2026-08-25T16:19:43.972+0000] {logging_mixin.py:188} INFO - [2026-08-25T16:19:43.971+0000] {dag.py:3954} INFO - Setting next_dagrun for price_etl_pipeline to 2026-08-25 12:00:00+00:00, run_after=2026-08-26 12:00:00+00:00
[2026-08-25T16:19:43.986+0000] {processor.py:183} INFO - Processing /opt/airflow/dags/price_etl_dag.py took 0.081 seconds
[2026-08-25T16:20:18.544+0000] {processor.py:161} INFO - Started process (PID=202) to work on /opt/airflow/dags/price_etl_dag.py
[2026-08-25T16:20:18.545+0000] {processor.py:830} INFO - Processing file /opt/airflow/dags/price_etl_dag.py for tasks to queue
[2026-08-25T16:20:18.546+0000] {logging_mixin.py:188} INFO - [2026-08-25T16:20:18.546+0000] {dagbag.py:545} INFO - Filling up the DagBag from /opt/airflow/dags/price_etl_dag.py
[2026-08-25T16:20:18.560+0000] {processor.py:840} INFO - DAG(s) 'price_etl_pipeline' retrieved from /opt/airflow/dags/price_etl_dag.py
[2026-08-25T16:20:18.576+0000] {logging_mixin.py:188} INFO - [2026-08-25T16:20:18.576+0000] {dag.py:3096} INFO - Sync 1 DAGs
[2026-08-25T16:20:18.590+0000] {logging_mixin.py:188} INFO - [2026-08-25T16:20:18.590+0000] {dag.py:3954} INFO - Setting next_dagrun for price_etl_pipeline to 2026-08-25 12:00:00+00:00, run_after=2026-08-26 12:00:00+00:00
[2026-08-25T16:20:18.601+0000] {processor.py:183} INFO - Processing /opt/airflow/dags/price_etl_dag.py took 0.060 seconds
[2026-08-25T16:20:48.685+0000] {processor.py:161} INFO - Started process (PID=282) to work on /opt/airflow/dags/price_etl_dag.py
[2026-08-25T16:20:48.686+0000] {processor.py:830} INFO - Processing file /opt/airflow/dags/price_etl_dag.py for tasks to queue
[2026-08-25T16:20:48.690+0000] {logging_mixin.py:188} INFO - [2026-08-25T16:20:48.690+0000] {dagbag.py:545} INFO - Filling up the DagBag from /opt/airflow/dags/price_etl_dag.py
[2026-08-25T16:20:48.705+0000] {processor.py:840} INFO - DAG(s) 'price_etl_pipeline' retrieved from /opt/airflow/dags/price_etl_dag.py
[2026-08-25T16:20:48.909+0000] {logging_mixin.py:188} INFO - [2026-08-25T16:20:48.909+0000] {dag.py:3096} INFO - Sync 1 DAGs
[2026-08-25T16:20:48.918+0000] {logging_mixin.py:188} INFO - [2026-08-25T16:20:48.918+0000] {dag.py:3954} INFO - Setting next_dagrun for price_etl_pipeline to 2026-08-25 12:00:00+00:00, run_after=2026-08-26 12:00:00+00:00
[2026-08-25T16:20:48.931+0000] {processor.py:183} INFO - Processing /opt/airflow/dags/price_etl_dag.py took 0.249 seconds
[2026-08-25T16:21:19.044+0000] {processor.py:161} INFO - Started process (PID=287) to work on /opt/airflow/dags/price_etl_dag.py
[2026-08-25T16:21:19.045+0000] {processor.py:830} INFO - Processing file /opt/airflow/dags/price_etl_dag.py for tasks to queue
[2026-08-25T16:21:19.046+0000] {logging_mixin.py:188} INFO - [2026-08-25T16:21:19.046+0000] {dagbag.py:545} INFO - Filling up the DagBag from /opt/airflow/dags/price_etl_dag.py
[2026-08-25T16:21:19.059+0000] {processor.py:840} INFO - DAG(s) 'price_etl_pipeline' retrieved from /opt/airflow/dags/price_etl_dag.py
[2026-08-25T16:21:19.074+0000] {logging_mixin.py:188} INFO - [2026-08-25T16:21:19.074+0000] {dag.py:3096} INFO - Sync 1 DAGs
[2026-08-25T16:21:19.087+0000] {logging_mixin.py:188} INFO - [2026-08-25T16:21:19.087+0000] {dag.py:3954} INFO - Setting next_dagrun for price_etl_pipeline to 2026-08-25 12:00:00+00:00, run_after=2026-08-26 12:00:00+00:00
[2026-08-25T16:21:19.102+0000] {processor.py:183} INFO - Processing /opt/airflow/dags/price_etl_dag.py took 0.060 seconds
[2026-08-25T16:21:44.808+0000] {processor.py:161} INFO - Started process (PID=353) to work on /opt/airflow/dags/price_etl_dag.py
[2026-08-25T16:21:44.809+0000] {processor.py:830} INFO - Processing file /opt/airflow/dags/price_etl_dag.py for tasks to queue
[2026-08-25T16:21:44.810+0000] {logging_mixin.py:188} INFO - [2026-08-25T16:21:44.810+0000] {dagbag.py:545} INFO - Filling up the DagBag from /opt/airflow/dags/price_etl_dag.py
[2026-08-25T16:21:44.823+0000] {processor.py:840} INFO - DAG(s) 'price_etl_pipeline' retrieved from /opt/airflow/dags/price_etl_dag.py
[2026-08-25T16:21:44.841+0000] {logging_mixin.py:188} INFO - [2026-08-25T16:21:44.840+0000] {dag.py:3096} INFO - Sync 1 DAGs
[2026-08-25T16:21:44.854+0000] {logging_mixin.py:188} INFO - [2026-08-25T16:21:44.854+0000] {dag.py:3954} INFO - Setting next_dagrun for price_etl_pipeline to 2026-08-25 12:00:00+00:00, run_after=2026-08-26 12:00:00+00:00
[2026-08-25T16:21:44.865+0000] {processor.py:183} INFO - Processing /opt/airflow/dags/price_etl_dag.py took 0.061 seconds
[2026-08-25T16:22:14.954+0000] {processor.py:161} INFO - Started process (PID=792) to work on /opt/airflow/dags/price_etl_dag.py
[2026-08-25T16:22:14.954+0000] {processor.py:830} INFO - Processing file /opt/airflow/dags/price_etl_dag.py for tasks to queue
[2026-08-25T16:22:14.957+0000] {logging_mixin.py:188} INFO - [2026-08-25T16:22:14.957+0000] {dagbag.py:545} INFO - Filling up the DagBag from /opt/airflow/dags/price_etl_dag.py
[2026-08-25T16:22:14.969+0000] {processor.py:840} INFO - DAG(s) 'price_etl_pipeline' retrieved from /opt/airflow/dags/price_etl_dag.py
[2026-08-25T16:22:15.155+0000] {logging_mixin.py:188} INFO - [2026-08-25T16:22:15.155+0000] {dag.py:3096} INFO - Sync 1 DAGs
[2026-08-25T16:22:15.164+0000] {logging_mixin.py:188} INFO - [2026-08-25T16:22:15.164+0000] {dag.py:3954} INFO - Setting next_dagrun for price_etl_pipeline to 2026-08-25 12:00:00+00:00, run_after=2026-08-26 12:00:00+00:00
[2026-08-25T16:22:15.177+0000] {processor.py:183} INFO - Processing /opt/airflow/dags/price_etl_dag.py took 0.225 seconds
[2026-08-25T16:22:45.291+0000] {processor.py:161} INFO - Started process (PID=797) to work on /opt/airflow/dags/price_etl_dag.py
[2026-08-25T16:22:45.291+0000] {processor.py:830} INFO - Processing file /opt/airflow/dags/price_etl_dag.py for tasks to queue
[2026-08-25T16:22:45.292+0000] {logging_mixin.py:188} INFO - [2026-08-25T16:22:45.292+0000] {dagbag.py:545} INFO - Filling up the DagBag from /opt/airflow/dags/price_etl_dag.py
[2026-08-25T16:22:45.305+0000] {processor.py:840} INFO - DAG(s) 'price_etl_pipeline' retrieved from /opt/airflow/dags/price_etl_dag.py
[2026-08-25T16:22:45.322+0000] {logging_mixin.py:188} INFO - [2026-08-25T16:22:45.321+0000] {dag.py:3096} INFO - Sync 1 DAGs
[2026-08-25T16:22:45.335+0000] {logging_mixin.py:188} INFO - [2026-08-25T16:22:45.335+0000] {dag.py:3954} INFO - Setting next_dagrun for price_etl_pipeline to 2026-08-25 12:00:00+00:00, run_after=2026-08-26 12:00:00+00:00
[2026-08-25T16:22:45.350+0000] {processor.py:183} INFO - Processing /opt/airflow/dags/price_etl_dag.py took 0.062 seconds
[2026-08-25T16:23:15.409+0000] {processor.py:161} INFO - Started process (PID=802) to work on /opt/airflow/dags/price_etl_dag.py
[2026-08-25T16:23:15.409+0000] {processor.py:830} INFO - Processing file /opt/airflow/dags/price_etl_dag.py for tasks to queue
[2026-08-25T16:23:15.410+0000] {logging_mixin.py:188} INFO - [2026-08-25T16:23:15.410+0000] {dagbag.py:545} INFO - Filling up the DagBag from /opt/airflow/dags/price_etl_dag.py
[2026-08-25T16:23:15.424+0000] {processor.py:840} INFO - DAG(s) 'price_etl_pipeline' retrieved from /opt/airflow/dags/price_etl_dag.py
[2026-08-25T16:23:15.440+0000] {logging_mixin.py:188} INFO - [2026-08-25T16:23:15.440+0000] {dag.py:3096} INFO - Sync 1 DAGs
[2026-08-25T16:23:15.450+0000] {logging_mixin.py:188} INFO - [2026-08-25T16:23:15.450+0000] {dag.py:3954} INFO - Setting next_dagrun for price_etl_pipeline to 2026-08-25 12:00:00+00:00, run_after=2026-08-26 12:00:00+00:00
[2026-08-25T16:23:15.532+0000] {processor.py:183} INFO - Processing /opt/airflow/dags/price_etl_dag.py took 0.126 seconds
[2026-08-25T16:23:45.632+0000] {processor.py:161} INFO - Started process (PID=807) to work on /opt/airflow/dags/price_etl_dag.py
[2026-08-25T16:23:45.633+0000] {processor.py:830} INFO - Processing file /opt/airflow/dags/price_etl_dag.py for tasks to queue
[2026-08-25T16:23:45.634+0000] {logging_mixin.py:188} INFO - [2026-08-25T16:23:45.634+0000] {dagbag.py:545} INFO - Filling up the DagBag from /opt/airflow/dags/price_etl_dag.py
[2026-08-25T16:23:45.647+0000] {processor.py:840} INFO - DAG(s) 'price_etl_pipeline' retrieved from /opt/airflow/dags/price_etl_dag.py
[2026-08-25T16:23:45.662+0000] {logging_mixin.py:188} INFO - [2026-08-25T16:23:45.662+0000] {dag.py:3096} INFO - Sync 1 DAGs
[2026-08-25T16:23:45.748+0000] {logging_mixin.py:188} INFO - [2026-08-25T16:23:45.748+0000] {dag.py:3954} INFO - Setting next_dagrun for price_etl_pipeline to 2026-08-25 12:00:00+00:00, run_after=2026-08-26 12:00:00+00:00
[2026-08-25T16:23:45.761+0000] {processor.py:183} INFO - Processing /opt/airflow/dags/price_etl_dag.py took 0.132 seconds
[2026-08-25T16:24:15.869+0000] {processor.py:161} INFO - Started process (PID=812) to work on /opt/airflow/dags/price_etl_dag.py
[2026-08-25T16:24:15.869+0000] {processor.py:830} INFO - Processing file /opt/airflow/dags/price_etl_dag.py for tasks to queue
[2026-08-25T16:24:15.870+0000] {logging_mixin.py:188} INFO - [2026-08-25T16:24:15.870+0000] {dagbag.py:545} INFO - Filling up the DagBag from /opt/airflow/dags/price_etl_dag.py
[2026-08-25T16:24:15.883+0000] {processor.py:840} INFO - DAG(s) 'price_etl_pipeline' retrieved from /opt/airflow/dags/price_etl_dag.py
[2026-08-25T16:24:15.897+0000] {logging_mixin.py:188} INFO - [2026-08-25T16:24:15.897+0000] {dag.py:3096} INFO - Sync 1 DAGs
[2026-08-25T16:24:15.977+0000] {logging_mixin.py:188} INFO - [2026-08-25T16:24:15.977+0000] {dag.py:3954} INFO - Setting next_dagrun for price_etl_pipeline to 2026-08-25 12:00:00+00:00, run_after=2026-08-26 12:00:00+00:00
[2026-08-25T16:24:15.990+0000] {processor.py:183} INFO - Processing /opt/airflow/dags/price_etl_dag.py took 0.124 seconds
[2026-08-25T16:24:46.097+0000] {processor.py:161} INFO - Started process (PID=817) to work on /opt/airflow/dags/price_etl_dag.py
[2026-08-25T16:24:46.097+0000] {processor.py:830} INFO - Processing file /opt/airflow/dags/price_etl_dag.py for tasks to queue
[2026-08-25T16:24:46.098+0000] {logging_mixin.py:188} INFO - [2026-08-25T16:24:46.098+0000] {dagbag.py:545} INFO - Filling up the DagBag from /opt/airflow/dags/price_etl_dag.py
[2026-08-25T16:24:46.111+0000] {processor.py:840} INFO - DAG(s) 'price_etl_pipeline' retrieved from /opt/airflow/dags/price_etl_dag.py
[2026-08-25T16:24:46.198+0000] {logging_mixin.py:188} INFO - [2026-08-25T16:24:46.198+0000] {dag.py:3096} INFO - Sync 1 DAGs
[2026-08-25T16:24:46.208+0000] {logging_mixin.py:188} INFO - [2026-08-25T16:24:46.208+0000] {dag.py:3954} INFO - Setting next_dagrun for price_etl_pipeline to 2026-08-25 12:00:00+00:00, run_after=2026-08-26 12:00:00+00:00
[2026-08-25T16:24:46.222+0000] {processor.py:183} INFO - Processing /opt/airflow/dags/price_etl_dag.py took 0.128 seconds
[2026-08-25T16:25:16.326+0000] {processor.py:161} INFO - Started process (PID=822) to work on /opt/airflow/dags/price_etl_dag.py
[2026-08-25T16:25:16.327+0000] {processor.py:830} INFO - Processing file /opt/airflow/dags/price_etl_dag.py for tasks to queue
[2026-08-25T16:25:16.328+0000] {logging_mixin.py:188} INFO - [2026-08-25T16:25:16.328+0000] {dagbag.py:545} INFO - Filling up the DagBag from /opt/airflow/dags/price_etl_dag.py
[2026-08-25T16:25:16.416+0000] {processor.py:840} INFO - DAG(s) 'price_etl_pipeline' retrieved from /opt/airflow/dags/price_etl_dag.py
[2026-08-25T16:25:16.432+0000] {logging_mixin.py:188} INFO - [2026-08-25T16:25:16.431+0000] {dag.py:3096} INFO - Sync 1 DAGs
[2026-08-25T16:25:16.442+0000] {logging_mixin.py:188} INFO - [2026-08-25T16:25:16.442+0000] {dag.py:3954} INFO - Setting next_dagrun for price_etl_pipeline to 2026-08-25 12:00:00+00:00, run_after=2026-08-26 12:00:00+00:00
[2026-08-25T16:25:16.455+0000] {processor.py:183} INFO - Processing /opt/airflow/dags/price_etl_dag.py took 0.131 seconds
[2026-08-25T16:25:46.533+0000] {processor.py:161} INFO - Started process (PID=827) to work on /opt/airflow/dags/price_etl_dag.py
[2026-08-25T16:25:46.533+0000] {processor.py:830} INFO - Processing file /opt/airflow/dags/price_etl_dag.py for tasks to queue
[2026-08-25T16:25:46.535+0000] {logging_mixin.py:188} INFO - [2026-08-25T16:25:46.535+0000] {dagbag.py:545} INFO - Filling up the DagBag from /opt/airflow/dags/price_etl_dag.py
[2026-08-25T16:25:46.551+0000] {processor.py:840} INFO - DAG(s) 'price_etl_pipeline' retrieved from /opt/airflow/dags/price_etl_dag.py
[2026-08-25T16:25:46.573+0000] {logging_mixin.py:188} INFO - [2026-08-25T16:25:46.573+0000] {dag.py:3096} INFO - Sync 1 DAGs
[2026-08-25T16:25:46.586+0000] {logging_mixin.py:188} INFO - [2026-08-25T16:25:46.586+0000] {dag.py:3954} INFO - Setting next_dagrun for price_etl_pipeline to 2026-08-25 12:00:00+00:00, run_after=2026-08-26 12:00:00+00:00
[2026-08-25T16:25:46.600+0000] {processor.py:183} INFO - Processing /opt/airflow/dags/price_etl_dag.py took 0.070 seconds
[2026-08-25T16:26:16.678+0000] {processor.py:161} INFO - Started process (PID=832) to work on /opt/airflow/dags/price_etl_dag.py
[2026-08-25T16:26:16.678+0000] {processor.py:830} INFO - Processing file /opt/airflow/dags/price_etl_dag.py for tasks to queue
[2026-08-25T16:26:16.680+0000] {logging_mixin.py:188} INFO - [2026-08-25T16:26:16.679+0000] {dagbag.py:545} INFO - Filling up the DagBag from /opt/airflow/dags/price_etl_dag.py
[2026-08-25T16:26:16.694+0000] {processor.py:840} INFO - DAG(s) 'price_etl_pipeline' retrieved from /opt/airflow/dags/price_etl_dag.py
[2026-08-25T16:26:16.715+0000] {logging_mixin.py:188} INFO - [2026-08-25T16:26:16.715+0000] {dag.py:3096} INFO - Sync 1 DAGs
[2026-08-25T16:26:16.728+0000] {logging_mixin.py:188} INFO - [2026-08-25T16:26:16.728+0000] {dag.py:3954} INFO - Setting next_dagrun for price_etl_pipeline to 2026-08-25 12:00:00+00:00, run_after=2026-08-26 12:00:00+00:00
[2026-08-25T16:26:16.741+0000] {processor.py:183} INFO - Processing /opt/airflow/dags/price_etl_dag.py took 0.067 seconds
[2026-08-25T16:26:46.836+0000] {processor.py:161} INFO - Started process (PID=837) to work on /opt/airflow/dags/price_etl_dag.py
[2026-08-25T16:26:46.836+0000] {processor.py:830} INFO - Processing file /opt/airflow/dags/price_etl_dag.py for tasks to queue
[2026-08-25T16:26:46.838+0000] {logging_mixin.py:188} INFO - [2026-08-25T16:26:46.838+0000] {dagbag.py:545} INFO - Filling up the DagBag from /opt/airflow/dags/price_etl_dag.py
[2026-08-25T16:26:46.855+0000] {processor.py:840} INFO - DAG(s) 'price_etl_pipeline' retrieved from /opt/airflow/dags/price_etl_dag.py
[2026-08-25T16:26:46.876+0000] {logging_mixin.py:188} INFO - [2026-08-25T16:26:46.876+0000] {dag.py:3096} INFO - Sync 1 DAGs
[2026-08-25T16:26:46.890+0000] {logging_mixin.py:188} INFO - [2026-08-25T16:26:46.890+0000] {dag.py:3954} INFO - Setting next_dagrun for price_etl_pipeline to 2026-08-25 12:00:00+00:00, run_after=2026-08-26 12:00:00+00:00
[2026-08-25T16:26:46.905+0000] {processor.py:183} INFO - Processing /opt/airflow/dags/price_etl_dag.py took 0.073 seconds
[2026-08-25T16:27:16.961+0000] {processor.py:161} INFO - Started process (PID=842) to work on /opt/airflow/dags/price_etl_dag.py
[2026-08-25T16:27:16.962+0000] {processor.py:830} INFO - Processing file /opt/airflow/dags/price_etl_dag.py for tasks to queue
[2026-08-25T16:27:16.963+0000] {logging_mixin.py:188} INFO - [2026-08-25T16:27:16.962+0000] {dagbag.py:545} INFO - Filling up the DagBag from /opt/airflow/dags/price_etl_dag.py
[2026-08-25T16:27:16.978+0000] {processor.py:840} INFO - DAG(s) 'price_etl_pipeline' retrieved from /opt/airflow/dags/price_etl_dag.py
[2026-08-25T16:27:17.000+0000] {logging_mixin.py:188} INFO - [2026-08-25T16:27:17.000+0000] {dag.py:3096} INFO - Sync 1 DAGs
[2026-08-25T16:27:17.014+0000] {logging_mixin.py:188} INFO - [2026-08-25T16:27:17.014+0000] {dag.py:3954} INFO - Setting next_dagrun for price_etl_pipeline to 2026-08-25 12:00:00+00:00, run_after=2026-08-26 12:00:00+00:00
[2026-08-25T16:27:17.029+0000] {processor.py:183} INFO - Processing /opt/airflow/dags/price_etl_dag.py took 0.070 seconds
[2026-08-25T16:27:47.123+0000] {processor.py:161} INFO - Started process (PID=847) to work on /opt/airflow/dags/price_etl_dag.py
[2026-08-25T16:27:47.123+0000] {processor.py:830} INFO - Processing file /opt/airflow/dags/price_etl_dag.py for tasks to queue
[2026-08-25T16:27:47.124+0000] {logging_mixin.py:188} INFO - [2026-08-25T16:27:47.124+0000] {dagbag.py:545} INFO - Filling up the DagBag from /opt/airflow/dags/price_etl_dag.py
[2026-08-25T16:27:47.138+0000] {processor.py:840} INFO - DAG(s) 'price_etl_pipeline' retrieved from /opt/airflow/dags/price_etl_dag.py
[2026-08-25T16:27:47.160+0000] {logging_mixin.py:188} INFO - [2026-08-25T16:27:47.160+0000] {dag.py:3096} INFO - Sync 1 DAGs
[2026-08-25T16:27:47.174+0000] {logging_mixin.py:188} INFO - [2026-08-25T16:27:47.174+0000] {dag.py:3954} INFO - Setting next_dagrun for price_etl_pipeline to 2026-08-25 12:00:00+00:00, run_after=2026-08-26 12:00:00+00:00
[2026-08-25T16:27:47.186+0000] {processor.py:183} INFO - Processing /opt/airflow/dags/price_etl_dag.py took 0.065 seconds
[2026-08-25T16:28:17.242+0000] {processor.py:161} INFO - Started process (PID=852) to work on /opt/airflow/dags/price_etl_dag.py
[2026-08-25T16:28:17.242+0000] {processor.py:830} INFO - Processing file /opt/airflow/dags/price_etl_dag.py for tasks to queue
[2026-08-25T16:28:17.243+0000] {logging_mixin.py:188} INFO - [2026-08-25T16:28:17.243+0000] {dagbag.py:545} INFO - Filling up the DagBag from /opt/airflow/dags/price_etl_dag.py
[2026-08-25T16:28:17.256+0000] {processor.py:840} INFO - DAG(s) 'price_etl_pipeline' retrieved from /opt/airflow/dags/price_etl_dag.py
[2026-08-25T16:28:17.275+0000] {logging_mixin.py:188} INFO - [2026-08-25T16:28:17.275+0000] {dag.py:3096} INFO - Sync 1 DAGs
[2026-08-25T16:28:17.289+0000] {logging_mixin.py:188} INFO - [2026-08-25T16:28:17.288+0000] {dag.py:3954} INFO - Setting next_dagrun for price_etl_pipeline to 2026-08-25 12:00:00+00:00, run_after=2026-08-26 12:00:00+00:00
[2026-08-25T16:28:17.301+0000] {processor.py:183} INFO - Processing /opt/airflow/dags/price_etl_dag.py took 0.062 seconds
[2026-08-25T16:28:47.399+0000] {processor.py:161} INFO - Started process (PID=857) to work on /opt/airflow/dags/price_etl_dag.py
[2026-08-25T16:28:47.400+0000] {processor.py:830} INFO - Processing file /opt/airflow/dags/price_etl_dag.py for tasks to queue
[2026-08-25T16:28:47.402+0000] {logging_mixin.py:188} INFO - [2026-08-25T16:28:47.401+0000] {dagbag.py:545} INFO - Filling up the DagBag from /opt/airflow/dags/price_etl_dag.py
[2026-08-25T16:28:47.418+0000] {processor.py:840} INFO - DAG(s) 'price_etl_pipeline' retrieved from /opt/airflow/dags/price_etl_dag.py
[2026-08-25T16:28:47.439+0000] {logging_mixin.py:188} INFO - [2026-08-25T16:28:47.439+0000] {dag.py:3096} INFO - Sync 1 DAGs
[2026-08-25T16:28:47.453+0000] {logging_mixin.py:188} INFO - [2026-08-25T16:28:47.453+0000] {dag.py:3954} INFO - Setting next_dagrun for price_etl_pipeline to 2026-08-25 12:00:00+00:00, run_after=2026-08-26 12:00:00+00:00
[2026-08-25T16:28:47.466+0000] {processor.py:183} INFO - Processing /opt/airflow/dags/price_etl_dag.py took 0.069 seconds
[2026-08-25T16:29:17.517+0000] {processor.py:161} INFO - Started process (PID=862) to work on /opt/airflow/dags/price_etl_dag.py
[2026-08-25T16:29:17.518+0000] {processor.py:830} INFO - Processing file /opt/airflow/dags/price_etl_dag.py for tasks to queue
[2026-08-25T16:29:17.519+0000] {logging_mixin.py:188} INFO - [2026-08-25T16:29:17.518+0000] {dagbag.py:545} INFO - Filling up the DagBag from /opt/airflow/dags/price_etl_dag.py
[2026-08-25T16:29:17.535+0000] {processor.py:840} INFO - DAG(s) 'price_etl_pipeline' retrieved from /opt/airflow/dags/price_etl_dag.py
[2026-08-25T16:29:17.558+0000] {logging_mixin.py:188} INFO - [2026-08-25T16:29:17.558+0000] {dag.py:3096} INFO - Sync 1 DAGs
[2026-08-25T16:29:17.572+0000] {logging_mixin.py:188} INFO - [2026-08-25T16:29:17.572+0000] {dag.py:3954} INFO - Setting next_dagrun for price_etl_pipeline to 2026-08-25 12:00:00+00:00, run_after=2026-08-26 12:00:00+00:00
[2026-08-25T16:29:17.584+0000] {processor.py:183} INFO - Processing /opt/airflow/dags/price_etl_dag.py took 0.070 seconds
[2026-08-25T16:29:47.680+0000] {processor.py:161} INFO - Started process (PID=867) to work on /opt/airflow/dags/price_etl_dag.py
[2026-08-25T16:29:47.680+0000] {processor.py:830} INFO - Processing file /opt/airflow/dags/price_etl_dag.py for tasks to queue
[2026-08-25T16:29:47.681+0000] {logging_mixin.py:188} INFO - [2026-08-25T16:29:47.681+0000] {dagbag.py:545} INFO - Filling up the DagBag from /opt/airflow/dags/price_etl_dag.py
[2026-08-25T16:29:47.698+0000] {processor.py:840} INFO - DAG(s) 'price_etl_pipeline' retrieved from /opt/airflow/dags/price_etl_dag.py
[2026-08-25T16:29:47.719+0000] {logging_mixin.py:188} INFO - [2026-08-25T16:29:47.718+0000] {dag.py:3096} INFO - Sync 1 DAGs
[2026-08-25T16:29:47.733+0000] {logging_mixin.py:188} INFO - [2026-08-25T16:29:47.733+0000] {dag.py:3954} INFO - Setting next_dagrun for price_etl_pipeline to 2026-08-25 12:00:00+00:00, run_after=2026-08-26 12:00:00+00:00
[2026-08-25T16:29:47.746+0000] {processor.py:183} INFO - Processing /opt/airflow/dags/price_etl_dag.py took 0.068 seconds
[2026-08-25T16:30:17.808+0000] {processor.py:161} INFO - Started process (PID=872) to work on /opt/airflow/dags/price_etl_dag.py
[2026-08-25T16:30:17.809+0000] {processor.py:830} INFO - Processing file /opt/airflow/dags/price_etl_dag.py for tasks to queue
[2026-08-25T16:30:17.810+0000] {logging_mixin.py:188} INFO - [2026-08-25T16:30:17.810+0000] {dagbag.py:545} INFO - Filling up the DagBag from /opt/airflow/dags/price_etl_dag.py
[2026-08-25T16:30:17.822+0000] {processor.py:840} INFO - DAG(s) 'price_etl_pipeline' retrieved from /opt/airflow/dags/price_etl_dag.py
[2026-08-25T16:30:17.844+0000] {logging_mixin.py:188} INFO - [2026-08-25T16:30:17.844+0000] {dag.py:3096} INFO - Sync 1 DAGs
[2026-08-25T16:30:17.858+0000] {logging_mixin.py:188} INFO - [2026-08-25T16:30:17.858+0000] {dag.py:3954} INFO - Setting next_dagrun for price_etl_pipeline to 2026-08-25 12:00:00+00:00, run_after=2026-08-26 12:00:00+00:00
[2026-08-25T16:30:17.872+0000] {processor.py:183} INFO - Processing /opt/airflow/dags/price_etl_dag.py took 0.067 seconds
[2026-08-25T16:30:47.956+0000] {processor.py:161} INFO - Started process (PID=877) to work on /opt/airflow/dags/price_etl_dag.py
[2026-08-25T16:30:47.957+0000] {processor.py:830} INFO - Processing file /opt/airflow/dags/price_etl_dag.py for tasks to queue
[2026-08-25T16:30:47.958+0000] {logging_mixin.py:188} INFO - [2026-08-25T16:30:47.957+0000] {dagbag.py:545} INFO - Filling up the DagBag from /opt/airflow/dags/price_etl_dag.py
[2026-08-25T16:30:47.971+0000] {processor.py:840} INFO - DAG(s) 'price_etl_pipeline' retrieved from /opt/airflow/dags/price_etl_dag.py
[2026-08-25T16:30:47.991+0000] {logging_mixin.py:188} INFO - [2026-08-25T16:30:47.991+0000] {dag.py:3096} INFO - Sync 1 DAGs
[2026-08-25T16:30:48.004+0000] {logging_mixin.py:188} INFO - [2026-08-25T16:30:48.004+0000] {dag.py:3954} INFO - Setting next_dagrun for price_etl_pipeline to 2026-08-25 12:00:00+00:00, run_after=2026-08-26 12:00:00+00:00
[2026-08-25T16:30:48.018+0000] {processor.py:183} INFO - Processing /opt/airflow/dags/price_etl_dag.py took 0.064 seconds
[2026-08-25T16:31:18.086+0000] {processor.py:161} INFO - Started process (PID=882) to work on /opt/airflow/dags/price_etl_dag.py
[2026-08-25T16:31:18.086+0000] {processor.py:830} INFO - Processing file /opt/airflow/dags/price_etl_dag.py for tasks to queue
[2026-08-25T16:31:18.088+0000] {logging_mixin.py:188} INFO - [2026-08-25T16:31:18.087+0000] {dagbag.py:545} INFO - Filling up the DagBag from /opt/airflow/dags/price_etl_dag.py
[2026-08-25T16:31:18.103+0000] {processor.py:840} INFO - DAG(s) 'price_etl_pipeline' retrieved from /opt/airflow/dags/price_etl_dag.py
[2026-08-25T16:31:18.124+0000] {logging_mixin.py:188} INFO - [2026-08-25T16:31:18.124+0000] {dag.py:3096} INFO - Sync 1 DAGs
[2026-08-25T16:31:18.141+0000] {logging_mixin.py:188} INFO - [2026-08-25T16:31:18.140+0000] {dag.py:3954} INFO - Setting next_dagrun for price_etl_pipeline to 2026-08-25 12:00:00+00:00, run_after=2026-08-26 12:00:00+00:00
[2026-08-25T16:31:18.155+0000] {processor.py:183} INFO - Processing /opt/airflow/dags/price_etl_dag.py took 0.074 seconds
[2026-08-25T16:31:48.260+0000] {processor.py:161} INFO - Started process (PID=887) to work on /opt/airflow/dags/price_etl_dag.py
[2026-08-25T16:31:48.260+0000] {processor.py:830} INFO - Processing file /opt/airflow/dags/price_etl_dag.py for tasks to queue
[2026-08-25T16:31:48.262+0000] {logging_mixin.py:188} INFO - [2026-08-25T16:31:48.262+0000] {dagbag.py:545} INFO - Filling up the DagBag from /opt/airflow/dags/price_etl_dag.py
[2026-08-25T16:31:48.282+0000] {processor.py:840} INFO - DAG(s) 'price_etl_pipeline' retrieved from /opt/airflow/dags/price_etl_dag.py
[2026-08-25T16:31:48.308+0000] {logging_mixin.py:188} INFO - [2026-08-25T16:31:48.308+0000] {dag.py:3096} INFO - Sync 1 DAGs
[2026-08-25T16:31:48.326+0000] {logging_mixin.py:188} INFO - [2026-08-25T16:31:48.325+0000] {dag.py:3954} INFO - Setting next_dagrun for price_etl_pipeline to 2026-08-25 12:00:00+00:00, run_after=2026-08-26 12:00:00+00:00
[2026-08-25T16:31:48.341+0000] {processor.py:183} INFO - Processing /opt/airflow/dags/price_etl_dag.py took 0.087 seconds
[2026-08-25T16:32:18.381+0000] {processor.py:161} INFO - Started process (PID=892) to work on /opt/airflow/dags/price_etl_dag.py
[2026-08-25T16:32:18.381+0000] {processor.py:830} INFO - Processing file /opt/airflow/dags/price_etl_dag.py for tasks to queue
[2026-08-25T16:32:18.383+0000] {logging_mixin.py:188} INFO - [2026-08-25T16:32:18.383+0000] {dagbag.py:545} INFO - Filling up the DagBag from /opt/airflow/dags/price_etl_dag.py
[2026-08-25T16:32:18.395+0000] {processor.py:840} INFO - DAG(s) 'price_etl_pipeline' retrieved from /opt/airflow/dags/price_etl_dag.py
[2026-08-25T16:32:18.417+0000] {logging_mixin.py:188} INFO - [2026-08-25T16:32:18.417+0000] {dag.py:3096} INFO - Sync 1 DAGs
[2026-08-25T16:32:18.433+0000] {logging_mixin.py:188} INFO - [2026-08-25T16:32:18.433+0000] {dag.py:3954} INFO - Setting next_dagrun for price_etl_pipeline to 2026-08-25 12:00:00+00:00, run_after=2026-08-26 12:00:00+00:00
[2026-08-25T16:32:18.444+0000] {processor.py:183} INFO - Processing /opt/airflow/dags/price_etl_dag.py took 0.066 seconds
[2026-08-25T16:32:42.209+0000] {processor.py:161} INFO - Started process (PID=202) to work on /opt/airflow/dags/price_etl_dag.py
[2026-08-25T16:32:42.210+0000] {processor.py:830} INFO - Processing file /opt/airflow/dags/price_etl_dag.py for tasks to queue
[2026-08-25T16:32:42.211+0000] {logging_mixin.py:188} INFO - [2026-08-25T16:32:42.211+0000] {dagbag.py:545} INFO - Filling up the DagBag from /opt/airflow/dags/price_etl_dag.py
[2026-08-25T16:32:42.222+0000] {processor.py:840} INFO - DAG(s) 'price_etl_pipeline' retrieved from /opt/airflow/dags/price_etl_dag.py
[2026-08-25T16:32:42.235+0000] {logging_mixin.py:188} INFO - [2026-08-25T16:32:42.235+0000] {dag.py:3096} INFO - Sync 1 DAGs
[2026-08-25T16:32:42.245+0000] {logging_mixin.py:188} INFO - [2026-08-25T16:32:42.245+0000] {dag.py:3954} INFO - Setting next_dagrun for price_etl_pipeline to 2026-08-25 12:00:00+00:00, run_after=2026-08-26 12:00:00+00:00
[2026-08-25T16:32:42.255+0000] {processor.py:183} INFO - Processing /opt/airflow/dags/price_etl_dag.py took 0.047 seconds
[2026-08-25T16:33:12.348+0000] {processor.py:161} INFO - Started process (PID=207) to work on /opt/airflow/dags/price_etl_dag.py
[2026-08-25T16:33:12.348+0000] {processor.py:830} INFO - Processing file /opt/airflow/dags/price_etl_dag.py for tasks to queue
[2026-08-25T16:33:12.352+0000] {logging_mixin.py:188} INFO - [2026-08-25T16:33:12.351+0000] {dagbag.py:545} INFO - Filling up the DagBag from /opt/airflow/dags/price_etl_dag.py
[2026-08-25T16:33:12.364+0000] {processor.py:840} INFO - DAG(s) 'price_etl_pipeline' retrieved from /opt/airflow/dags/price_etl_dag.py
[2026-08-25T16:33:12.535+0000] {logging_mixin.py:188} INFO - [2026-08-25T16:33:12.534+0000] {dag.py:3096} INFO - Sync 1 DAGs
[2026-08-25T16:33:12.543+0000] {logging_mixin.py:188} INFO - [2026-08-25T16:33:12.543+0000] {dag.py:3954} INFO - Setting next_dagrun for price_etl_pipeline to 2026-08-25 12:00:00+00:00, run_after=2026-08-26 12:00:00+00:00
[2026-08-25T16:33:12.556+0000] {processor.py:183} INFO - Processing /opt/airflow/dags/price_etl_dag.py took 0.211 seconds
[2026-08-25T16:33:42.663+0000] {processor.py:161} INFO - Started process (PID=212) to work on /opt/airflow/dags/price_etl_dag.py
[2026-08-25T16:33:42.664+0000] {processor.py:830} INFO - Processing file /opt/airflow/dags/price_etl_dag.py for tasks to queue
[2026-08-25T16:33:42.665+0000] {logging_mixin.py:188} INFO - [2026-08-25T16:33:42.665+0000] {dagbag.py:545} INFO - Filling up the DagBag from /opt/airflow/dags/price_etl_dag.py
[2026-08-25T16:33:42.678+0000] {processor.py:840} INFO - DAG(s) 'price_etl_pipeline' retrieved from /opt/airflow/dags/price_etl_dag.py
[2026-08-25T16:33:42.693+0000] {logging_mixin.py:188} INFO - [2026-08-25T16:33:42.693+0000] {dag.py:3096} INFO - Sync 1 DAGs
[2026-08-25T16:33:42.702+0000] {logging_mixin.py:188} INFO - [2026-08-25T16:33:42.702+0000] {dag.py:3954} INFO - Setting next_dagrun for price_etl_pipeline to 2026-08-25 12:00:00+00:00, run_after=2026-08-26 12:00:00+00:00
[2026-08-25T16:33:42.713+0000] {processor.py:183} INFO - Processing /opt/airflow/dags/price_etl_dag.py took 0.052 seconds
[2026-08-25T16:34:12.779+0000] {processor.py:161} INFO - Started process (PID=217) to work on /opt/airflow/dags/price_etl_dag.py
[2026-08-25T16:34:12.779+0000] {processor.py:830} INFO - Processing file /opt/airflow/dags/price_etl_dag.py for tasks to queue
[2026-08-25T16:34:12.780+0000] {logging_mixin.py:188} INFO - [2026-08-25T16:34:12.780+0000] {dagbag.py:545} INFO - Filling up the DagBag from /opt/airflow/dags/price_etl_dag.py
[2026-08-25T16:34:12.793+0000] {processor.py:840} INFO - DAG(s) 'price_etl_pipeline' retrieved from /opt/airflow/dags/price_etl_dag.py
[2026-08-25T16:34:12.809+0000] {logging_mixin.py:188} INFO - [2026-08-25T16:34:12.809+0000] {dag.py:3096} INFO - Sync 1 DAGs
[2026-08-25T16:34:12.819+0000] {logging_mixin.py:188} INFO - [2026-08-25T16:34:12.818+0000] {dag.py:3954} INFO - Setting next_dagrun for price_etl_pipeline to 2026-08-25 12:00:00+00:00, run_after=2026-08-26 12:00:00+00:00
[2026-08-25T16:34:12.912+0000] {processor.py:183} INFO - Processing /opt/airflow/dags/price_etl_dag.py took 0.136 seconds
[2026-08-25T16:34:43.016+0000] {processor.py:161} INFO - Started process (PID=222) to work on /opt/airflow/dags/price_etl_dag.py
[2026-08-25T16:34:43.017+0000] {processor.py:830} INFO - Processing file /opt/airflow/dags/price_etl_dag.py for tasks to queue
[2026-08-25T16:34:43.018+0000] {logging_mixin.py:188} INFO - [2026-08-25T16:34:43.017+0000] {dagbag.py:545} INFO - Filling up the DagBag from /opt/airflow/dags/price_etl_dag.py
[2026-08-25T16:34:43.031+0000] {processor.py:840} INFO - DAG(s) 'price_etl_pipeline' retrieved from /opt/airflow/dags/price_etl_dag.py
[2026-08-25T16:34:43.047+0000] {logging_mixin.py:188} INFO - [2026-08-25T16:34:43.047+0000] {dag.py:3096} INFO - Sync 1 DAGs
[2026-08-25T16:34:43.122+0000] {logging_mixin.py:188} INFO - [2026-08-25T16:34:43.122+0000] {dag.py:3954} INFO - Setting next_dagrun for price_etl_pipeline to 2026-08-25 12:00:00+00:00, run_after=2026-08-26 12:00:00+00:00
[2026-08-25T16:34:43.135+0000] {processor.py:183} INFO - Processing /opt/airflow/dags/price_etl_dag.py took 0.122 seconds
[2026-08-25T16:35:13.241+0000] {processor.py:161} INFO - Started process (PID=227) to work on /opt/airflow/dags/price_etl_dag.py
[2026-08-25T16:35:13.241+0000] {processor.py:830} INFO - Processing file /opt/airflow/dags/price_etl_dag.py for tasks to queue
[2026-08-25T16:35:13.242+0000] {logging_mixin.py:188} INFO - [2026-08-25T16:35:13.242+0000] {dagbag.py:545} INFO - Filling up the DagBag from /opt/airflow/dags/price_etl_dag.py
[2026-08-25T16:35:13.255+0000] {processor.py:840} INFO - DAG(s) 'price_etl_pipeline' retrieved from /opt/airflow/dags/price_etl_dag.py
[2026-08-25T16:35:13.271+0000] {logging_mixin.py:188} INFO - [2026-08-25T16:35:13.271+0000] {dag.py:3096} INFO - Sync 1 DAGs
[2026-08-25T16:35:13.368+0000] {logging_mixin.py:188} INFO - [2026-08-25T16:35:13.367+0000] {dag.py:3954} INFO - Setting next_dagrun for price_etl_pipeline to 2026-08-25 12:00:00+00:00, run_after=2026-08-26 12:00:00+00:00
[2026-08-25T16:35:13.379+0000] {processor.py:183} INFO - Processing /opt/airflow/dags/price_etl_dag.py took 0.141 seconds
[2026-08-25T16:35:43.490+0000] {processor.py:161} INFO - Started process (PID=232) to work on /opt/airflow/dags/price_etl_dag.py
[2026-08-25T16:35:43.490+0000] {processor.py:830} INFO - Processing file /opt/airflow/dags/price_etl_dag.py for tasks to queue
[2026-08-25T16:35:43.492+0000] {logging_mixin.py:188} INFO - [2026-08-25T16:35:43.492+0000] {dagbag.py:545} INFO - Filling up the DagBag from /opt/airflow/dags/price_etl_dag.py
[2026-08-25T16:35:43.507+0000] {processor.py:840} INFO - DAG(s) 'price_etl_pipeline' retrieved from /opt/airflow/dags/price_etl_dag.py
[2026-08-25T16:35:43.610+0000] {logging_mixin.py:188} INFO - [2026-08-25T16:35:43.610+0000] {dag.py:3096} INFO - Sync 1 DAGs
[2026-08-25T16:35:43.620+0000] {logging_mixin.py:188} INFO - [2026-08-25T16:35:43.620+0000] {dag.py:3954} INFO - Setting next_dagrun for price_etl_pipeline to 2026-08-25 12:00:00+00:00, run_after=2026-08-26 12:00:00+00:00
[2026-08-25T16:35:43.632+0000] {processor.py:183} INFO - Processing /opt/airflow/dags/price_etl_dag.py took 0.147 seconds
[2026-08-25T16:36:13.747+0000] {processor.py:161} INFO - Started process (PID=237) to work on /opt/airflow/dags/price_etl_dag.py
[2026-08-25T16:36:13.747+0000] {processor.py:830} INFO - Processing file /opt/airflow/dags/price_etl_dag.py for tasks to queue
[2026-08-25T16:36:13.748+0000] {logging_mixin.py:188} INFO - [2026-08-25T16:36:13.748+0000] {dagbag.py:545} INFO - Filling up the DagBag from /opt/airflow/dags/price_etl_dag.py
[2026-08-25T16:36:13.826+0000] {processor.py:840} INFO - DAG(s) 'price_etl_pipeline' retrieved from /opt/airflow/dags/price_etl_dag.py
[2026-08-25T16:36:13.839+0000] {logging_mixin.py:188} INFO - [2026-08-25T16:36:13.839+0000] {dag.py:3096} INFO - Sync 1 DAGs
[2026-08-25T16:36:13.847+0000] {logging_mixin.py:188} INFO - [2026-08-25T16:36:13.847+0000] {dag.py:3954} INFO - Setting next_dagrun for price_etl_pipeline to 2026-08-25 12:00:00+00:00, run_after=2026-08-26 12:00:00+00:00
[2026-08-25T16:36:13.858+0000] {processor.py:183} INFO - Processing /opt/airflow/dags/price_etl_dag.py took 0.115 seconds
[2026-08-25T16:36:43.944+0000] {processor.py:161} INFO - Started process (PID=242) to work on /opt/airflow/dags/price_etl_dag.py
[2026-08-25T16:36:43.945+0000] {processor.py:830} INFO - Processing file /opt/airflow/dags/price_etl_dag.py for tasks to queue
[2026-08-25T16:36:43.947+0000] {logging_mixin.py:188} INFO - [2026-08-25T16:36:43.947+0000] {dagbag.py:545} INFO - Filling up the DagBag from /opt/airflow/dags/price_etl_dag.py
[2026-08-25T16:36:43.964+0000] {processor.py:840} INFO - DAG(s) 'price_etl_pipeline' retrieved from /opt/airflow/dags/price_etl_dag.py
[2026-08-25T16:36:43.988+0000] {logging_mixin.py:188} INFO - [2026-08-25T16:36:43.988+0000] {dag.py:3096} INFO - Sync 1 DAGs
[2026-08-25T16:36:44.003+0000] {logging_mixin.py:188} INFO - [2026-08-25T16:36:44.003+0000] {dag.py:3954} INFO - Setting next_dagrun for price_etl_pipeline to 2026-08-25 12:00:00+00:00, run_after=2026-08-26 12:00:00+00:00
[2026-08-25T16:36:44.018+0000] {processor.py:183} INFO - Processing /opt/airflow/dags/price_etl_dag.py took 0.079 seconds
[2026-08-25T16:37:14.083+0000] {processor.py:161} INFO - Started process (PID=247) to work on /opt/airflow/dags/price_etl_dag.py
[2026-08-25T16:37:14.084+0000] {processor.py:830} INFO - Processing file /opt/airflow/dags/price_etl_dag.py for tasks to queue
[2026-08-25T16:37:14.085+0000] {logging_mixin.py:188} INFO - [2026-08-25T16:37:14.085+0000] {dagbag.py:545} INFO - Filling up the DagBag from /opt/airflow/dags/price_etl_dag.py
[2026-08-25T16:37:14.102+0000] {processor.py:840} INFO - DAG(s) 'price_etl_pipeline' retrieved from /opt/airflow/dags/price_etl_dag.py
[2026-08-25T16:37:14.125+0000] {logging_mixin.py:188} INFO - [2026-08-25T16:37:14.125+0000] {dag.py:3096} INFO - Sync 1 DAGs
[2026-08-25T16:37:14.139+0000] {logging_mixin.py:188} INFO - [2026-08-25T16:37:14.139+0000] {dag.py:3954} INFO - Setting next_dagrun for price_etl_pipeline to 2026-08-25 12:00:00+00:00, run_after=2026-08-26 12:00:00+00:00
[2026-08-25T16:37:14.154+0000] {processor.py:183} INFO - Processing /opt/airflow/dags/price_etl_dag.py took 0.074 seconds
[2026-08-25T16:37:44.270+0000] {processor.py:161} INFO - Started process (PID=252) to work on /opt/airflow/dags/price_etl_dag.py
[2026-08-25T16:37:44.270+0000] {processor.py:830} INFO - Processing file /opt/airflow/dags/price_etl_dag.py for tasks to queue
[2026-08-25T16:37:44.273+0000] {logging_mixin.py:188} INFO - [2026-08-25T16:37:44.273+0000] {dagbag.py:545} INFO - Filling up the DagBag from /opt/airflow/dags/price_etl_dag.py
[2026-08-25T16:37:44.294+0000] {processor.py:840} INFO - DAG(s) 'price_etl_pipeline' retrieved from /opt/airflow/dags/price_etl_dag.py
[2026-08-25T16:37:44.328+0000] {logging_mixin.py:188} INFO - [2026-08-25T16:37:44.328+0000] {dag.py:3096} INFO - Sync 1 DAGs
[2026-08-25T16:37:44.354+0000] {logging_mixin.py:188} INFO - [2026-08-25T16:37:44.354+0000] {dag.py:3954} INFO - Setting next_dagrun for price_etl_pipeline to 2026-08-25 12:00:00+00:00, run_after=2026-08-26 12:00:00+00:00
[2026-08-25T16:37:44.368+0000] {processor.py:183} INFO - Processing /opt/airflow/dags/price_etl_dag.py took 0.108 seconds
[2026-08-25T16:38:27.320+0000] {processor.py:161} INFO - Started process (PID=202) to work on /opt/airflow/dags/price_etl_dag.py
[2026-08-25T16:38:27.320+0000] {processor.py:830} INFO - Processing file /opt/airflow/dags/price_etl_dag.py for tasks to queue
[2026-08-25T16:38:27.321+0000] {logging_mixin.py:188} INFO - [2026-08-25T16:38:27.321+0000] {dagbag.py:545} INFO - Filling up the DagBag from /opt/airflow/dags/price_etl_dag.py
[2026-08-25T16:38:27.332+0000] {processor.py:840} INFO - DAG(s) 'price_etl_pipeline' retrieved from /opt/airflow/dags/price_etl_dag.py
[2026-08-25T16:38:27.345+0000] {logging_mixin.py:188} INFO - [2026-08-25T16:38:27.345+0000] {dag.py:3096} INFO - Sync 1 DAGs
[2026-08-25T16:38:27.355+0000] {logging_mixin.py:188} INFO - [2026-08-25T16:38:27.355+0000] {dag.py:3954} INFO - Setting next_dagrun for price_etl_pipeline to 2026-08-25 12:00:00+00:00, run_after=2026-08-26 12:00:00+00:00
[2026-08-25T16:38:27.365+0000] {processor.py:183} INFO - Processing /opt/airflow/dags/price_etl_dag.py took 0.048 seconds
[2026-08-25T16:38:57.462+0000] {processor.py:161} INFO - Started process (PID=776) to work on /opt/airflow/dags/price_etl_dag.py
[2026-08-25T16:38:57.462+0000] {processor.py:830} INFO - Processing file /opt/airflow/dags/price_etl_dag.py for tasks to queue
[2026-08-25T16:38:57.468+0000] {logging_mixin.py:188} INFO - [2026-08-25T16:38:57.467+0000] {dagbag.py:545} INFO - Filling up the DagBag from /opt/airflow/dags/price_etl_dag.py
[2026-08-25T16:38:57.491+0000] {processor.py:840} INFO - DAG(s) 'price_etl_pipeline' retrieved from /opt/airflow/dags/price_etl_dag.py
[2026-08-25T16:38:57.753+0000] {logging_mixin.py:188} INFO - [2026-08-25T16:38:57.753+0000] {dag.py:3096} INFO - Sync 1 DAGs
[2026-08-25T16:38:57.766+0000] {logging_mixin.py:188} INFO - [2026-08-25T16:38:57.766+0000] {dag.py:3954} INFO - Setting next_dagrun for price_etl_pipeline to 2026-08-25 12:00:00+00:00, run_after=2026-08-26 12:00:00+00:00
[2026-08-25T16:38:57.779+0000] {processor.py:183} INFO - Processing /opt/airflow/dags/price_etl_dag.py took 0.321 seconds
[2026-08-25T16:39:27.905+0000] {processor.py:161} INFO - Started process (PID=789) to work on /opt/airflow/dags/price_etl_dag.py
[2026-08-25T16:39:27.906+0000] {processor.py:830} INFO - Processing file /opt/airflow/dags/price_etl_dag.py for tasks to queue
[2026-08-25T16:39:27.907+0000] {logging_mixin.py:188} INFO - [2026-08-25T16:39:27.907+0000] {dagbag.py:545} INFO - Filling up the DagBag from /opt/airflow/dags/price_etl_dag.py
[2026-08-25T16:39:27.921+0000] {processor.py:840} INFO - DAG(s) 'price_etl_pipeline' retrieved from /opt/airflow/dags/price_etl_dag.py
[2026-08-25T16:39:27.937+0000] {logging_mixin.py:188} INFO - [2026-08-25T16:39:27.937+0000] {dag.py:3096} INFO - Sync 1 DAGs
[2026-08-25T16:39:27.947+0000] {logging_mixin.py:188} INFO - [2026-08-25T16:39:27.947+0000] {dag.py:3954} INFO - Setting next_dagrun for price_etl_pipeline to 2026-08-25 12:00:00+00:00, run_after=2026-08-26 12:00:00+00:00
[2026-08-25T16:39:27.958+0000] {processor.py:183} INFO - Processing /opt/airflow/dags/price_etl_dag.py took 0.055 seconds
[2026-08-25T16:39:58.022+0000] {processor.py:161} INFO - Started process (PID=1006) to work on /opt/airflow/dags/price_etl_dag.py
[2026-08-25T16:39:58.022+0000] {processor.py:830} INFO - Processing file /opt/airflow/dags/price_etl_dag.py for tasks to queue
[2026-08-25T16:39:58.024+0000] {logging_mixin.py:188} INFO - [2026-08-25T16:39:58.024+0000] {dagbag.py:545} INFO - Filling up the DagBag from /opt/airflow/dags/price_etl_dag.py
[2026-08-25T16:39:58.039+0000] {processor.py:840} INFO - DAG(s) 'price_etl_pipeline' retrieved from /opt/airflow/dags/price_etl_dag.py
[2026-08-25T16:39:58.059+0000] {logging_mixin.py:188} INFO - [2026-08-25T16:39:58.059+0000] {dag.py:3096} INFO - Sync 1 DAGs
[2026-08-25T16:39:58.071+0000] {logging_mixin.py:188} INFO - [2026-08-25T16:39:58.071+0000] {dag.py:3954} INFO - Setting next_dagrun for price_etl_pipeline to 2026-08-25 12:00:00+00:00, run_after=2026-08-26 12:00:00+00:00
[2026-08-25T16:39:58.165+0000] {processor.py:183} INFO - Processing /opt/airflow/dags/price_etl_dag.py took 0.148 seconds
[2026-08-25T16:40:28.281+0000] {processor.py:161} INFO - Started process (PID=1556) to work on /opt/airflow/dags/price_etl_dag.py
[2026-08-25T16:40:28.281+0000] {processor.py:830} INFO - Processing file /opt/airflow/dags/price_etl_dag.py for tasks to queue
[2026-08-25T16:40:28.283+0000] {logging_mixin.py:188} INFO - [2026-08-25T16:40:28.282+0000] {dagbag.py:545} INFO - Filling up the DagBag from /opt/airflow/dags/price_etl_dag.py
[2026-08-25T16:40:28.308+0000] {processor.py:840} INFO - DAG(s) 'price_etl_pipeline' retrieved from /opt/airflow/dags/price_etl_dag.py
[2026-08-25T16:40:28.333+0000] {logging_mixin.py:188} INFO - [2026-08-25T16:40:28.333+0000] {dag.py:3096} INFO - Sync 1 DAGs
[2026-08-25T16:40:28.493+0000] {logging_mixin.py:188} INFO - [2026-08-25T16:40:28.493+0000] {dag.py:3954} INFO - Setting next_dagrun for price_etl_pipeline to 2026-08-25 12:00:00+00:00, run_after=2026-08-26 12:00:00+00:00
[2026-08-25T16:40:28.503+0000] {processor.py:183} INFO - Processing /opt/airflow/dags/price_etl_dag.py took 0.227 seconds
[2026-08-25T16:40:58.624+0000] {processor.py:161} INFO - Started process (PID=1587) to work on /opt/airflow/dags/price_etl_dag.py
[2026-08-25T16:40:58.625+0000] {processor.py:830} INFO - Processing file /opt/airflow/dags/price_etl_dag.py for tasks to queue
[2026-08-25T16:40:58.627+0000] {logging_mixin.py:188} INFO - [2026-08-25T16:40:58.626+0000] {dagbag.py:545} INFO - Filling up the DagBag from /opt/airflow/dags/price_etl_dag.py
[2026-08-25T16:40:58.644+0000] {processor.py:840} INFO - DAG(s) 'price_etl_pipeline' retrieved from /opt/airflow/dags/price_etl_dag.py
[2026-08-25T16:40:58.667+0000] {logging_mixin.py:188} INFO - [2026-08-25T16:40:58.667+0000] {dag.py:3096} INFO - Sync 1 DAGs
[2026-08-25T16:40:58.779+0000] {logging_mixin.py:188} INFO - [2026-08-25T16:40:58.779+0000] {dag.py:3954} INFO - Setting next_dagrun for price_etl_pipeline to 2026-08-25 12:00:00+00:00, run_after=2026-08-26 12:00:00+00:00
[2026-08-25T16:40:58.790+0000] {processor.py:183} INFO - Processing /opt/airflow/dags/price_etl_dag.py took 0.171 seconds
[2026-08-25T16:41:28.901+0000] {processor.py:161} INFO - Started process (PID=2116) to work on /opt/airflow/dags/price_etl_dag.py
[2026-08-25T16:41:28.901+0000] {processor.py:830} INFO - Processing file /opt/airflow/dags/price_etl_dag.py for tasks to queue
[2026-08-25T16:41:28.903+0000] {logging_mixin.py:188} INFO - [2026-08-25T16:41:28.902+0000] {dagbag.py:545} INFO - Filling up the DagBag from /opt/airflow/dags/price_etl_dag.py
[2026-08-25T16:41:28.918+0000] {processor.py:840} INFO - DAG(s) 'price_etl_pipeline' retrieved from /opt/airflow/dags/price_etl_dag.py
[2026-08-25T16:41:29.036+0000] {logging_mixin.py:188} INFO - [2026-08-25T16:41:29.036+0000] {dag.py:3096} INFO - Sync 1 DAGs
[2026-08-25T16:41:29.048+0000] {logging_mixin.py:188} INFO - [2026-08-25T16:41:29.047+0000] {dag.py:3954} INFO - Setting next_dagrun for price_etl_pipeline to 2026-08-25 12:00:00+00:00, run_after=2026-08-26 12:00:00+00:00
[2026-08-25T16:41:29.061+0000] {processor.py:183} INFO - Processing /opt/airflow/dags/price_etl_dag.py took 0.164 seconds
[2026-08-25T16:41:59.168+0000] {processor.py:161} INFO - Started process (PID=2128) to work on /opt/airflow/dags/price_etl_dag.py
[2026-08-25T16:41:59.169+0000] {processor.py:830} INFO - Processing file /opt/airflow/dags/price_etl_dag.py for tasks to queue
[2026-08-25T16:41:59.170+0000] {logging_mixin.py:188} INFO - [2026-08-25T16:41:59.169+0000] {dagbag.py:545} INFO - Filling up the DagBag from /opt/airflow/dags/price_etl_dag.py
[2026-08-25T16:41:59.264+0000] {processor.py:840} INFO - DAG(s) 'price_etl_pipeline' retrieved from /opt/airflow/dags/price_etl_dag.py
[2026-08-25T16:41:59.281+0000] {logging_mixin.py:188} INFO - [2026-08-25T16:41:59.281+0000] {dag.py:3096} INFO - Sync 1 DAGs
[2026-08-25T16:41:59.291+0000] {logging_mixin.py:188} INFO - [2026-08-25T16:41:59.291+0000] {dag.py:3954} INFO - Setting next_dagrun for price_etl_pipeline to 2026-08-25 12:00:00+00:00, run_after=2026-08-26 12:00:00+00:00
[2026-08-25T16:41:59.304+0000] {processor.py:183} INFO - Processing /opt/airflow/dags/price_etl_dag.py took 0.139 seconds
[2026-08-25T16:42:29.382+0000] {processor.py:161} INFO - Started process (PID=2287) to work on /opt/airflow/dags/price_etl_dag.py
[2026-08-25T16:42:29.382+0000] {processor.py:830} INFO - Processing file /opt/airflow/dags/price_etl_dag.py for tasks to queue
[2026-08-25T16:42:29.384+0000] {logging_mixin.py:188} INFO - [2026-08-25T16:42:29.384+0000] {dagbag.py:545} INFO - Filling up the DagBag from /opt/airflow/dags/price_etl_dag.py
[2026-08-25T16:42:29.401+0000] {processor.py:840} INFO - DAG(s) 'price_etl_pipeline' retrieved from /opt/airflow/dags/price_etl_dag.py
[2026-08-25T16:42:29.424+0000] {logging_mixin.py:188} INFO - [2026-08-25T16:42:29.424+0000] {dag.py:3096} INFO - Sync 1 DAGs
[2026-08-25T16:42:29.438+0000] {logging_mixin.py:188} INFO - [2026-08-25T16:42:29.438+0000] {dag.py:3954} INFO - Setting next_dagrun for price_etl_pipeline to 2026-08-25 12:00:00+00:00, run_after=2026-08-26 12:00:00+00:00
[2026-08-25T16:42:29.450+0000] {processor.py:183} INFO - Processing /opt/airflow/dags/price_etl_dag.py took 0.073 seconds
[2026-08-25T16:42:59.532+0000] {processor.py:161} INFO - Started process (PID=2341) to work on /opt/airflow/dags/price_etl_dag.py
[2026-08-25T16:42:59.532+0000] {processor.py:830} INFO - Processing file /opt/airflow/dags/price_etl_dag.py for tasks to queue
[2026-08-25T16:42:59.533+0000] {logging_mixin.py:188} INFO - [2026-08-25T16:42:59.533+0000] {dagbag.py:545} INFO - Filling up the DagBag from /opt/airflow/dags/price_etl_dag.py
[2026-08-25T16:42:59.547+0000] {processor.py:840} INFO - DAG(s) 'price_etl_pipeline' retrieved from /opt/airflow/dags/price_etl_dag.py
[2026-08-25T16:42:59.564+0000] {logging_mixin.py:188} INFO - [2026-08-25T16:42:59.564+0000] {dag.py:3096} INFO - Sync 1 DAGs
[2026-08-25T16:42:59.576+0000] {logging_mixin.py:188} INFO - [2026-08-25T16:42:59.576+0000] {dag.py:3954} INFO - Setting next_dagrun for price_etl_pipeline to 2026-08-25 12:00:00+00:00, run_after=2026-08-26 12:00:00+00:00
[2026-08-25T16:42:59.587+0000] {processor.py:183} INFO - Processing /opt/airflow/dags/price_etl_dag.py took 0.061 seconds
[2026-08-25T16:43:29.686+0000] {processor.py:161} INFO - Started process (PID=2723) to work on /opt/airflow/dags/price_etl_dag.py
[2026-08-25T16:43:29.687+0000] {processor.py:830} INFO - Processing file /opt/airflow/dags/price_etl_dag.py for tasks to queue
[2026-08-25T16:43:29.688+0000] {logging_mixin.py:188} INFO - [2026-08-25T16:43:29.688+0000] {dagbag.py:545} INFO - Filling up the DagBag from /opt/airflow/dags/price_etl_dag.py
[2026-08-25T16:43:29.700+0000] {processor.py:840} INFO - DAG(s) 'price_etl_pipeline' retrieved from /opt/airflow/dags/price_etl_dag.py
[2026-08-25T16:43:29.714+0000] {logging_mixin.py:188} INFO - [2026-08-25T16:43:29.714+0000] {dag.py:3096} INFO - Sync 1 DAGs
[2026-08-25T16:43:29.728+0000] {logging_mixin.py:188} INFO - [2026-08-25T16:43:29.728+0000] {dag.py:3954} INFO - Setting next_dagrun for price_etl_pipeline to 2026-08-25 12:00:00+00:00, run_after=2026-08-26 12:00:00+00:00
[2026-08-25T16:43:29.739+0000] {processor.py:183} INFO - Processing /opt/airflow/dags/price_etl_dag.py took 0.056 seconds
[2026-08-25T16:43:59.823+0000] {processor.py:161} INFO - Started process (PID=3128) to work on /opt/airflow/dags/price_etl_dag.py
[2026-08-25T16:43:59.823+0000] {processor.py:830} INFO - Processing file /opt/airflow/dags/price_etl_dag.py for tasks to queue
[2026-08-25T16:43:59.824+0000] {logging_mixin.py:188} INFO - [2026-08-25T16:43:59.824+0000] {dagbag.py:545} INFO - Filling up the DagBag from /opt/airflow/dags/price_etl_dag.py
[2026-08-25T16:43:59.843+0000] {processor.py:840} INFO - DAG(s) 'price_etl_pipeline' retrieved from /opt/airflow/dags/price_etl_dag.py
[2026-08-25T16:43:59.872+0000] {logging_mixin.py:188} INFO - [2026-08-25T16:43:59.871+0000] {dag.py:3096} INFO - Sync 1 DAGs
[2026-08-25T16:43:59.891+0000] {logging_mixin.py:188} INFO - [2026-08-25T16:43:59.891+0000] {dag.py:3954} INFO - Setting next_dagrun for price_etl_pipeline to 2026-08-25 12:00:00+00:00, run_after=2026-08-26 12:00:00+00:00
[2026-08-25T16:43:59.903+0000] {processor.py:183} INFO - Processing /opt/airflow/dags/price_etl_dag.py took 0.085 seconds
[2026-08-25T16:44:29.964+0000] {processor.py:161} INFO - Started process (PID=3177) to work on /opt/airflow/dags/price_etl_dag.py
[2026-08-25T16:44:29.965+0000] {processor.py:830} INFO - Processing file /opt/airflow/dags/price_etl_dag.py for tasks to queue
[2026-08-25T16:44:29.966+0000] {logging_mixin.py:188} INFO - [2026-08-25T16:44:29.966+0000] {dagbag.py:545} INFO - Filling up the DagBag from /opt/airflow/dags/price_etl_dag.py
[2026-08-25T16:44:29.979+0000] {processor.py:840} INFO - DAG(s) 'price_etl_pipeline' retrieved from /opt/airflow/dags/price_etl_dag.py
[2026-08-25T16:44:29.999+0000] {logging_mixin.py:188} INFO - [2026-08-25T16:44:29.999+0000] {dag.py:3096} INFO - Sync 1 DAGs
[2026-08-25T16:44:30.018+0000] {logging_mixin.py:188} INFO - [2026-08-25T16:44:30.018+0000] {dag.py:3954} INFO - Setting next_dagrun for price_etl_pipeline to 2026-08-25 12:00:00+00:00, run_after=2026-08-26 12:00:00+00:00
[2026-08-25T16:44:30.032+0000] {processor.py:183} INFO - Processing /opt/airflow/dags/price_etl_dag.py took 0.070 seconds
[2026-08-25T16:45:00.140+0000] {processor.py:161} INFO - Started process (PID=3348) to work on /opt/airflow/dags/price_etl_dag.py
[2026-08-25T16:45:00.141+0000] {processor.py:830} INFO - Processing file /opt/airflow/dags/price_etl_dag.py for tasks to queue
[2026-08-25T16:45:00.144+0000] {logging_mixin.py:188} INFO - [2026-08-25T16:45:00.143+0000] {dagbag.py:545} INFO - Filling up the DagBag from /opt/airflow/dags/price_etl_dag.py
[2026-08-25T16:45:00.163+0000] {processor.py:840} INFO - DAG(s) 'price_etl_pipeline' retrieved from /opt/airflow/dags/price_etl_dag.py
[2026-08-25T16:45:00.191+0000] {logging_mixin.py:188} INFO - [2026-08-25T16:45:00.191+0000] {dag.py:3096} INFO - Sync 1 DAGs
[2026-08-25T16:45:00.208+0000] {logging_mixin.py:188} INFO - [2026-08-25T16:45:00.208+0000] {dag.py:3954} INFO - Setting next_dagrun for price_etl_pipeline to 2026-08-25 12:00:00+00:00, run_after=2026-08-26 12:00:00+00:00
[2026-08-25T16:45:00.221+0000] {processor.py:183} INFO - Processing /opt/airflow/dags/price_etl_dag.py took 0.087 seconds
[2026-08-25T16:45:30.269+0000] {processor.py:161} INFO - Started process (PID=3456) to work on /opt/airflow/dags/price_etl_dag.py
[2026-08-25T16:45:30.269+0000] {processor.py:830} INFO - Processing file /opt/airflow/dags/price_etl_dag.py for tasks to queue
[2026-08-25T16:45:30.270+0000] {logging_mixin.py:188} INFO - [2026-08-25T16:45:30.270+0000] {dagbag.py:545} INFO - Filling up the DagBag from /opt/airflow/dags/price_etl_dag.py
[2026-08-25T16:45:30.284+0000] {processor.py:840} INFO - DAG(s) 'price_etl_pipeline' retrieved from /opt/airflow/dags/price_etl_dag.py
[2026-08-25T16:45:30.300+0000] {logging_mixin.py:188} INFO - [2026-08-25T16:45:30.300+0000] {dag.py:3096} INFO - Sync 1 DAGs
[2026-08-25T16:45:30.311+0000] {logging_mixin.py:188} INFO - [2026-08-25T16:45:30.311+0000] {dag.py:3954} INFO - Setting next_dagrun for price_etl_pipeline to 2026-08-25 12:00:00+00:00, run_after=2026-08-26 12:00:00+00:00
[2026-08-25T16:45:30.322+0000] {processor.py:183} INFO - Processing /opt/airflow/dags/price_etl_dag.py took 0.057 seconds
[2026-08-25T16:46:00.449+0000] {processor.py:161} INFO - Started process (PID=3506) to work on /opt/airflow/dags/price_etl_dag.py
[2026-08-25T16:46:00.449+0000] {processor.py:830} INFO - Processing file /opt/airflow/dags/price_etl_dag.py for tasks to queue
[2026-08-25T16:46:00.451+0000] {logging_mixin.py:188} INFO - [2026-08-25T16:46:00.451+0000] {dagbag.py:545} INFO - Filling up the DagBag from /opt/airflow/dags/price_etl_dag.py
[2026-08-25T16:46:00.464+0000] {processor.py:840} INFO - DAG(s) 'price_etl_pipeline' retrieved from /opt/airflow/dags/price_etl_dag.py
[2026-08-25T16:46:00.485+0000] {logging_mixin.py:188} INFO - [2026-08-25T16:46:00.485+0000] {dag.py:3096} INFO - Sync 1 DAGs
[2026-08-25T16:46:00.500+0000] {logging_mixin.py:188} INFO - [2026-08-25T16:46:00.500+0000] {dag.py:3954} INFO - Setting next_dagrun for price_etl_pipeline to 2026-08-25 12:00:00+00:00, run_after=2026-08-26 12:00:00+00:00
[2026-08-25T16:46:00.516+0000] {processor.py:183} INFO - Processing /opt/airflow/dags/price_etl_dag.py took 0.070 seconds
[2026-08-25T16:46:30.583+0000] {processor.py:161} INFO - Started process (PID=3594) to work on /opt/airflow/dags/price_etl_dag.py
[2026-08-25T16:46:30.584+0000] {processor.py:830} INFO - Processing file /opt/airflow/dags/price_etl_dag.py for tasks to queue
[2026-08-25T16:46:30.585+0000] {logging_mixin.py:188} INFO - [2026-08-25T16:46:30.584+0000] {dagbag.py:545} INFO - Filling up the DagBag from /opt/airflow/dags/price_etl_dag.py
[2026-08-25T16:46:30.601+0000] {processor.py:840} INFO - DAG(s) 'price_etl_pipeline' retrieved from /opt/airflow/dags/price_etl_dag.py
[2026-08-25T16:46:30.620+0000] {logging_mixin.py:188} INFO - [2026-08-25T16:46:30.620+0000] {dag.py:3096} INFO - Sync 1 DAGs
[2026-08-25T16:46:30.633+0000] {logging_mixin.py:188} INFO - [2026-08-25T16:46:30.633+0000] {dag.py:3954} INFO - Setting next_dagrun for price_etl_pipeline to 2026-08-25 12:00:00+00:00, run_after=2026-08-26 12:00:00+00:00
[2026-08-25T16:46:30.646+0000] {processor.py:183} INFO - Processing /opt/airflow/dags/price_etl_dag.py took 0.066 seconds
[2026-08-25T16:47:00.732+0000] {processor.py:161} INFO - Started process (PID=3864) to work on /opt/airflow/dags/price_etl_dag.py
[2026-08-25T16:47:00.732+0000] {processor.py:830} INFO - Processing file /opt/airflow/dags/price_etl_dag.py for tasks to queue
[2026-08-25T16:47:00.733+0000] {logging_mixin.py:188} INFO - [2026-08-25T16:47:00.733+0000] {dagbag.py:545} INFO - Filling up the DagBag from /opt/airflow/dags/price_etl_dag.py
[2026-08-25T16:47:00.748+0000] {processor.py:840} INFO - DAG(s) 'price_etl_pipeline' retrieved from /opt/airflow/dags/price_etl_dag.py
[2026-08-25T16:47:00.764+0000] {logging_mixin.py:188} INFO - [2026-08-25T16:47:00.764+0000] {dag.py:3096} INFO - Sync 1 DAGs
[2026-08-25T16:47:00.775+0000] {logging_mixin.py:188} INFO - [2026-08-25T16:47:00.775+0000] {dag.py:3954} INFO - Setting next_dagrun for price_etl_pipeline to 2026-08-25 12:00:00+00:00, run_after=2026-08-26 12:00:00+00:00
[2026-08-25T16:47:00.788+0000] {processor.py:183} INFO - Processing /opt/airflow/dags/price_etl_dag.py took 0.059 seconds
[2026-08-25T16:47:30.863+0000] {processor.py:161} INFO - Started process (PID=3869) to work on /opt/airflow/dags/price_etl_dag.py
[2026-08-25T16:47:30.864+0000] {processor.py:830} INFO - Processing file /opt/airflow/dags/price_etl_dag.py for tasks to queue
[2026-08-25T16:47:30.865+0000] {logging_mixin.py:188} INFO - [2026-08-25T16:47:30.865+0000] {dagbag.py:545} INFO - Filling up the DagBag from /opt/airflow/dags/price_etl_dag.py
[2026-08-25T16:47:30.879+0000] {processor.py:840} INFO - DAG(s) 'price_etl_pipeline' retrieved from /opt/airflow/dags/price_etl_dag.py
[2026-08-25T16:47:30.898+0000] {logging_mixin.py:188} INFO - [2026-08-25T16:47:30.898+0000] {dag.py:3096} INFO - Sync 1 DAGs
[2026-08-25T16:47:30.911+0000] {logging_mixin.py:188} INFO - [2026-08-25T16:47:30.911+0000] {dag.py:3954} INFO - Setting next_dagrun for price_etl_pipeline to 2026-08-25 12:00:00+00:00, run_after=2026-08-26 12:00:00+00:00
[2026-08-25T16:47:30.923+0000] {processor.py:183} INFO - Processing /opt/airflow/dags/price_etl_dag.py took 0.063 seconds
[2026-08-25T16:48:00.995+0000] {processor.py:161} INFO - Started process (PID=3874) to work on /opt/airflow/dags/price_etl_dag.py
[2026-08-25T16:48:00.996+0000] {processor.py:830} INFO - Processing file /opt/airflow/dags/price_etl_dag.py for tasks to queue
[2026-08-25T16:48:00.997+0000] {logging_mixin.py:188} INFO - [2026-08-25T16:48:00.997+0000] {dagbag.py:545} INFO - Filling up the DagBag from /opt/airflow/dags/price_etl_dag.py
[2026-08-25T16:48:01.011+0000] {processor.py:840} INFO - DAG(s) 'price_etl_pipeline' retrieved from /opt/airflow/dags/price_etl_dag.py
[2026-08-25T16:48:01.028+0000] {logging_mixin.py:188} INFO - [2026-08-25T16:48:01.028+0000] {dag.py:3096} INFO - Sync 1 DAGs
[2026-08-25T16:48:01.040+0000] {logging_mixin.py:188} INFO - [2026-08-25T16:48:01.040+0000] {dag.py:3954} INFO - Setting next_dagrun for price_etl_pipeline to 2026-08-25 12:00:00+00:00, run_after=2026-08-26 12:00:00+00:00
[2026-08-25T16:48:01.053+0000] {processor.py:183} INFO - Processing /opt/airflow/dags/price_etl_dag.py took 0.060 seconds
[2026-08-25T16:48:31.162+0000] {processor.py:161} INFO - Started process (PID=3879) to work on /opt/airflow/dags/price_etl_dag.py
[2026-08-25T16:48:31.163+0000] {processor.py:830} INFO - Processing file /opt/airflow/dags/price_etl_dag.py for tasks to queue
[2026-08-25T16:48:31.163+0000] {logging_mixin.py:188} INFO - [2026-08-25T16:48:31.163+0000] {dagbag.py:545} INFO - Filling up the DagBag from /opt/airflow/dags/price_etl_dag.py
[2026-08-25T16:48:31.176+0000] {processor.py:840} INFO - DAG(s) 'price_etl_pipeline' retrieved from /opt/airflow/dags/price_etl_dag.py
[2026-08-25T16:48:31.191+0000] {logging_mixin.py:188} INFO - [2026-08-25T16:48:31.191+0000] {dag.py:3096} INFO - Sync 1 DAGs
[2026-08-25T16:48:31.202+0000] {logging_mixin.py:188} INFO - [2026-08-25T16:48:31.202+0000] {dag.py:3954} INFO - Setting next_dagrun for price_etl_pipeline to 2026-08-25 12:00:00+00:00, run_after=2026-08-26 12:00:00+00:00
[2026-08-25T16:48:31.215+0000] {processor.py:183} INFO - Processing /opt/airflow/dags/price_etl_dag.py took 0.056 seconds
[2026-08-25T16:49:01.285+0000] {processor.py:161} INFO - Started process (PID=3884) to work on /opt/airflow/dags/price_etl_dag.py
[2026-08-25T16:49:01.285+0000] {processor.py:830} INFO - Processing file /opt/airflow/dags/price_etl_dag.py for tasks to queue
[2026-08-25T16:49:01.286+0000] {logging_mixin.py:188} INFO - [2026-08-25T16:49:01.286+0000] {dagbag.py:545} INFO - Filling up the DagBag from /opt/airflow/dags/price_etl_dag.py
[2026-08-25T16:49:01.297+0000] {processor.py:840} INFO - DAG(s) 'price_etl_pipeline' retrieved from /opt/airflow/dags/price_etl_dag.py
[2026-08-25T16:49:01.312+0000] {logging_mixin.py:188} INFO - [2026-08-25T16:49:01.312+0000] {dag.py:3096} INFO - Sync 1 DAGs
[2026-08-25T16:49:01.323+0000] {logging_mixin.py:188} INFO - [2026-08-25T16:49:01.323+0000] {dag.py:3954} INFO - Setting next_dagrun for price_etl_pipeline to 2026-08-25 12:00:00+00:00, run_after=2026-08-26 12:00:00+00:00
[2026-08-25T16:49:01.335+0000] {processor.py:183} INFO - Processing /opt/airflow/dags/price_etl_dag.py took 0.053 seconds
[2026-08-25T16:49:31.422+0000] {processor.py:161} INFO - Started process (PID=3889) to work on /opt/airflow/dags/price_etl_dag.py
[2026-08-25T16:49:31.422+0000] {processor.py:830} INFO - Processing file /opt/airflow/dags/price_etl_dag.py for tasks to queue
[2026-08-25T16:49:31.424+0000] {logging_mixin.py:188} INFO - [2026-08-25T16:49:31.423+0000] {dagbag.py:545} INFO - Filling up the DagBag from /opt/airflow/dags/price_etl_dag.py
[2026-08-25T16:49:31.436+0000] {processor.py:840} INFO - DAG(s) 'price_etl_pipeline' retrieved from /opt/airflow/dags/price_etl_dag.py
[2026-08-25T16:49:31.451+0000] {logging_mixin.py:188} INFO - [2026-08-25T16:49:31.451+0000] {dag.py:3096} INFO - Sync 1 DAGs
[2026-08-25T16:49:31.462+0000] {logging_mixin.py:188} INFO - [2026-08-25T16:49:31.462+0000] {dag.py:3954} INFO - Setting next_dagrun for price_etl_pipeline to 2026-08-25 12:00:00+00:00, run_after=2026-08-26 12:00:00+00:00
[2026-08-25T16:49:31.475+0000] {processor.py:183} INFO - Processing /opt/airflow/dags/price_etl_dag.py took 0.056 seconds
[2026-08-25T16:50:01.548+0000] {processor.py:161} INFO - Started process (PID=3894) to work on /opt/airflow/dags/price_etl_dag.py
[2026-08-25T16:50:01.549+0000] {processor.py:830} INFO - Processing file /opt/airflow/dags/price_etl_dag.py for tasks to queue
[2026-08-25T16:50:01.550+0000] {logging_mixin.py:188} INFO - [2026-08-25T16:50:01.550+0000] {dagbag.py:545} INFO - Filling up the DagBag from /opt/airflow/dags/price_etl_dag.py
[2026-08-25T16:50:01.563+0000] {processor.py:840} INFO - DAG(s) 'price_etl_pipeline' retrieved from /opt/airflow/dags/price_etl_dag.py
[2026-08-25T16:50:01.640+0000] {logging_mixin.py:188} INFO - [2026-08-25T16:50:01.640+0000] {dag.py:3096} INFO - Sync 1 DAGs
[2026-08-25T16:50:01.645+0000] {logging_mixin.py:188} INFO - [2026-08-25T16:50:01.645+0000] {dag.py:3118} INFO - Creating ORM DAG for price_etl_pipeline
[2026-08-25T16:50:01.650+0000] {logging_mixin.py:188} INFO - [2026-08-25T16:50:01.650+0000] {dag.py:3954} INFO - Setting next_dagrun for price_etl_pipeline to 2026-08-24 12:00:00+00:00, run_after=2026-08-25 12:00:00+00:00
[2026-08-25T16:50:01.664+0000] {processor.py:183} INFO - Processing /opt/airflow/dags/price_etl_dag.py took 0.118 seconds
[2026-08-25T16:50:31.763+0000] {processor.py:161} INFO - Started process (PID=3899) to work on /opt/airflow/dags/price_etl_dag.py
[2026-08-25T16:50:31.764+0000] {processor.py:830} INFO - Processing file /opt/airflow/dags/price_etl_dag.py for tasks to queue
[2026-08-25T16:50:31.765+0000] {logging_mixin.py:188} INFO - [2026-08-25T16:50:31.765+0000] {dagbag.py:545} INFO - Filling up the DagBag from /opt/airflow/dags/price_etl_dag.py
[2026-08-25T16:50:31.778+0000] {processor.py:840} INFO - DAG(s) 'price_etl_pipeline' retrieved from /opt/airflow/dags/price_etl_dag.py
[2026-08-25T16:50:31.794+0000] {logging_mixin.py:188} INFO - [2026-08-25T16:50:31.793+0000] {dag.py:3096} INFO - Sync 1 DAGs
[2026-08-25T16:50:31.803+0000] {logging_mixin.py:188} INFO - [2026-08-25T16:50:31.803+0000] {dag.py:3954} INFO - Setting next_dagrun for price_etl_pipeline to 2026-08-24 12:00:00+00:00, run_after=2026-08-25 12:00:00+00:00
[2026-08-25T16:50:31.816+0000] {processor.py:183} INFO - Processing /opt/airflow/dags/price_etl_dag.py took 0.056 seconds
[2026-08-25T16:51:01.886+0000] {processor.py:161} INFO - Started process (PID=3904) to work on /opt/airflow/dags/price_etl_dag.py
[2026-08-25T16:51:01.887+0000] {processor.py:830} INFO - Processing file /opt/airflow/dags/price_etl_dag.py for tasks to queue
[2026-08-25T16:51:01.888+0000] {logging_mixin.py:188} INFO - [2026-08-25T16:51:01.888+0000] {dagbag.py:545} INFO - Filling up the DagBag from /opt/airflow/dags/price_etl_dag.py
[2026-08-25T16:51:01.901+0000] {processor.py:840} INFO - DAG(s) 'price_etl_pipeline' retrieved from /opt/airflow/dags/price_etl_dag.py
[2026-08-25T16:51:01.916+0000] {logging_mixin.py:188} INFO - [2026-08-25T16:51:01.916+0000] {dag.py:3096} INFO - Sync 1 DAGs
[2026-08-25T16:51:01.927+0000] {logging_mixin.py:188} INFO - [2026-08-25T16:51:01.926+0000] {dag.py:3954} INFO - Setting next_dagrun for price_etl_pipeline to 2026-08-24 12:00:00+00:00, run_after=2026-08-25 12:00:00+00:00
[2026-08-25T16:51:01.938+0000] {processor.py:183} INFO - Processing /opt/airflow/dags/price_etl_dag.py took 0.055 seconds
[2026-08-25T16:51:32.028+0000] {processor.py:161} INFO - Started process (PID=3909) to work on /opt/airflow/dags/price_etl_dag.py
[2026-08-25T16:51:32.028+0000] {processor.py:830} INFO - Processing file /opt/airflow/dags/price_etl_dag.py for tasks to queue
[2026-08-25T16:51:32.030+0000] {logging_mixin.py:188} INFO - [2026-08-25T16:51:32.029+0000] {dagbag.py:545} INFO - Filling up the DagBag from /opt/airflow/dags/price_etl_dag.py
[2026-08-25T16:51:32.043+0000] {processor.py:840} INFO - DAG(s) 'price_etl_pipeline' retrieved from /opt/airflow/dags/price_etl_dag.py
[2026-08-25T16:51:32.058+0000] {logging_mixin.py:188} INFO - [2026-08-25T16:51:32.058+0000] {dag.py:3096} INFO - Sync 1 DAGs
[2026-08-25T16:51:32.067+0000] {logging_mixin.py:188} INFO - [2026-08-25T16:51:32.067+0000] {dag.py:3954} INFO - Setting next_dagrun for price_etl_pipeline to 2026-08-24 12:00:00+00:00, run_after=2026-08-25 12:00:00+00:00
[2026-08-25T16:51:32.079+0000] {processor.py:183} INFO - Processing /opt/airflow/dags/price_etl_dag.py took 0.054 seconds
[2026-08-25T16:52:02.161+0000] {processor.py:161} INFO - Started process (PID=3914) to work on /opt/airflow/dags/price_etl_dag.py
[2026-08-25T16:52:02.162+0000] {processor.py:830} INFO - Processing file /opt/airflow/dags/price_etl_dag.py for tasks to queue
[2026-08-25T16:52:02.163+0000] {logging_mixin.py:188} INFO - [2026-08-25T16:52:02.163+0000] {dagbag.py:545} INFO - Filling up the DagBag from /opt/airflow/dags/price_etl_dag.py
[2026-08-25T16:52:02.178+0000] {processor.py:840} INFO - DAG(s) 'price_etl_pipeline' retrieved from /opt/airflow/dags/price_etl_dag.py
[2026-08-25T16:52:02.193+0000] {logging_mixin.py:188} INFO - [2026-08-25T16:52:02.193+0000] {dag.py:3096} INFO - Sync 1 DAGs
[2026-08-25T16:52:02.205+0000] {logging_mixin.py:188} INFO - [2026-08-25T16:52:02.205+0000] {dag.py:3954} INFO - Setting next_dagrun for price_etl_pipeline to 2026-08-24 12:00:00+00:00, run_after=2026-08-25 12:00:00+00:00
[2026-08-25T16:52:02.215+0000] {processor.py:183} INFO - Processing /opt/airflow/dags/price_etl_dag.py took 0.056 seconds
[2026-08-25T16:52:32.298+0000] {processor.py:161} INFO - Started process (PID=3919) to work on /opt/airflow/dags/price_etl_dag.py
[2026-08-25T16:52:32.299+0000] {processor.py:830} INFO - Processing file /opt/airflow/dags/price_etl_dag.py for tasks to queue
[2026-08-25T16:52:32.299+0000] {logging_mixin.py:188} INFO - [2026-08-25T16:52:32.299+0000] {dagbag.py:545} INFO - Filling up the DagBag from /opt/airflow/dags/price_etl_dag.py
[2026-08-25T16:52:32.313+0000] {processor.py:840} INFO - DAG(s) 'price_etl_pipeline' retrieved from /opt/airflow/dags/price_etl_dag.py
[2026-08-25T16:52:32.329+0000] {logging_mixin.py:188} INFO - [2026-08-25T16:52:32.328+0000] {dag.py:3096} INFO - Sync 1 DAGs
[2026-08-25T16:52:32.339+0000] {logging_mixin.py:188} INFO - [2026-08-25T16:52:32.339+0000] {dag.py:3954} INFO - Setting next_dagrun for price_etl_pipeline to 2026-08-24 12:00:00+00:00, run_after=2026-08-25 12:00:00+00:00
[2026-08-25T16:52:32.350+0000] {processor.py:183} INFO - Processing /opt/airflow/dags/price_etl_dag.py took 0.055 seconds
[2026-08-25T16:53:02.438+0000] {processor.py:161} INFO - Started process (PID=3924) to work on /opt/airflow/dags/price_etl_dag.py
[2026-08-25T16:53:02.439+0000] {processor.py:830} INFO - Processing file /opt/airflow/dags/price_etl_dag.py for tasks to queue
[2026-08-25T16:53:02.440+0000] {logging_mixin.py:188} INFO - [2026-08-25T16:53:02.440+0000] {dagbag.py:545} INFO - Filling up the DagBag from /opt/airflow/dags/price_etl_dag.py
[2026-08-25T16:53:02.453+0000] {processor.py:840} INFO - DAG(s) 'price_etl_pipeline' retrieved from /opt/airflow/dags/price_etl_dag.py
[2026-08-25T16:53:02.469+0000] {logging_mixin.py:188} INFO - [2026-08-25T16:53:02.469+0000] {dag.py:3096} INFO - Sync 1 DAGs
[2026-08-25T16:53:02.479+0000] {logging_mixin.py:188} INFO - [2026-08-25T16:53:02.479+0000] {dag.py:3954} INFO - Setting next_dagrun for price_etl_pipeline to 2026-08-24 12:00:00+00:00, run_after=2026-08-25 12:00:00+00:00
[2026-08-25T16:53:02.491+0000] {processor.py:183} INFO - Processing /opt/airflow/dags/price_etl_dag.py took 0.056 seconds
[2026-08-25T16:53:32.588+0000] {processor.py:161} INFO - Started process (PID=3929) to work on /opt/airflow/dags/price_etl_dag.py
[2026-08-25T16:53:32.589+0000] {processor.py:830} INFO - Processing file /opt/airflow/dags/price_etl_dag.py for tasks to queue
[2026-08-25T16:53:32.590+0000] {logging_mixin.py:188} INFO - [2026-08-25T16:53:32.589+0000] {dagbag.py:545} INFO - Filling up the DagBag from /opt/airflow/dags/price_etl_dag.py
[2026-08-25T16:53:32.603+0000] {processor.py:840} INFO - DAG(s) 'price_etl_pipeline' retrieved from /opt/airflow/dags/price_etl_dag.py
[2026-08-25T16:53:32.618+0000] {logging_mixin.py:188} INFO - [2026-08-25T16:53:32.618+0000] {dag.py:3096} INFO - Sync 1 DAGs
[2026-08-25T16:53:32.628+0000] {logging_mixin.py:188} INFO - [2026-08-25T16:53:32.628+0000] {dag.py:3954} INFO - Setting next_dagrun for price_etl_pipeline to 2026-08-24 12:00:00+00:00, run_after=2026-08-25 12:00:00+00:00
[2026-08-25T16:53:32.641+0000] {processor.py:183} INFO - Processing /opt/airflow/dags/price_etl_dag.py took 0.056 seconds
[2026-08-25T16:54:02.717+0000] {processor.py:161} INFO - Started process (PID=3934) to work on /opt/airflow/dags/price_etl_dag.py
[2026-08-25T16:54:02.717+0000] {processor.py:830} INFO - Processing file /opt/airflow/dags/price_etl_dag.py for tasks to queue
[2026-08-25T16:54:02.718+0000] {logging_mixin.py:188} INFO - [2026-08-25T16:54:02.718+0000] {dagbag.py:545} INFO - Filling up the DagBag from /opt/airflow/dags/price_etl_dag.py
[2026-08-25T16:54:02.731+0000] {processor.py:840} INFO - DAG(s) 'price_etl_pipeline' retrieved from /opt/airflow/dags/price_etl_dag.py
[2026-08-25T16:54:02.747+0000] {logging_mixin.py:188} INFO - [2026-08-25T16:54:02.746+0000] {dag.py:3096} INFO - Sync 1 DAGs
[2026-08-25T16:54:02.757+0000] {logging_mixin.py:188} INFO - [2026-08-25T16:54:02.757+0000] {dag.py:3954} INFO - Setting next_dagrun for price_etl_pipeline to 2026-08-24 12:00:00+00:00, run_after=2026-08-25 12:00:00+00:00
[2026-08-25T16:54:02.771+0000] {processor.py:183} INFO - Processing /opt/airflow/dags/price_etl_dag.py took 0.057 seconds
[2026-08-25T16:54:32.859+0000] {processor.py:161} INFO - Started process (PID=3939) to work on /opt/airflow/dags/price_etl_dag.py
[2026-08-25T16:54:32.859+0000] {processor.py:830} INFO - Processing file /opt/airflow/dags/price_etl_dag.py for tasks to queue
[2026-08-25T16:54:32.860+0000] {logging_mixin.py:188} INFO - [2026-08-25T16:54:32.860+0000] {dagbag.py:545} INFO - Filling up the DagBag from /opt/airflow/dags/price_etl_dag.py
[2026-08-25T16:54:32.873+0000] {processor.py:840} INFO - DAG(s) 'price_etl_pipeline' retrieved from /opt/airflow/dags/price_etl_dag.py
[2026-08-25T16:54:32.889+0000] {logging_mixin.py:188} INFO - [2026-08-25T16:54:32.889+0000] {dag.py:3096} INFO - Sync 1 DAGs
[2026-08-25T16:54:32.898+0000] {logging_mixin.py:188} INFO - [2026-08-25T16:54:32.898+0000] {dag.py:3954} INFO - Setting next_dagrun for price_etl_pipeline to 2026-08-24 12:00:00+00:00, run_after=2026-08-25 12:00:00+00:00
[2026-08-25T16:54:32.910+0000] {processor.py:183} INFO - Processing /opt/airflow/dags/price_etl_dag.py took 0.054 seconds
[2026-08-25T16:55:02.984+0000] {processor.py:161} INFO - Started process (PID=3944) to work on /opt/airflow/dags/price_etl_dag.py
[2026-08-25T16:55:02.985+0000] {processor.py:830} INFO - Processing file /opt/airflow/dags/price_etl_dag.py for tasks to queue
[2026-08-25T16:55:02.985+0000] {logging_mixin.py:188} INFO - [2026-08-25T16:55:02.985+0000] {dagbag.py:545} INFO - Filling up the DagBag from /opt/airflow/dags/price_etl_dag.py
[2026-08-25T16:55:02.998+0000] {processor.py:840} INFO - DAG(s) 'price_etl_pipeline' retrieved from /opt/airflow/dags/price_etl_dag.py
[2026-08-25T16:55:03.014+0000] {logging_mixin.py:188} INFO - [2026-08-25T16:55:03.014+0000] {dag.py:3096} INFO - Sync 1 DAGs
[2026-08-25T16:55:03.025+0000] {logging_mixin.py:188} INFO - [2026-08-25T16:55:03.025+0000] {dag.py:3954} INFO - Setting next_dagrun for price_etl_pipeline to 2026-08-24 12:00:00+00:00, run_after=2026-08-25 12:00:00+00:00
[2026-08-25T16:55:03.037+0000] {processor.py:183} INFO - Processing /opt/airflow/dags/price_etl_dag.py took 0.055 seconds
[2026-08-25T16:55:33.121+0000] {processor.py:161} INFO - Started process (PID=3949) to work on /opt/airflow/dags/price_etl_dag.py
[2026-08-25T16:55:33.121+0000] {processor.py:830} INFO - Processing file /opt/airflow/dags/price_etl_dag.py for tasks to queue
[2026-08-25T16:55:33.122+0000] {logging_mixin.py:188} INFO - [2026-08-25T16:55:33.122+0000] {dagbag.py:545} INFO - Filling up the DagBag from /opt/airflow/dags/price_etl_dag.py
[2026-08-25T16:55:33.135+0000] {processor.py:840} INFO - DAG(s) 'price_etl_pipeline' retrieved from /opt/airflow/dags/price_etl_dag.py
[2026-08-25T16:55:33.150+0000] {logging_mixin.py:188} INFO - [2026-08-25T16:55:33.150+0000] {dag.py:3096} INFO - Sync 1 DAGs
[2026-08-25T16:55:33.161+0000] {logging_mixin.py:188} INFO - [2026-08-25T16:55:33.161+0000] {dag.py:3954} INFO - Setting next_dagrun for price_etl_pipeline to 2026-08-24 12:00:00+00:00, run_after=2026-08-25 12:00:00+00:00
[2026-08-25T16:55:33.173+0000] {processor.py:183} INFO - Processing /opt/airflow/dags/price_etl_dag.py took 0.054 seconds
[2026-08-25T16:56:03.247+0000] {processor.py:161} INFO - Started process (PID=3954) to work on /opt/airflow/dags/price_etl_dag.py
[2026-08-25T16:56:03.248+0000] {processor.py:830} INFO - Processing file /opt/airflow/dags/price_etl_dag.py for tasks to queue
[2026-08-25T16:56:03.249+0000] {logging_mixin.py:188} INFO - [2026-08-25T16:56:03.249+0000] {dagbag.py:545} INFO - Filling up the DagBag from /opt/airflow/dags/price_etl_dag.py
[2026-08-25T16:56:03.262+0000] {processor.py:840} INFO - DAG(s) 'price_etl_pipeline' retrieved from /opt/airflow/dags/price_etl_dag.py
[2026-08-25T16:56:03.277+0000] {logging_mixin.py:188} INFO - [2026-08-25T16:56:03.277+0000] {dag.py:3096} INFO - Sync 1 DAGs
[2026-08-25T16:56:03.287+0000] {logging_mixin.py:188} INFO - [2026-08-25T16:56:03.287+0000] {dag.py:3954} INFO - Setting next_dagrun for price_etl_pipeline to 2026-08-24 12:00:00+00:00, run_after=2026-08-25 12:00:00+00:00
[2026-08-25T16:56:03.298+0000] {processor.py:183} INFO - Processing /opt/airflow/dags/price_etl_dag.py took 0.054 seconds
[2026-08-25T16:56:33.424+0000] {processor.py:161} INFO - Started process (PID=3959) to work on /opt/airflow/dags/price_etl_dag.py
[2026-08-25T16:56:33.425+0000] {processor.py:830} INFO - Processing file /opt/airflow/dags/price_etl_dag.py for tasks to queue
[2026-08-25T16:56:33.431+0000] {logging_mixin.py:188} INFO - [2026-08-25T16:56:33.430+0000] {dagbag.py:545} INFO - Filling up the DagBag from /opt/airflow/dags/price_etl_dag.py
[2026-08-25T16:56:33.479+0000] {processor.py:840} INFO - DAG(s) 'price_etl_pipeline' retrieved from /opt/airflow/dags/price_etl_dag.py
[2026-08-25T16:56:33.543+0000] {logging_mixin.py:188} INFO - [2026-08-25T16:56:33.543+0000] {dag.py:3096} INFO - Sync 1 DAGs
[2026-08-25T16:56:33.582+0000] {logging_mixin.py:188} INFO - [2026-08-25T16:56:33.582+0000] {dag.py:3954} INFO - Setting next_dagrun for price_etl_pipeline to 2026-08-24 12:00:00+00:00, run_after=2026-08-25 12:00:00+00:00
[2026-08-25T16:56:33.604+0000] {processor.py:183} INFO - Processing /opt/airflow/dags/price_etl_dag.py took 0.203 seconds
[2026-08-25T16:57:03.717+0000] {processor.py:161} INFO - Started process (PID=3964) to work on /opt/airflow/dags/price_etl_dag.py
[2026-08-25T16:57:03.721+0000] {processor.py:830} INFO - Processing file /opt/airflow/dags/price_etl_dag.py for tasks to queue
[2026-08-25T16:57:03.724+0000] {logging_mixin.py:188} INFO - [2026-08-25T16:57:03.724+0000] {dagbag.py:545} INFO - Filling up the DagBag from /opt/airflow/dags/price_etl_dag.py
[2026-08-25T16:57:03.741+0000] {processor.py:840} INFO - DAG(s) 'price_etl_pipeline' retrieved from /opt/airflow/dags/price_etl_dag.py
[2026-08-25T16:57:03.764+0000] {logging_mixin.py:188} INFO - [2026-08-25T16:57:03.764+0000] {dag.py:3096} INFO - Sync 1 DAGs
[2026-08-25T16:57:03.776+0000] {logging_mixin.py:188} INFO - [2026-08-25T16:57:03.776+0000] {dag.py:3954} INFO - Setting next_dagrun for price_etl_pipeline to 2026-08-24 12:00:00+00:00, run_after=2026-08-25 12:00:00+00:00
[2026-08-25T16:57:03.791+0000] {processor.py:183} INFO - Processing /opt/airflow/dags/price_etl_dag.py took 0.077 seconds
[2026-08-25T16:57:33.837+0000] {processor.py:161} INFO - Started process (PID=3969) to work on /opt/airflow/dags/price_etl_dag.py
[2026-08-25T16:57:33.837+0000] {processor.py:830} INFO - Processing file /opt/airflow/dags/price_etl_dag.py for tasks to queue
[2026-08-25T16:57:33.838+0000] {logging_mixin.py:188} INFO - [2026-08-25T16:57:33.838+0000] {dagbag.py:545} INFO - Filling up the DagBag from /opt/airflow/dags/price_etl_dag.py
[2026-08-25T16:57:33.851+0000] {processor.py:840} INFO - DAG(s) 'price_etl_pipeline' retrieved from /opt/airflow/dags/price_etl_dag.py
[2026-08-25T16:57:33.870+0000] {logging_mixin.py:188} INFO - [2026-08-25T16:57:33.870+0000] {dag.py:3096} INFO - Sync 1 DAGs
[2026-08-25T16:57:33.884+0000] {logging_mixin.py:188} INFO - [2026-08-25T16:57:33.884+0000] {dag.py:3954} INFO - Setting next_dagrun for price_etl_pipeline to 2026-08-24 12:00:00+00:00, run_after=2026-08-25 12:00:00+00:00
[2026-08-25T16:57:33.899+0000] {processor.py:183} INFO - Processing /opt/airflow/dags/price_etl_dag.py took 0.065 seconds
[2026-08-25T16:58:04.007+0000] {processor.py:161} INFO - Started process (PID=3974) to work on /opt/airflow/dags/price_etl_dag.py
[2026-08-25T16:58:04.007+0000] {processor.py:830} INFO - Processing file /opt/airflow/dags/price_etl_dag.py for tasks to queue
[2026-08-25T16:58:04.009+0000] {logging_mixin.py:188} INFO - [2026-08-25T16:58:04.008+0000] {dagbag.py:545} INFO - Filling up the DagBag from /opt/airflow/dags/price_etl_dag.py
[2026-08-25T16:58:04.022+0000] {processor.py:840} INFO - DAG(s) 'price_etl_pipeline' retrieved from /opt/airflow/dags/price_etl_dag.py
[2026-08-25T16:58:04.043+0000] {logging_mixin.py:188} INFO - [2026-08-25T16:58:04.043+0000] {dag.py:3096} INFO - Sync 1 DAGs
[2026-08-25T16:58:04.057+0000] {logging_mixin.py:188} INFO - [2026-08-25T16:58:04.057+0000] {dag.py:3954} INFO - Setting next_dagrun for price_etl_pipeline to 2026-08-24 12:00:00+00:00, run_after=2026-08-25 12:00:00+00:00
[2026-08-25T16:58:04.072+0000] {processor.py:183} INFO - Processing /opt/airflow/dags/price_etl_dag.py took 0.068 seconds
[2026-08-25T16:58:34.156+0000] {processor.py:161} INFO - Started process (PID=3979) to work on /opt/airflow/dags/price_etl_dag.py
[2026-08-25T16:58:34.156+0000] {processor.py:830} INFO - Processing file /opt/airflow/dags/price_etl_dag.py for tasks to queue
[2026-08-25T16:58:34.160+0000] {logging_mixin.py:188} INFO - [2026-08-25T16:58:34.159+0000] {dagbag.py:545} INFO - Filling up the DagBag from /opt/airflow/dags/price_etl_dag.py
[2026-08-25T16:58:34.175+0000] {processor.py:840} INFO - DAG(s) 'price_etl_pipeline' retrieved from /opt/airflow/dags/price_etl_dag.py
[2026-08-25T16:58:34.198+0000] {logging_mixin.py:188} INFO - [2026-08-25T16:58:34.198+0000] {dag.py:3096} INFO - Sync 1 DAGs
[2026-08-25T16:58:34.214+0000] {logging_mixin.py:188} INFO - [2026-08-25T16:58:34.213+0000] {dag.py:3954} INFO - Setting next_dagrun for price_etl_pipeline to 2026-08-24 12:00:00+00:00, run_after=2026-08-25 12:00:00+00:00
[2026-08-25T16:58:34.236+0000] {processor.py:183} INFO - Processing /opt/airflow/dags/price_etl_dag.py took 0.084 seconds
[2026-08-25T16:59:04.290+0000] {processor.py:161} INFO - Started process (PID=3984) to work on /opt/airflow/dags/price_etl_dag.py
[2026-08-25T16:59:04.290+0000] {processor.py:830} INFO - Processing file /opt/airflow/dags/price_etl_dag.py for tasks to queue
[2026-08-25T16:59:04.291+0000] {logging_mixin.py:188} INFO - [2026-08-25T16:59:04.291+0000] {dagbag.py:545} INFO - Filling up the DagBag from /opt/airflow/dags/price_etl_dag.py
[2026-08-25T16:59:04.315+0000] {processor.py:840} INFO - DAG(s) 'price_etl_pipeline' retrieved from /opt/airflow/dags/price_etl_dag.py
[2026-08-25T16:59:04.339+0000] {logging_mixin.py:188} INFO - [2026-08-25T16:59:04.339+0000] {dag.py:3096} INFO - Sync 1 DAGs
[2026-08-25T16:59:04.354+0000] {logging_mixin.py:188} INFO - [2026-08-25T16:59:04.354+0000] {dag.py:3954} INFO - Setting next_dagrun for price_etl_pipeline to 2026-08-24 12:00:00+00:00, run_after=2026-08-25 12:00:00+00:00
[2026-08-25T16:59:04.367+0000] {processor.py:183} INFO - Processing /opt/airflow/dags/price_etl_dag.py took 0.080 seconds
[2026-08-25T16:59:34.458+0000] {processor.py:161} INFO - Started process (PID=3989) to work on /opt/airflow/dags/price_etl_dag.py
[2026-08-25T16:59:34.459+0000] {processor.py:830} INFO - Processing file /opt/airflow/dags/price_etl_dag.py for tasks to queue
[2026-08-25T16:59:34.460+0000] {logging_mixin.py:188} INFO - [2026-08-25T16:59:34.459+0000] {dagbag.py:545} INFO - Filling up the DagBag from /opt/airflow/dags/price_etl_dag.py
[2026-08-25T16:59:34.472+0000] {processor.py:840} INFO - DAG(s) 'price_etl_pipeline' retrieved from /opt/airflow/dags/price_etl_dag.py
[2026-08-25T16:59:34.488+0000] {logging_mixin.py:188} INFO - [2026-08-25T16:59:34.488+0000] {dag.py:3096} INFO - Sync 1 DAGs
[2026-08-25T16:59:34.498+0000] {logging_mixin.py:188} INFO - [2026-08-25T16:59:34.498+0000] {dag.py:3954} INFO - Setting next_dagrun for price_etl_pipeline to 2026-08-24 12:00:00+00:00, run_after=2026-08-25 12:00:00+00:00
[2026-08-25T16:59:34.513+0000] {processor.py:183} INFO - Processing /opt/airflow/dags/price_etl_dag.py took 0.057 seconds
[2026-08-25T17:00:04.588+0000] {processor.py:161} INFO - Started process (PID=3994) to work on /opt/airflow/dags/price_etl_dag.py
[2026-08-25T17:00:04.588+0000] {processor.py:830} INFO - Processing file /opt/airflow/dags/price_etl_dag.py for tasks to queue
[2026-08-25T17:00:04.590+0000] {logging_mixin.py:188} INFO - [2026-08-25T17:00:04.590+0000] {dagbag.py:545} INFO - Filling up the DagBag from /opt/airflow/dags/price_etl_dag.py
[2026-08-25T17:00:04.607+0000] {processor.py:840} INFO - DAG(s) 'price_etl_pipeline' retrieved from /opt/airflow/dags/price_etl_dag.py
[2026-08-25T17:00:04.628+0000] {logging_mixin.py:188} INFO - [2026-08-25T17:00:04.628+0000] {dag.py:3096} INFO - Sync 1 DAGs
[2026-08-25T17:00:04.642+0000] {logging_mixin.py:188} INFO - [2026-08-25T17:00:04.642+0000] {dag.py:3954} INFO - Setting next_dagrun for price_etl_pipeline to 2026-08-24 12:00:00+00:00, run_after=2026-08-25 12:00:00+00:00
[2026-08-25T17:00:04.657+0000] {processor.py:183} INFO - Processing /opt/airflow/dags/price_etl_dag.py took 0.074 seconds
[2026-08-25T17:00:34.730+0000] {processor.py:161} INFO - Started process (PID=3999) to work on /opt/airflow/dags/price_etl_dag.py
[2026-08-25T17:00:34.731+0000] {processor.py:830} INFO - Processing file /opt/airflow/dags/price_etl_dag.py for tasks to queue
[2026-08-25T17:00:34.732+0000] {logging_mixin.py:188} INFO - [2026-08-25T17:00:34.732+0000] {dagbag.py:545} INFO - Filling up the DagBag from /opt/airflow/dags/price_etl_dag.py
[2026-08-25T17:00:34.745+0000] {processor.py:840} INFO - DAG(s) 'price_etl_pipeline' retrieved from /opt/airflow/dags/price_etl_dag.py
[2026-08-25T17:00:34.767+0000] {logging_mixin.py:188} INFO - [2026-08-25T17:00:34.767+0000] {dag.py:3096} INFO - Sync 1 DAGs
[2026-08-25T17:00:34.781+0000] {logging_mixin.py:188} INFO - [2026-08-25T17:00:34.781+0000] {dag.py:3954} INFO - Setting next_dagrun for price_etl_pipeline to 2026-08-24 12:00:00+00:00, run_after=2026-08-25 12:00:00+00:00
[2026-08-25T17:00:34.794+0000] {processor.py:183} INFO - Processing /opt/airflow/dags/price_etl_dag.py took 0.066 seconds
[2026-08-25T17:01:04.865+0000] {processor.py:161} INFO - Started process (PID=4004) to work on /opt/airflow/dags/price_etl_dag.py
[2026-08-25T17:01:04.865+0000] {processor.py:830} INFO - Processing file /opt/airflow/dags/price_etl_dag.py for tasks to queue
[2026-08-25T17:01:04.866+0000] {logging_mixin.py:188} INFO - [2026-08-25T17:01:04.866+0000] {dagbag.py:545} INFO - Filling up the DagBag from /opt/airflow/dags/price_etl_dag.py
[2026-08-25T17:01:04.879+0000] {processor.py:840} INFO - DAG(s) 'price_etl_pipeline' retrieved from /opt/airflow/dags/price_etl_dag.py
[2026-08-25T17:01:04.900+0000] {logging_mixin.py:188} INFO - [2026-08-25T17:01:04.900+0000] {dag.py:3096} INFO - Sync 1 DAGs
[2026-08-25T17:01:04.914+0000] {logging_mixin.py:188} INFO - [2026-08-25T17:01:04.914+0000] {dag.py:3954} INFO - Setting next_dagrun for price_etl_pipeline to 2026-08-24 12:00:00+00:00, run_after=2026-08-25 12:00:00+00:00
[2026-08-25T17:01:04.927+0000] {processor.py:183} INFO - Processing /opt/airflow/dags/price_etl_dag.py took 0.065 seconds
[2026-08-25T17:01:35.002+0000] {processor.py:161} INFO - Started process (PID=4009) to work on /opt/airflow/dags/price_etl_dag.py
[2026-08-25T17:01:35.003+0000] {processor.py:830} INFO - Processing file /opt/airflow/dags/price_etl_dag.py for tasks to queue
[2026-08-25T17:01:35.004+0000] {logging_mixin.py:188} INFO - [2026-08-25T17:01:35.003+0000] {dagbag.py:545} INFO - Filling up the DagBag from /opt/airflow/dags/price_etl_dag.py
[2026-08-25T17:01:35.016+0000] {processor.py:840} INFO - DAG(s) 'price_etl_pipeline' retrieved from /opt/airflow/dags/price_etl_dag.py
[2026-08-25T17:01:35.037+0000] {logging_mixin.py:188} INFO - [2026-08-25T17:01:35.037+0000] {dag.py:3096} INFO - Sync 1 DAGs
[2026-08-25T17:01:35.051+0000] {logging_mixin.py:188} INFO - [2026-08-25T17:01:35.051+0000] {dag.py:3954} INFO - Setting next_dagrun for price_etl_pipeline to 2026-08-24 12:00:00+00:00, run_after=2026-08-25 12:00:00+00:00
[2026-08-25T17:01:35.064+0000] {processor.py:183} INFO - Processing /opt/airflow/dags/price_etl_dag.py took 0.064 seconds
[2026-08-25T17:02:05.140+0000] {processor.py:161} INFO - Started process (PID=4014) to work on /opt/airflow/dags/price_etl_dag.py
[2026-08-25T17:02:05.140+0000] {processor.py:830} INFO - Processing file /opt/airflow/dags/price_etl_dag.py for tasks to queue
[2026-08-25T17:02:05.141+0000] {logging_mixin.py:188} INFO - [2026-08-25T17:02:05.141+0000] {dagbag.py:545} INFO - Filling up the DagBag from /opt/airflow/dags/price_etl_dag.py
[2026-08-25T17:02:05.155+0000] {processor.py:840} INFO - DAG(s) 'price_etl_pipeline' retrieved from /opt/airflow/dags/price_etl_dag.py
[2026-08-25T17:02:05.176+0000] {logging_mixin.py:188} INFO - [2026-08-25T17:02:05.176+0000] {dag.py:3096} INFO - Sync 1 DAGs
[2026-08-25T17:02:05.189+0000] {logging_mixin.py:188} INFO - [2026-08-25T17:02:05.189+0000] {dag.py:3954} INFO - Setting next_dagrun for price_etl_pipeline to 2026-08-24 12:00:00+00:00, run_after=2026-08-25 12:00:00+00:00
[2026-08-25T17:02:05.204+0000] {processor.py:183} INFO - Processing /opt/airflow/dags/price_etl_dag.py took 0.067 seconds
[2026-08-25T17:02:35.277+0000] {processor.py:161} INFO - Started process (PID=4019) to work on /opt/airflow/dags/price_etl_dag.py
[2026-08-25T17:02:35.277+0000] {processor.py:830} INFO - Processing file /opt/airflow/dags/price_etl_dag.py for tasks to queue
[2026-08-25T17:02:35.278+0000] {logging_mixin.py:188} INFO - [2026-08-25T17:02:35.278+0000] {dagbag.py:545} INFO - Filling up the DagBag from /opt/airflow/dags/price_etl_dag.py
[2026-08-25T17:02:35.290+0000] {processor.py:840} INFO - DAG(s) 'price_etl_pipeline' retrieved from /opt/airflow/dags/price_etl_dag.py
[2026-08-25T17:02:35.309+0000] {logging_mixin.py:188} INFO - [2026-08-25T17:02:35.309+0000] {dag.py:3096} INFO - Sync 1 DAGs
[2026-08-25T17:02:35.321+0000] {logging_mixin.py:188} INFO - [2026-08-25T17:02:35.321+0000] {dag.py:3954} INFO - Setting next_dagrun for price_etl_pipeline to 2026-08-24 12:00:00+00:00, run_after=2026-08-25 12:00:00+00:00
[2026-08-25T17:02:35.335+0000] {processor.py:183} INFO - Processing /opt/airflow/dags/price_etl_dag.py took 0.061 seconds
[2026-08-25T17:03:05.414+0000] {processor.py:161} INFO - Started process (PID=4024) to work on /opt/airflow/dags/price_etl_dag.py
[2026-08-25T17:03:05.415+0000] {processor.py:830} INFO - Processing file /opt/airflow/dags/price_etl_dag.py for tasks to queue
[2026-08-25T17:03:05.416+0000] {logging_mixin.py:188} INFO - [2026-08-25T17:03:05.416+0000] {dagbag.py:545} INFO - Filling up the DagBag from /opt/airflow/dags/price_etl_dag.py
[2026-08-25T17:03:05.429+0000] {processor.py:840} INFO - DAG(s) 'price_etl_pipeline' retrieved from /opt/airflow/dags/price_etl_dag.py
[2026-08-25T17:03:05.449+0000] {logging_mixin.py:188} INFO - [2026-08-25T17:03:05.449+0000] {dag.py:3096} INFO - Sync 1 DAGs
[2026-08-25T17:03:05.463+0000] {logging_mixin.py:188} INFO - [2026-08-25T17:03:05.463+0000] {dag.py:3954} INFO - Setting next_dagrun for price_etl_pipeline to 2026-08-24 12:00:00+00:00, run_after=2026-08-25 12:00:00+00:00
[2026-08-25T17:03:05.477+0000] {processor.py:183} INFO - Processing /opt/airflow/dags/price_etl_dag.py took 0.065 seconds
[2026-08-25T17:03:35.561+0000] {processor.py:161} INFO - Started process (PID=4029) to work on /opt/airflow/dags/price_etl_dag.py
[2026-08-25T17:03:35.561+0000] {processor.py:830} INFO - Processing file /opt/airflow/dags/price_etl_dag.py for tasks to queue
[2026-08-25T17:03:35.563+0000] {logging_mixin.py:188} INFO - [2026-08-25T17:03:35.562+0000] {dagbag.py:545} INFO - Filling up the DagBag from /opt/airflow/dags/price_etl_dag.py
[2026-08-25T17:03:35.574+0000] {processor.py:840} INFO - DAG(s) 'price_etl_pipeline' retrieved from /opt/airflow/dags/price_etl_dag.py
[2026-08-25T17:03:35.589+0000] {logging_mixin.py:188} INFO - [2026-08-25T17:03:35.588+0000] {dag.py:3096} INFO - Sync 1 DAGs
[2026-08-25T17:03:35.597+0000] {logging_mixin.py:188} INFO - [2026-08-25T17:03:35.597+0000] {dag.py:3954} INFO - Setting next_dagrun for price_etl_pipeline to 2026-08-24 12:00:00+00:00, run_after=2026-08-25 12:00:00+00:00
[2026-08-25T17:03:35.610+0000] {processor.py:183} INFO - Processing /opt/airflow/dags/price_etl_dag.py took 0.051 seconds
[2026-08-25T17:04:05.689+0000] {processor.py:161} INFO - Started process (PID=4034) to work on /opt/airflow/dags/price_etl_dag.py
[2026-08-25T17:04:05.689+0000] {processor.py:830} INFO - Processing file /opt/airflow/dags/price_etl_dag.py for tasks to queue
[2026-08-25T17:04:05.690+0000] {logging_mixin.py:188} INFO - [2026-08-25T17:04:05.690+0000] {dagbag.py:545} INFO - Filling up the DagBag from /opt/airflow/dags/price_etl_dag.py
[2026-08-25T17:04:05.703+0000] {processor.py:840} INFO - DAG(s) 'price_etl_pipeline' retrieved from /opt/airflow/dags/price_etl_dag.py
[2026-08-25T17:04:05.721+0000] {logging_mixin.py:188} INFO - [2026-08-25T17:04:05.721+0000] {dag.py:3096} INFO - Sync 1 DAGs
[2026-08-25T17:04:05.736+0000] {logging_mixin.py:188} INFO - [2026-08-25T17:04:05.736+0000] {dag.py:3954} INFO - Setting next_dagrun for price_etl_pipeline to 2026-08-24 12:00:00+00:00, run_after=2026-08-25 12:00:00+00:00
[2026-08-25T17:04:05.750+0000] {processor.py:183} INFO - Processing /opt/airflow/dags/price_etl_dag.py took 0.064 seconds
[2026-08-25T17:04:35.818+0000] {processor.py:161} INFO - Started process (PID=4039) to work on /opt/airflow/dags/price_etl_dag.py
[2026-08-25T17:04:35.818+0000] {processor.py:830} INFO - Processing file /opt/airflow/dags/price_etl_dag.py for tasks to queue
[2026-08-25T17:04:35.819+0000] {logging_mixin.py:188} INFO - [2026-08-25T17:04:35.819+0000] {dagbag.py:545} INFO - Filling up the DagBag from /opt/airflow/dags/price_etl_dag.py
[2026-08-25T17:04:35.833+0000] {processor.py:840} INFO - DAG(s) 'price_etl_pipeline' retrieved from /opt/airflow/dags/price_etl_dag.py
[2026-08-25T17:04:35.849+0000] {logging_mixin.py:188} INFO - [2026-08-25T17:04:35.848+0000] {dag.py:3096} INFO - Sync 1 DAGs
[2026-08-25T17:04:35.861+0000] {logging_mixin.py:188} INFO - [2026-08-25T17:04:35.861+0000] {dag.py:3954} INFO - Setting next_dagrun for price_etl_pipeline to 2026-08-24 12:00:00+00:00, run_after=2026-08-25 12:00:00+00:00
[2026-08-25T17:04:35.876+0000] {processor.py:183} INFO - Processing /opt/airflow/dags/price_etl_dag.py took 0.061 seconds
[2026-08-25T17:05:05.959+0000] {processor.py:161} INFO - Started process (PID=4044) to work on /opt/airflow/dags/price_etl_dag.py
[2026-08-25T17:05:05.960+0000] {processor.py:830} INFO - Processing file /opt/airflow/dags/price_etl_dag.py for tasks to queue
[2026-08-25T17:05:05.961+0000] {logging_mixin.py:188} INFO - [2026-08-25T17:05:05.961+0000] {dagbag.py:545} INFO - Filling up the DagBag from /opt/airflow/dags/price_etl_dag.py
[2026-08-25T17:05:05.973+0000] {processor.py:840} INFO - DAG(s) 'price_etl_pipeline' retrieved from /opt/airflow/dags/price_etl_dag.py
[2026-08-25T17:05:05.992+0000] {logging_mixin.py:188} INFO - [2026-08-25T17:05:05.992+0000] {dag.py:3096} INFO - Sync 1 DAGs
[2026-08-25T17:05:06.005+0000] {logging_mixin.py:188} INFO - [2026-08-25T17:05:06.005+0000] {dag.py:3954} INFO - Setting next_dagrun for price_etl_pipeline to 2026-08-24 12:00:00+00:00, run_after=2026-08-25 12:00:00+00:00
[2026-08-25T17:05:06.018+0000] {processor.py:183} INFO - Processing /opt/airflow/dags/price_etl_dag.py took 0.062 seconds
[2026-08-25T17:05:36.087+0000] {processor.py:161} INFO - Started process (PID=4049) to work on /opt/airflow/dags/price_etl_dag.py
[2026-08-25T17:05:36.088+0000] {processor.py:830} INFO - Processing file /opt/airflow/dags/price_etl_dag.py for tasks to queue
[2026-08-25T17:05:36.088+0000] {logging_mixin.py:188} INFO - [2026-08-25T17:05:36.088+0000] {dagbag.py:545} INFO - Filling up the DagBag from /opt/airflow/dags/price_etl_dag.py
[2026-08-25T17:05:36.101+0000] {processor.py:840} INFO - DAG(s) 'price_etl_pipeline' retrieved from /opt/airflow/dags/price_etl_dag.py
[2026-08-25T17:05:36.117+0000] {logging_mixin.py:188} INFO - [2026-08-25T17:05:36.117+0000] {dag.py:3096} INFO - Sync 1 DAGs
[2026-08-25T17:05:36.130+0000] {logging_mixin.py:188} INFO - [2026-08-25T17:05:36.130+0000] {dag.py:3954} INFO - Setting next_dagrun for price_etl_pipeline to 2026-08-24 12:00:00+00:00, run_after=2026-08-25 12:00:00+00:00
[2026-08-25T17:05:36.143+0000] {processor.py:183} INFO - Processing /opt/airflow/dags/price_etl_dag.py took 0.058 seconds
[2026-08-25T17:06:06.222+0000] {processor.py:161} INFO - Started process (PID=4054) to work on /opt/airflow/dags/price_etl_dag.py
[2026-08-25T17:06:06.222+0000] {processor.py:830} INFO - Processing file /opt/airflow/dags/price_etl_dag.py for tasks to queue
[2026-08-25T17:06:06.223+0000] {logging_mixin.py:188} INFO - [2026-08-25T17:06:06.223+0000] {dagbag.py:545} INFO - Filling up the DagBag from /opt/airflow/dags/price_etl_dag.py
[2026-08-25T17:06:06.236+0000] {processor.py:840} INFO - DAG(s) 'price_etl_pipeline' retrieved from /opt/airflow/dags/price_etl_dag.py
[2026-08-25T17:06:06.255+0000] {logging_mixin.py:188} INFO - [2026-08-25T17:06:06.255+0000] {dag.py:3096} INFO - Sync 1 DAGs
[2026-08-25T17:06:06.269+0000] {logging_mixin.py:188} INFO - [2026-08-25T17:06:06.268+0000] {dag.py:3954} INFO - Setting next_dagrun for price_etl_pipeline to 2026-08-24 12:00:00+00:00, run_after=2026-08-25 12:00:00+00:00
[2026-08-25T17:06:06.282+0000] {processor.py:183} INFO - Processing /opt/airflow/dags/price_etl_dag.py took 0.063 seconds
[2026-08-25T17:06:36.352+0000] {processor.py:161} INFO - Started process (PID=4059) to work on /opt/airflow/dags/price_etl_dag.py
[2026-08-25T17:06:36.352+0000] {processor.py:830} INFO - Processing file /opt/airflow/dags/price_etl_dag.py for tasks to queue
[2026-08-25T17:06:36.353+0000] {logging_mixin.py:188} INFO - [2026-08-25T17:06:36.353+0000] {dagbag.py:545} INFO - Filling up the DagBag from /opt/airflow/dags/price_etl_dag.py
[2026-08-25T17:06:36.366+0000] {processor.py:840} INFO - DAG(s) 'price_etl_pipeline' retrieved from /opt/airflow/dags/price_etl_dag.py
[2026-08-25T17:06:36.382+0000] {logging_mixin.py:188} INFO - [2026-08-25T17:06:36.381+0000] {dag.py:3096} INFO - Sync 1 DAGs
[2026-08-25T17:06:36.395+0000] {logging_mixin.py:188} INFO - [2026-08-25T17:06:36.395+0000] {dag.py:3954} INFO - Setting next_dagrun for price_etl_pipeline to 2026-08-24 12:00:00+00:00, run_after=2026-08-25 12:00:00+00:00
[2026-08-25T17:06:36.410+0000] {processor.py:183} INFO - Processing /opt/airflow/dags/price_etl_dag.py took 0.061 seconds
[2026-08-25T17:07:06.491+0000] {processor.py:161} INFO - Started process (PID=4064) to work on /opt/airflow/dags/price_etl_dag.py
[2026-08-25T17:07:06.491+0000] {processor.py:830} INFO - Processing file /opt/airflow/dags/price_etl_dag.py for tasks to queue
[2026-08-25T17:07:06.492+0000] {logging_mixin.py:188} INFO - [2026-08-25T17:07:06.492+0000] {dagbag.py:545} INFO - Filling up the DagBag from /opt/airflow/dags/price_etl_dag.py
[2026-08-25T17:07:06.505+0000] {processor.py:840} INFO - DAG(s) 'price_etl_pipeline' retrieved from /opt/airflow/dags/price_etl_dag.py
[2026-08-25T17:07:06.520+0000] {logging_mixin.py:188} INFO - [2026-08-25T17:07:06.520+0000] {dag.py:3096} INFO - Sync 1 DAGs
[2026-08-25T17:07:06.530+0000] {logging_mixin.py:188} INFO - [2026-08-25T17:07:06.530+0000] {dag.py:3954} INFO - Setting next_dagrun for price_etl_pipeline to 2026-08-24 12:00:00+00:00, run_after=2026-08-25 12:00:00+00:00
[2026-08-25T17:07:06.544+0000] {processor.py:183} INFO - Processing /opt/airflow/dags/price_etl_dag.py took 0.056 seconds
[2026-08-25T17:07:36.619+0000] {processor.py:161} INFO - Started process (PID=4069) to work on /opt/airflow/dags/price_etl_dag.py
[2026-08-25T17:07:36.619+0000] {processor.py:830} INFO - Processing file /opt/airflow/dags/price_etl_dag.py for tasks to queue
[2026-08-25T17:07:36.620+0000] {logging_mixin.py:188} INFO - [2026-08-25T17:07:36.620+0000] {dagbag.py:545} INFO - Filling up the DagBag from /opt/airflow/dags/price_etl_dag.py
[2026-08-25T17:07:36.633+0000] {processor.py:840} INFO - DAG(s) 'price_etl_pipeline' retrieved from /opt/airflow/dags/price_etl_dag.py
[2026-08-25T17:07:36.648+0000] {logging_mixin.py:188} INFO - [2026-08-25T17:07:36.648+0000] {dag.py:3096} INFO - Sync 1 DAGs
[2026-08-25T17:07:36.660+0000] {logging_mixin.py:188} INFO - [2026-08-25T17:07:36.660+0000] {dag.py:3954} INFO - Setting next_dagrun for price_etl_pipeline to 2026-08-24 12:00:00+00:00, run_after=2026-08-25 12:00:00+00:00
[2026-08-25T17:07:36.675+0000] {processor.py:183} INFO - Processing /opt/airflow/dags/price_etl_dag.py took 0.058 seconds
[2026-08-25T17:08:06.751+0000] {processor.py:161} INFO - Started process (PID=4074) to work on /opt/airflow/dags/price_etl_dag.py
[2026-08-25T17:08:06.751+0000] {processor.py:830} INFO - Processing file /opt/airflow/dags/price_etl_dag.py for tasks to queue
[2026-08-25T17:08:06.752+0000] {logging_mixin.py:188} INFO - [2026-08-25T17:08:06.752+0000] {dagbag.py:545} INFO - Filling up the DagBag from /opt/airflow/dags/price_etl_dag.py
[2026-08-25T17:08:06.765+0000] {processor.py:840} INFO - DAG(s) 'price_etl_pipeline' retrieved from /opt/airflow/dags/price_etl_dag.py
[2026-08-25T17:08:06.780+0000] {logging_mixin.py:188} INFO - [2026-08-25T17:08:06.779+0000] {dag.py:3096} INFO - Sync 1 DAGs
[2026-08-25T17:08:06.792+0000] {logging_mixin.py:188} INFO - [2026-08-25T17:08:06.792+0000] {dag.py:3954} INFO - Setting next_dagrun for price_etl_pipeline to 2026-08-24 12:00:00+00:00, run_after=2026-08-25 12:00:00+00:00
[2026-08-25T17:08:06.805+0000] {processor.py:183} INFO - Processing /opt/airflow/dags/price_etl_dag.py took 0.057 seconds
[2026-08-25T17:08:36.913+0000] {processor.py:161} INFO - Started process (PID=4079) to work on /opt/airflow/dags/price_etl_dag.py
[2026-08-25T17:08:36.913+0000] {processor.py:830} INFO - Processing file /opt/airflow/dags/price_etl_dag.py for tasks to queue
[2026-08-25T17:08:36.914+0000] {logging_mixin.py:188} INFO - [2026-08-25T17:08:36.914+0000] {dagbag.py:545} INFO - Filling up the DagBag from /opt/airflow/dags/price_etl_dag.py
[2026-08-25T17:08:36.927+0000] {processor.py:840} INFO - DAG(s) 'price_etl_pipeline' retrieved from /opt/airflow/dags/price_etl_dag.py
[2026-08-25T17:08:36.943+0000] {logging_mixin.py:188} INFO - [2026-08-25T17:08:36.943+0000] {dag.py:3096} INFO - Sync 1 DAGs
[2026-08-25T17:08:36.955+0000] {logging_mixin.py:188} INFO - [2026-08-25T17:08:36.954+0000] {dag.py:3954} INFO - Setting next_dagrun for price_etl_pipeline to 2026-08-24 12:00:00+00:00, run_after=2026-08-25 12:00:00+00:00
[2026-08-25T17:08:36.970+0000] {processor.py:183} INFO - Processing /opt/airflow/dags/price_etl_dag.py took 0.059 seconds
[2026-08-25T17:09:07.033+0000] {processor.py:161} INFO - Started process (PID=4084) to work on /opt/airflow/dags/price_etl_dag.py
[2026-08-25T17:09:07.033+0000] {processor.py:830} INFO - Processing file /opt/airflow/dags/price_etl_dag.py for tasks to queue
[2026-08-25T17:09:07.034+0000] {logging_mixin.py:188} INFO - [2026-08-25T17:09:07.034+0000] {dagbag.py:545} INFO - Filling up the DagBag from /opt/airflow/dags/price_etl_dag.py
[2026-08-25T17:09:07.047+0000] {processor.py:840} INFO - DAG(s) 'price_etl_pipeline' retrieved from /opt/airflow/dags/price_etl_dag.py
[2026-08-25T17:09:07.062+0000] {logging_mixin.py:188} INFO - [2026-08-25T17:09:07.062+0000] {dag.py:3096} INFO - Sync 1 DAGs
[2026-08-25T17:09:07.075+0000] {logging_mixin.py:188} INFO - [2026-08-25T17:09:07.075+0000] {dag.py:3954} INFO - Setting next_dagrun for price_etl_pipeline to 2026-08-24 12:00:00+00:00, run_after=2026-08-25 12:00:00+00:00
[2026-08-25T17:09:07.089+0000] {processor.py:183} INFO - Processing /opt/airflow/dags/price_etl_dag.py took 0.059 seconds
[2026-08-25T17:09:37.174+0000] {processor.py:161} INFO - Started process (PID=4089) to work on /opt/airflow/dags/price_etl_dag.py
[2026-08-25T17:09:37.175+0000] {processor.py:830} INFO - Processing file /opt/airflow/dags/price_etl_dag.py for tasks to queue
[2026-08-25T17:09:37.175+0000] {logging_mixin.py:188} INFO - [2026-08-25T17:09:37.175+0000] {dagbag.py:545} INFO - Filling up the DagBag from /opt/airflow/dags/price_etl_dag.py
[2026-08-25T17:09:37.188+0000] {processor.py:840} INFO - DAG(s) 'price_etl_pipeline' retrieved from /opt/airflow/dags/price_etl_dag.py
[2026-08-25T17:09:37.204+0000] {logging_mixin.py:188} INFO - [2026-08-25T17:09:37.203+0000] {dag.py:3096} INFO - Sync 1 DAGs
[2026-08-25T17:09:37.214+0000] {logging_mixin.py:188} INFO - [2026-08-25T17:09:37.214+0000] {dag.py:3954} INFO - Setting next_dagrun for price_etl_pipeline to 2026-08-24 12:00:00+00:00, run_after=2026-08-25 12:00:00+00:00
[2026-08-25T17:09:37.225+0000] {processor.py:183} INFO - Processing /opt/airflow/dags/price_etl_dag.py took 0.053 seconds
[2026-08-25T17:10:07.300+0000] {processor.py:161} INFO - Started process (PID=4094) to work on /opt/airflow/dags/price_etl_dag.py
[2026-08-25T17:10:07.300+0000] {processor.py:830} INFO - Processing file /opt/airflow/dags/price_etl_dag.py for tasks to queue
[2026-08-25T17:10:07.301+0000] {logging_mixin.py:188} INFO - [2026-08-25T17:10:07.301+0000] {dagbag.py:545} INFO - Filling up the DagBag from /opt/airflow/dags/price_etl_dag.py
[2026-08-25T17:10:07.314+0000] {processor.py:840} INFO - DAG(s) 'price_etl_pipeline' retrieved from /opt/airflow/dags/price_etl_dag.py
[2026-08-25T17:10:07.330+0000] {logging_mixin.py:188} INFO - [2026-08-25T17:10:07.330+0000] {dag.py:3096} INFO - Sync 1 DAGs
[2026-08-25T17:10:07.344+0000] {logging_mixin.py:188} INFO - [2026-08-25T17:10:07.344+0000] {dag.py:3954} INFO - Setting next_dagrun for price_etl_pipeline to 2026-08-24 12:00:00+00:00, run_after=2026-08-25 12:00:00+00:00
[2026-08-25T17:10:07.358+0000] {processor.py:183} INFO - Processing /opt/airflow/dags/price_etl_dag.py took 0.060 seconds
[2026-08-25T17:10:37.433+0000] {processor.py:161} INFO - Started process (PID=4099) to work on /opt/airflow/dags/price_etl_dag.py
[2026-08-25T17:10:37.433+0000] {processor.py:830} INFO - Processing file /opt/airflow/dags/price_etl_dag.py for tasks to queue
[2026-08-25T17:10:37.435+0000] {logging_mixin.py:188} INFO - [2026-08-25T17:10:37.435+0000] {dagbag.py:545} INFO - Filling up the DagBag from /opt/airflow/dags/price_etl_dag.py
[2026-08-25T17:10:37.450+0000] {processor.py:840} INFO - DAG(s) 'price_etl_pipeline' retrieved from /opt/airflow/dags/price_etl_dag.py
[2026-08-25T17:10:37.468+0000] {logging_mixin.py:188} INFO - [2026-08-25T17:10:37.467+0000] {dag.py:3096} INFO - Sync 1 DAGs
[2026-08-25T17:10:37.479+0000] {logging_mixin.py:188} INFO - [2026-08-25T17:10:37.479+0000] {dag.py:3954} INFO - Setting next_dagrun for price_etl_pipeline to 2026-08-24 12:00:00+00:00, run_after=2026-08-25 12:00:00+00:00
[2026-08-25T17:10:37.491+0000] {processor.py:183} INFO - Processing /opt/airflow/dags/price_etl_dag.py took 0.062 seconds
[2026-08-25T17:11:07.566+0000] {processor.py:161} INFO - Started process (PID=4104) to work on /opt/airflow/dags/price_etl_dag.py
[2026-08-25T17:11:07.566+0000] {processor.py:830} INFO - Processing file /opt/airflow/dags/price_etl_dag.py for tasks to queue
[2026-08-25T17:11:07.567+0000] {logging_mixin.py:188} INFO - [2026-08-25T17:11:07.567+0000] {dagbag.py:545} INFO - Filling up the DagBag from /opt/airflow/dags/price_etl_dag.py
[2026-08-25T17:11:07.580+0000] {processor.py:840} INFO - DAG(s) 'price_etl_pipeline' retrieved from /opt/airflow/dags/price_etl_dag.py
[2026-08-25T17:11:07.595+0000] {logging_mixin.py:188} INFO - [2026-08-25T17:11:07.594+0000] {dag.py:3096} INFO - Sync 1 DAGs
[2026-08-25T17:11:07.604+0000] {logging_mixin.py:188} INFO - [2026-08-25T17:11:07.604+0000] {dag.py:3954} INFO - Setting next_dagrun for price_etl_pipeline to 2026-08-24 12:00:00+00:00, run_after=2026-08-25 12:00:00+00:00
[2026-08-25T17:11:07.616+0000] {processor.py:183} INFO - Processing /opt/airflow/dags/price_etl_dag.py took 0.053 seconds
[2026-08-25T17:11:37.699+0000] {processor.py:161} INFO - Started process (PID=4109) to work on /opt/airflow/dags/price_etl_dag.py
[2026-08-25T17:11:37.700+0000] {processor.py:830} INFO - Processing file /opt/airflow/dags/price_etl_dag.py for tasks to queue
[2026-08-25T17:11:37.701+0000] {logging_mixin.py:188} INFO - [2026-08-25T17:11:37.700+0000] {dagbag.py:545} INFO - Filling up the DagBag from /opt/airflow/dags/price_etl_dag.py
[2026-08-25T17:11:37.714+0000] {processor.py:840} INFO - DAG(s) 'price_etl_pipeline' retrieved from /opt/airflow/dags/price_etl_dag.py
[2026-08-25T17:11:37.729+0000] {logging_mixin.py:188} INFO - [2026-08-25T17:11:37.728+0000] {dag.py:3096} INFO - Sync 1 DAGs
[2026-08-25T17:11:37.740+0000] {logging_mixin.py:188} INFO - [2026-08-25T17:11:37.740+0000] {dag.py:3954} INFO - Setting next_dagrun for price_etl_pipeline to 2026-08-24 12:00:00+00:00, run_after=2026-08-25 12:00:00+00:00
[2026-08-25T17:11:37.752+0000] {processor.py:183} INFO - Processing /opt/airflow/dags/price_etl_dag.py took 0.055 seconds
[2026-08-25T17:12:07.829+0000] {processor.py:161} INFO - Started process (PID=4114) to work on /opt/airflow/dags/price_etl_dag.py
[2026-08-25T17:12:07.829+0000] {processor.py:830} INFO - Processing file /opt/airflow/dags/price_etl_dag.py for tasks to queue
[2026-08-25T17:12:07.830+0000] {logging_mixin.py:188} INFO - [2026-08-25T17:12:07.830+0000] {dagbag.py:545} INFO - Filling up the DagBag from /opt/airflow/dags/price_etl_dag.py
[2026-08-25T17:12:07.843+0000] {processor.py:840} INFO - DAG(s) 'price_etl_pipeline' retrieved from /opt/airflow/dags/price_etl_dag.py
[2026-08-25T17:12:07.858+0000] {logging_mixin.py:188} INFO - [2026-08-25T17:12:07.858+0000] {dag.py:3096} INFO - Sync 1 DAGs
[2026-08-25T17:12:07.868+0000] {logging_mixin.py:188} INFO - [2026-08-25T17:12:07.868+0000] {dag.py:3954} INFO - Setting next_dagrun for price_etl_pipeline to 2026-08-24 12:00:00+00:00, run_after=2026-08-25 12:00:00+00:00
[2026-08-25T17:12:07.878+0000] {processor.py:183} INFO - Processing /opt/airflow/dags/price_etl_dag.py took 0.052 seconds
[2026-08-25T17:12:37.959+0000] {processor.py:161} INFO - Started process (PID=4119) to work on /opt/airflow/dags/price_etl_dag.py
[2026-08-25T17:12:37.960+0000] {processor.py:830} INFO - Processing file /opt/airflow/dags/price_etl_dag.py for tasks to queue
[2026-08-25T17:12:37.961+0000] {logging_mixin.py:188} INFO - [2026-08-25T17:12:37.960+0000] {dagbag.py:545} INFO - Filling up the DagBag from /opt/airflow/dags/price_etl_dag.py
[2026-08-25T17:12:37.973+0000] {processor.py:840} INFO - DAG(s) 'price_etl_pipeline' retrieved from /opt/airflow/dags/price_etl_dag.py
[2026-08-25T17:12:37.988+0000] {logging_mixin.py:188} INFO - [2026-08-25T17:12:37.988+0000] {dag.py:3096} INFO - Sync 1 DAGs
[2026-08-25T17:12:38.001+0000] {logging_mixin.py:188} INFO - [2026-08-25T17:12:38.001+0000] {dag.py:3954} INFO - Setting next_dagrun for price_etl_pipeline to 2026-08-24 12:00:00+00:00, run_after=2026-08-25 12:00:00+00:00
[2026-08-25T17:12:38.016+0000] {processor.py:183} INFO - Processing /opt/airflow/dags/price_etl_dag.py took 0.059 seconds
[2026-08-25T17:13:08.092+0000] {processor.py:161} INFO - Started process (PID=4124) to work on /opt/airflow/dags/price_etl_dag.py
[2026-08-25T17:13:08.093+0000] {processor.py:830} INFO - Processing file /opt/airflow/dags/price_etl_dag.py for tasks to queue
[2026-08-25T17:13:08.094+0000] {logging_mixin.py:188} INFO - [2026-08-25T17:13:08.093+0000] {dagbag.py:545} INFO - Filling up the DagBag from /opt/airflow/dags/price_etl_dag.py
[2026-08-25T17:13:08.106+0000] {processor.py:840} INFO - DAG(s) 'price_etl_pipeline' retrieved from /opt/airflow/dags/price_etl_dag.py
[2026-08-25T17:13:08.121+0000] {logging_mixin.py:188} INFO - [2026-08-25T17:13:08.121+0000] {dag.py:3096} INFO - Sync 1 DAGs
[2026-08-25T17:13:08.131+0000] {logging_mixin.py:188} INFO - [2026-08-25T17:13:08.131+0000] {dag.py:3954} INFO - Setting next_dagrun for price_etl_pipeline to 2026-08-24 12:00:00+00:00, run_after=2026-08-25 12:00:00+00:00
[2026-08-25T17:13:08.144+0000] {processor.py:183} INFO - Processing /opt/airflow/dags/price_etl_dag.py took 0.055 seconds
[2026-08-25T17:13:38.250+0000] {processor.py:161} INFO - Started process (PID=4129) to work on /opt/airflow/dags/price_etl_dag.py
[2026-08-25T17:13:38.250+0000] {processor.py:830} INFO - Processing file /opt/airflow/dags/price_etl_dag.py for tasks to queue
[2026-08-25T17:13:38.252+0000] {logging_mixin.py:188} INFO - [2026-08-25T17:13:38.251+0000] {dagbag.py:545} INFO - Filling up the DagBag from /opt/airflow/dags/price_etl_dag.py
[2026-08-25T17:13:38.264+0000] {processor.py:840} INFO - DAG(s) 'price_etl_pipeline' retrieved from /opt/airflow/dags/price_etl_dag.py
[2026-08-25T17:13:38.279+0000] {logging_mixin.py:188} INFO - [2026-08-25T17:13:38.279+0000] {dag.py:3096} INFO - Sync 1 DAGs
[2026-08-25T17:13:38.292+0000] {logging_mixin.py:188} INFO - [2026-08-25T17:13:38.292+0000] {dag.py:3954} INFO - Setting next_dagrun for price_etl_pipeline to 2026-08-24 12:00:00+00:00, run_after=2026-08-25 12:00:00+00:00
[2026-08-25T17:13:38.306+0000] {processor.py:183} INFO - Processing /opt/airflow/dags/price_etl_dag.py took 0.059 seconds
[2026-08-25T17:14:08.384+0000] {processor.py:161} INFO - Started process (PID=4134) to work on /opt/airflow/dags/price_etl_dag.py
[2026-08-25T17:14:08.384+0000] {processor.py:830} INFO - Processing file /opt/airflow/dags/price_etl_dag.py for tasks to queue
[2026-08-25T17:14:08.385+0000] {logging_mixin.py:188} INFO - [2026-08-25T17:14:08.385+0000] {dagbag.py:545} INFO - Filling up the DagBag from /opt/airflow/dags/price_etl_dag.py
[2026-08-25T17:14:08.398+0000] {processor.py:840} INFO - DAG(s) 'price_etl_pipeline' retrieved from /opt/airflow/dags/price_etl_dag.py
[2026-08-25T17:14:08.413+0000] {logging_mixin.py:188} INFO - [2026-08-25T17:14:08.413+0000] {dag.py:3096} INFO - Sync 1 DAGs
[2026-08-25T17:14:08.425+0000] {logging_mixin.py:188} INFO - [2026-08-25T17:14:08.425+0000] {dag.py:3954} INFO - Setting next_dagrun for price_etl_pipeline to 2026-08-24 12:00:00+00:00, run_after=2026-08-25 12:00:00+00:00
[2026-08-25T17:14:08.439+0000] {processor.py:183} INFO - Processing /opt/airflow/dags/price_etl_dag.py took 0.058 seconds
[2026-08-25T17:14:38.517+0000] {processor.py:161} INFO - Started process (PID=4139) to work on /opt/airflow/dags/price_etl_dag.py
[2026-08-25T17:14:38.518+0000] {processor.py:830} INFO - Processing file /opt/airflow/dags/price_etl_dag.py for tasks to queue
[2026-08-25T17:14:38.519+0000] {logging_mixin.py:188} INFO - [2026-08-25T17:14:38.519+0000] {dagbag.py:545} INFO - Filling up the DagBag from /opt/airflow/dags/price_etl_dag.py
[2026-08-25T17:14:38.531+0000] {processor.py:840} INFO - DAG(s) 'price_etl_pipeline' retrieved from /opt/airflow/dags/price_etl_dag.py
[2026-08-25T17:14:38.546+0000] {logging_mixin.py:188} INFO - [2026-08-25T17:14:38.546+0000] {dag.py:3096} INFO - Sync 1 DAGs
[2026-08-25T17:14:38.559+0000] {logging_mixin.py:188} INFO - [2026-08-25T17:14:38.559+0000] {dag.py:3954} INFO - Setting next_dagrun for price_etl_pipeline to 2026-08-24 12:00:00+00:00, run_after=2026-08-25 12:00:00+00:00
[2026-08-25T17:14:38.572+0000] {processor.py:183} INFO - Processing /opt/airflow/dags/price_etl_dag.py took 0.057 seconds
[2026-08-25T17:15:08.655+0000] {processor.py:161} INFO - Started process (PID=4144) to work on /opt/airflow/dags/price_etl_dag.py
[2026-08-25T17:15:08.655+0000] {processor.py:830} INFO - Processing file /opt/airflow/dags/price_etl_dag.py for tasks to queue
[2026-08-25T17:15:08.657+0000] {logging_mixin.py:188} INFO - [2026-08-25T17:15:08.656+0000] {dagbag.py:545} INFO - Filling up the DagBag from /opt/airflow/dags/price_etl_dag.py
[2026-08-25T17:15:08.670+0000] {processor.py:840} INFO - DAG(s) 'price_etl_pipeline' retrieved from /opt/airflow/dags/price_etl_dag.py
[2026-08-25T17:15:08.685+0000] {logging_mixin.py:188} INFO - [2026-08-25T17:15:08.685+0000] {dag.py:3096} INFO - Sync 1 DAGs
[2026-08-25T17:15:08.695+0000] {logging_mixin.py:188} INFO - [2026-08-25T17:15:08.695+0000] {dag.py:3954} INFO - Setting next_dagrun for price_etl_pipeline to 2026-08-24 12:00:00+00:00, run_after=2026-08-25 12:00:00+00:00
[2026-08-25T17:15:08.708+0000] {processor.py:183} INFO - Processing /opt/airflow/dags/price_etl_dag.py took 0.055 seconds
[2026-08-25T17:15:38.783+0000] {processor.py:161} INFO - Started process (PID=4149) to work on /opt/airflow/dags/price_etl_dag.py
[2026-08-25T17:15:38.783+0000] {processor.py:830} INFO - Processing file /opt/airflow/dags/price_etl_dag.py for tasks to queue
[2026-08-25T17:15:38.784+0000] {logging_mixin.py:188} INFO - [2026-08-25T17:15:38.784+0000] {dagbag.py:545} INFO - Filling up the DagBag from /opt/airflow/dags/price_etl_dag.py
[2026-08-25T17:15:38.797+0000] {processor.py:840} INFO - DAG(s) 'price_etl_pipeline' retrieved from /opt/airflow/dags/price_etl_dag.py
[2026-08-25T17:15:38.812+0000] {logging_mixin.py:188} INFO - [2026-08-25T17:15:38.811+0000] {dag.py:3096} INFO - Sync 1 DAGs
[2026-08-25T17:15:38.821+0000] {logging_mixin.py:188} INFO - [2026-08-25T17:15:38.821+0000] {dag.py:3954} INFO - Setting next_dagrun for price_etl_pipeline to 2026-08-24 12:00:00+00:00, run_after=2026-08-25 12:00:00+00:00
[2026-08-25T17:15:38.833+0000] {processor.py:183} INFO - Processing /opt/airflow/dags/price_etl_dag.py took 0.053 seconds
[2026-08-25T17:16:08.923+0000] {processor.py:161} INFO - Started process (PID=4154) to work on /opt/airflow/dags/price_etl_dag.py
[2026-08-25T17:16:08.923+0000] {processor.py:830} INFO - Processing file /opt/airflow/dags/price_etl_dag.py for tasks to queue
[2026-08-25T17:16:08.925+0000] {logging_mixin.py:188} INFO - [2026-08-25T17:16:08.924+0000] {dagbag.py:545} INFO - Filling up the DagBag from /opt/airflow/dags/price_etl_dag.py
[2026-08-25T17:16:08.937+0000] {processor.py:840} INFO - DAG(s) 'price_etl_pipeline' retrieved from /opt/airflow/dags/price_etl_dag.py
[2026-08-25T17:16:08.952+0000] {logging_mixin.py:188} INFO - [2026-08-25T17:16:08.952+0000] {dag.py:3096} INFO - Sync 1 DAGs
[2026-08-25T17:16:08.962+0000] {logging_mixin.py:188} INFO - [2026-08-25T17:16:08.962+0000] {dag.py:3954} INFO - Setting next_dagrun for price_etl_pipeline to 2026-08-24 12:00:00+00:00, run_after=2026-08-25 12:00:00+00:00
[2026-08-25T17:16:08.976+0000] {processor.py:183} INFO - Processing /opt/airflow/dags/price_etl_dag.py took 0.056 seconds
[2026-08-25T17:16:39.046+0000] {processor.py:161} INFO - Started process (PID=4159) to work on /opt/airflow/dags/price_etl_dag.py
[2026-08-25T17:16:39.047+0000] {processor.py:830} INFO - Processing file /opt/airflow/dags/price_etl_dag.py for tasks to queue
[2026-08-25T17:16:39.048+0000] {logging_mixin.py:188} INFO - [2026-08-25T17:16:39.047+0000] {dagbag.py:545} INFO - Filling up the DagBag from /opt/airflow/dags/price_etl_dag.py
[2026-08-25T17:16:39.060+0000] {processor.py:840} INFO - DAG(s) 'price_etl_pipeline' retrieved from /opt/airflow/dags/price_etl_dag.py
[2026-08-25T17:16:39.075+0000] {logging_mixin.py:188} INFO - [2026-08-25T17:16:39.075+0000] {dag.py:3096} INFO - Sync 1 DAGs
[2026-08-25T17:16:39.085+0000] {logging_mixin.py:188} INFO - [2026-08-25T17:16:39.085+0000] {dag.py:3954} INFO - Setting next_dagrun for price_etl_pipeline to 2026-08-24 12:00:00+00:00, run_after=2026-08-25 12:00:00+00:00
[2026-08-25T17:16:39.096+0000] {processor.py:183} INFO - Processing /opt/airflow/dags/price_etl_dag.py took 0.053 seconds
[2026-08-25T17:17:09.188+0000] {processor.py:161} INFO - Started process (PID=4164) to work on /opt/airflow/dags/price_etl_dag.py
[2026-08-25T17:17:09.188+0000] {processor.py:830} INFO - Processing file /opt/airflow/dags/price_etl_dag.py for tasks to queue
[2026-08-25T17:17:09.189+0000] {logging_mixin.py:188} INFO - [2026-08-25T17:17:09.189+0000] {dagbag.py:545} INFO - Filling up the DagBag from /opt/airflow/dags/price_etl_dag.py
[2026-08-25T17:17:09.202+0000] {processor.py:840} INFO - DAG(s) 'price_etl_pipeline' retrieved from /opt/airflow/dags/price_etl_dag.py
[2026-08-25T17:17:09.217+0000] {logging_mixin.py:188} INFO - [2026-08-25T17:17:09.217+0000] {dag.py:3096} INFO - Sync 1 DAGs
[2026-08-25T17:17:09.226+0000] {logging_mixin.py:188} INFO - [2026-08-25T17:17:09.226+0000] {dag.py:3954} INFO - Setting next_dagrun for price_etl_pipeline to 2026-08-24 12:00:00+00:00, run_after=2026-08-25 12:00:00+00:00
[2026-08-25T17:17:09.238+0000] {processor.py:183} INFO - Processing /opt/airflow/dags/price_etl_dag.py took 0.053 seconds
[2026-08-25T17:17:39.312+0000] {processor.py:161} INFO - Started process (PID=4169) to work on /opt/airflow/dags/price_etl_dag.py
[2026-08-25T17:17:39.313+0000] {processor.py:830} INFO - Processing file /opt/airflow/dags/price_etl_dag.py for tasks to queue
[2026-08-25T17:17:39.314+0000] {logging_mixin.py:188} INFO - [2026-08-25T17:17:39.314+0000] {dagbag.py:545} INFO - Filling up the DagBag from /opt/airflow/dags/price_etl_dag.py
[2026-08-25T17:17:39.326+0000] {processor.py:840} INFO - DAG(s) 'price_etl_pipeline' retrieved from /opt/airflow/dags/price_etl_dag.py
[2026-08-25T17:17:39.341+0000] {logging_mixin.py:188} INFO - [2026-08-25T17:17:39.341+0000] {dag.py:3096} INFO - Sync 1 DAGs
[2026-08-25T17:17:39.351+0000] {logging_mixin.py:188} INFO - [2026-08-25T17:17:39.351+0000] {dag.py:3954} INFO - Setting next_dagrun for price_etl_pipeline to 2026-08-24 12:00:00+00:00, run_after=2026-08-25 12:00:00+00:00
[2026-08-25T17:17:39.363+0000] {processor.py:183} INFO - Processing /opt/airflow/dags/price_etl_dag.py took 0.053 seconds
[2026-08-25T17:18:09.440+0000] {processor.py:161} INFO - Started process (PID=4174) to work on /opt/airflow/dags/price_etl_dag.py
[2026-08-25T17:18:09.441+0000] {processor.py:830} INFO - Processing file /opt/airflow/dags/price_etl_dag.py for tasks to queue
[2026-08-25T17:18:09.442+0000] {logging_mixin.py:188} INFO - [2026-08-25T17:18:09.442+0000] {dagbag.py:545} INFO - Filling up the DagBag from /opt/airflow/dags/price_etl_dag.py
[2026-08-25T17:18:09.455+0000] {processor.py:840} INFO - DAG(s) 'price_etl_pipeline' retrieved from /opt/airflow/dags/price_etl_dag.py
[2026-08-25T17:18:09.469+0000] {logging_mixin.py:188} INFO - [2026-08-25T17:18:09.469+0000] {dag.py:3096} INFO - Sync 1 DAGs
[2026-08-25T17:18:09.480+0000] {logging_mixin.py:188} INFO - [2026-08-25T17:18:09.480+0000] {dag.py:3954} INFO - Setting next_dagrun for price_etl_pipeline to 2026-08-24 12:00:00+00:00, run_after=2026-08-25 12:00:00+00:00
[2026-08-25T17:18:09.495+0000] {processor.py:183} INFO - Processing /opt/airflow/dags/price_etl_dag.py took 0.057 seconds
[2026-08-25T17:18:39.596+0000] {processor.py:161} INFO - Started process (PID=4179) to work on /opt/airflow/dags/price_etl_dag.py
[2026-08-25T17:18:39.596+0000] {processor.py:830} INFO - Processing file /opt/airflow/dags/price_etl_dag.py for tasks to queue
[2026-08-25T17:18:39.598+0000] {logging_mixin.py:188} INFO - [2026-08-25T17:18:39.597+0000] {dagbag.py:545} INFO - Filling up the DagBag from /opt/airflow/dags/price_etl_dag.py
[2026-08-25T17:18:39.610+0000] {processor.py:840} INFO - DAG(s) 'price_etl_pipeline' retrieved from /opt/airflow/dags/price_etl_dag.py
[2026-08-25T17:18:39.627+0000] {logging_mixin.py:188} INFO - [2026-08-25T17:18:39.627+0000] {dag.py:3096} INFO - Sync 1 DAGs
[2026-08-25T17:18:39.642+0000] {logging_mixin.py:188} INFO - [2026-08-25T17:18:39.642+0000] {dag.py:3954} INFO - Setting next_dagrun for price_etl_pipeline to 2026-08-24 12:00:00+00:00, run_after=2026-08-25 12:00:00+00:00
[2026-08-25T17:18:39.656+0000] {processor.py:183} INFO - Processing /opt/airflow/dags/price_etl_dag.py took 0.063 seconds
[2026-08-25T17:19:09.719+0000] {processor.py:161} INFO - Started process (PID=4184) to work on /opt/airflow/dags/price_etl_dag.py
[2026-08-25T17:19:09.720+0000] {processor.py:830} INFO - Processing file /opt/airflow/dags/price_etl_dag.py for tasks to queue
[2026-08-25T17:19:09.720+0000] {logging_mixin.py:188} INFO - [2026-08-25T17:19:09.720+0000] {dagbag.py:545} INFO - Filling up the DagBag from /opt/airflow/dags/price_etl_dag.py
[2026-08-25T17:19:09.733+0000] {processor.py:840} INFO - DAG(s) 'price_etl_pipeline' retrieved from /opt/airflow/dags/price_etl_dag.py
[2026-08-25T17:19:09.749+0000] {logging_mixin.py:188} INFO - [2026-08-25T17:19:09.748+0000] {dag.py:3096} INFO - Sync 1 DAGs
[2026-08-25T17:19:09.759+0000] {logging_mixin.py:188} INFO - [2026-08-25T17:19:09.759+0000] {dag.py:3954} INFO - Setting next_dagrun for price_etl_pipeline to 2026-08-24 12:00:00+00:00, run_after=2026-08-25 12:00:00+00:00
[2026-08-25T17:19:09.770+0000] {processor.py:183} INFO - Processing /opt/airflow/dags/price_etl_dag.py took 0.053 seconds
[2026-08-25T17:19:39.871+0000] {processor.py:161} INFO - Started process (PID=4189) to work on /opt/airflow/dags/price_etl_dag.py
[2026-08-25T17:19:39.872+0000] {processor.py:830} INFO - Processing file /opt/airflow/dags/price_etl_dag.py for tasks to queue
[2026-08-25T17:19:39.873+0000] {logging_mixin.py:188} INFO - [2026-08-25T17:19:39.873+0000] {dagbag.py:545} INFO - Filling up the DagBag from /opt/airflow/dags/price_etl_dag.py
[2026-08-25T17:19:39.887+0000] {processor.py:840} INFO - DAG(s) 'price_etl_pipeline' retrieved from /opt/airflow/dags/price_etl_dag.py
[2026-08-25T17:19:39.902+0000] {logging_mixin.py:188} INFO - [2026-08-25T17:19:39.902+0000] {dag.py:3096} INFO - Sync 1 DAGs
[2026-08-25T17:19:39.912+0000] {logging_mixin.py:188} INFO - [2026-08-25T17:19:39.912+0000] {dag.py:3954} INFO - Setting next_dagrun for price_etl_pipeline to 2026-08-24 12:00:00+00:00, run_after=2026-08-25 12:00:00+00:00
[2026-08-25T17:19:39.924+0000] {processor.py:183} INFO - Processing /opt/airflow/dags/price_etl_dag.py took 0.055 seconds
[2026-08-25T19:58:17.517+0000] {processor.py:161} INFO - Started process (PID=4194) to work on /opt/airflow/dags/price_etl_dag.py
[2026-08-25T19:58:17.518+0000] {processor.py:830} INFO - Processing file /opt/airflow/dags/price_etl_dag.py for tasks to queue
[2026-08-25T19:58:17.520+0000] {logging_mixin.py:188} INFO - [2026-08-25T19:58:17.519+0000] {dagbag.py:545} INFO - Filling up the DagBag from /opt/airflow/dags/price_etl_dag.py
[2026-08-25T19:58:17.536+0000] {processor.py:840} INFO - DAG(s) 'price_etl_pipeline' retrieved from /opt/airflow/dags/price_etl_dag.py
[2026-08-25T19:58:17.562+0000] {logging_mixin.py:188} INFO - [2026-08-25T19:58:17.562+0000] {dag.py:3096} INFO - Sync 1 DAGs
[2026-08-25T19:58:17.578+0000] {logging_mixin.py:188} INFO - [2026-08-25T19:58:17.578+0000] {dag.py:3954} INFO - Setting next_dagrun for price_etl_pipeline to 2026-08-24 12:00:00+00:00, run_after=2026-08-25 12:00:00+00:00
[2026-08-25T19:58:17.593+0000] {processor.py:183} INFO - Processing /opt/airflow/dags/price_etl_dag.py took 0.079 seconds
[2026-08-25T19:58:47.642+0000] {processor.py:161} INFO - Started process (PID=4199) to work on /opt/airflow/dags/price_etl_dag.py
[2026-08-25T19:58:47.643+0000] {processor.py:830} INFO - Processing file /opt/airflow/dags/price_etl_dag.py for tasks to queue
[2026-08-25T19:58:47.644+0000] {logging_mixin.py:188} INFO - [2026-08-25T19:58:47.644+0000] {dagbag.py:545} INFO - Filling up the DagBag from /opt/airflow/dags/price_etl_dag.py
[2026-08-25T19:58:47.660+0000] {processor.py:840} INFO - DAG(s) 'price_etl_pipeline' retrieved from /opt/airflow/dags/price_etl_dag.py
[2026-08-25T19:58:47.680+0000] {logging_mixin.py:188} INFO - [2026-08-25T19:58:47.680+0000] {dag.py:3096} INFO - Sync 1 DAGs
[2026-08-25T19:58:47.693+0000] {logging_mixin.py:188} INFO - [2026-08-25T19:58:47.693+0000] {dag.py:3954} INFO - Setting next_dagrun for price_etl_pipeline to 2026-08-24 12:00:00+00:00, run_after=2026-08-25 12:00:00+00:00
[2026-08-25T19:58:47.705+0000] {processor.py:183} INFO - Processing /opt/airflow/dags/price_etl_dag.py took 0.067 seconds
[2026-08-25T19:59:17.813+0000] {processor.py:161} INFO - Started process (PID=4204) to work on /opt/airflow/dags/price_etl_dag.py
[2026-08-25T19:59:17.813+0000] {processor.py:830} INFO - Processing file /opt/airflow/dags/price_etl_dag.py for tasks to queue
[2026-08-25T19:59:17.814+0000] {logging_mixin.py:188} INFO - [2026-08-25T19:59:17.814+0000] {dagbag.py:545} INFO - Filling up the DagBag from /opt/airflow/dags/price_etl_dag.py
[2026-08-25T19:59:17.829+0000] {processor.py:840} INFO - DAG(s) 'price_etl_pipeline' retrieved from /opt/airflow/dags/price_etl_dag.py
[2026-08-25T19:59:17.848+0000] {logging_mixin.py:188} INFO - [2026-08-25T19:59:17.848+0000] {dag.py:3096} INFO - Sync 1 DAGs
[2026-08-25T19:59:17.857+0000] {logging_mixin.py:188} INFO - [2026-08-25T19:59:17.856+0000] {dag.py:3954} INFO - Setting next_dagrun for price_etl_pipeline to 2026-08-24 12:00:00+00:00, run_after=2026-08-25 12:00:00+00:00
[2026-08-25T19:59:17.867+0000] {processor.py:183} INFO - Processing /opt/airflow/dags/price_etl_dag.py took 0.059 seconds
[2026-08-25T19:59:47.933+0000] {processor.py:161} INFO - Started process (PID=4209) to work on /opt/airflow/dags/price_etl_dag.py
[2026-08-25T19:59:47.934+0000] {processor.py:830} INFO - Processing file /opt/airflow/dags/price_etl_dag.py for tasks to queue
[2026-08-25T19:59:47.935+0000] {logging_mixin.py:188} INFO - [2026-08-25T19:59:47.935+0000] {dagbag.py:545} INFO - Filling up the DagBag from /opt/airflow/dags/price_etl_dag.py
[2026-08-25T19:59:47.948+0000] {processor.py:840} INFO - DAG(s) 'price_etl_pipeline' retrieved from /opt/airflow/dags/price_etl_dag.py
[2026-08-25T19:59:47.963+0000] {logging_mixin.py:188} INFO - [2026-08-25T19:59:47.963+0000] {dag.py:3096} INFO - Sync 1 DAGs
[2026-08-25T19:59:47.973+0000] {logging_mixin.py:188} INFO - [2026-08-25T19:59:47.973+0000] {dag.py:3954} INFO - Setting next_dagrun for price_etl_pipeline to 2026-08-24 12:00:00+00:00, run_after=2026-08-25 12:00:00+00:00
[2026-08-25T19:59:47.984+0000] {processor.py:183} INFO - Processing /opt/airflow/dags/price_etl_dag.py took 0.054 seconds
[2026-08-25T20:00:18.076+0000] {processor.py:161} INFO - Started process (PID=4214) to work on /opt/airflow/dags/price_etl_dag.py
[2026-08-25T20:00:18.077+0000] {processor.py:830} INFO - Processing file /opt/airflow/dags/price_etl_dag.py for tasks to queue
[2026-08-25T20:00:18.078+0000] {logging_mixin.py:188} INFO - [2026-08-25T20:00:18.077+0000] {dagbag.py:545} INFO - Filling up the DagBag from /opt/airflow/dags/price_etl_dag.py
[2026-08-25T20:00:18.090+0000] {processor.py:840} INFO - DAG(s) 'price_etl_pipeline' retrieved from /opt/airflow/dags/price_etl_dag.py
[2026-08-25T20:00:18.109+0000] {logging_mixin.py:188} INFO - [2026-08-25T20:00:18.109+0000] {dag.py:3096} INFO - Sync 1 DAGs
[2026-08-25T20:00:18.123+0000] {logging_mixin.py:188} INFO - [2026-08-25T20:00:18.122+0000] {dag.py:3954} INFO - Setting next_dagrun for price_etl_pipeline to 2026-08-24 12:00:00+00:00, run_after=2026-08-25 12:00:00+00:00
[2026-08-25T20:00:18.135+0000] {processor.py:183} INFO - Processing /opt/airflow/dags/price_etl_dag.py took 0.061 seconds
[2026-08-25T20:00:48.204+0000] {processor.py:161} INFO - Started process (PID=4219) to work on /opt/airflow/dags/price_etl_dag.py
[2026-08-25T20:00:48.204+0000] {processor.py:830} INFO - Processing file /opt/airflow/dags/price_etl_dag.py for tasks to queue
[2026-08-25T20:00:48.205+0000] {logging_mixin.py:188} INFO - [2026-08-25T20:00:48.205+0000] {dagbag.py:545} INFO - Filling up the DagBag from /opt/airflow/dags/price_etl_dag.py
[2026-08-25T20:00:48.218+0000] {processor.py:840} INFO - DAG(s) 'price_etl_pipeline' retrieved from /opt/airflow/dags/price_etl_dag.py
[2026-08-25T20:00:48.233+0000] {logging_mixin.py:188} INFO - [2026-08-25T20:00:48.233+0000] {dag.py:3096} INFO - Sync 1 DAGs
[2026-08-25T20:00:48.243+0000] {logging_mixin.py:188} INFO - [2026-08-25T20:00:48.243+0000] {dag.py:3954} INFO - Setting next_dagrun for price_etl_pipeline to 2026-08-24 12:00:00+00:00, run_after=2026-08-25 12:00:00+00:00
[2026-08-25T20:00:48.253+0000] {processor.py:183} INFO - Processing /opt/airflow/dags/price_etl_dag.py took 0.053 seconds
[2026-08-25T20:01:18.351+0000] {processor.py:161} INFO - Started process (PID=4224) to work on /opt/airflow/dags/price_etl_dag.py
[2026-08-25T20:01:18.352+0000] {processor.py:830} INFO - Processing file /opt/airflow/dags/price_etl_dag.py for tasks to queue
[2026-08-25T20:01:18.353+0000] {logging_mixin.py:188} INFO - [2026-08-25T20:01:18.353+0000] {dagbag.py:545} INFO - Filling up the DagBag from /opt/airflow/dags/price_etl_dag.py
[2026-08-25T20:01:18.366+0000] {processor.py:840} INFO - DAG(s) 'price_etl_pipeline' retrieved from /opt/airflow/dags/price_etl_dag.py
[2026-08-25T20:01:18.381+0000] {logging_mixin.py:188} INFO - [2026-08-25T20:01:18.380+0000] {dag.py:3096} INFO - Sync 1 DAGs
[2026-08-25T20:01:18.394+0000] {logging_mixin.py:188} INFO - [2026-08-25T20:01:18.394+0000] {dag.py:3954} INFO - Setting next_dagrun for price_etl_pipeline to 2026-08-24 12:00:00+00:00, run_after=2026-08-25 12:00:00+00:00
[2026-08-25T20:01:18.405+0000] {processor.py:183} INFO - Processing /opt/airflow/dags/price_etl_dag.py took 0.057 seconds
[2026-08-25T20:01:48.482+0000] {processor.py:161} INFO - Started process (PID=4229) to work on /opt/airflow/dags/price_etl_dag.py
[2026-08-25T20:01:48.483+0000] {processor.py:830} INFO - Processing file /opt/airflow/dags/price_etl_dag.py for tasks to queue
[2026-08-25T20:01:48.484+0000] {logging_mixin.py:188} INFO - [2026-08-25T20:01:48.484+0000] {dagbag.py:545} INFO - Filling up the DagBag from /opt/airflow/dags/price_etl_dag.py
[2026-08-25T20:01:48.497+0000] {processor.py:840} INFO - DAG(s) 'price_etl_pipeline' retrieved from /opt/airflow/dags/price_etl_dag.py
[2026-08-25T20:01:48.512+0000] {logging_mixin.py:188} INFO - [2026-08-25T20:01:48.512+0000] {dag.py:3096} INFO - Sync 1 DAGs
[2026-08-25T20:01:48.523+0000] {logging_mixin.py:188} INFO - [2026-08-25T20:01:48.523+0000] {dag.py:3954} INFO - Setting next_dagrun for price_etl_pipeline to 2026-08-24 12:00:00+00:00, run_after=2026-08-25 12:00:00+00:00
[2026-08-25T20:01:48.540+0000] {processor.py:183} INFO - Processing /opt/airflow/dags/price_etl_dag.py took 0.060 seconds
[2026-08-25T20:02:18.619+0000] {processor.py:161} INFO - Started process (PID=4234) to work on /opt/airflow/dags/price_etl_dag.py
[2026-08-25T20:02:18.620+0000] {processor.py:830} INFO - Processing file /opt/airflow/dags/price_etl_dag.py for tasks to queue
[2026-08-25T20:02:18.621+0000] {logging_mixin.py:188} INFO - [2026-08-25T20:02:18.620+0000] {dagbag.py:545} INFO - Filling up the DagBag from /opt/airflow/dags/price_etl_dag.py
[2026-08-25T20:02:18.633+0000] {processor.py:840} INFO - DAG(s) 'price_etl_pipeline' retrieved from /opt/airflow/dags/price_etl_dag.py
[2026-08-25T20:02:18.647+0000] {logging_mixin.py:188} INFO - [2026-08-25T20:02:18.647+0000] {dag.py:3096} INFO - Sync 1 DAGs
[2026-08-25T20:02:18.657+0000] {logging_mixin.py:188} INFO - [2026-08-25T20:02:18.657+0000] {dag.py:3954} INFO - Setting next_dagrun for price_etl_pipeline to 2026-08-24 12:00:00+00:00, run_after=2026-08-25 12:00:00+00:00
[2026-08-25T20:02:18.670+0000] {processor.py:183} INFO - Processing /opt/airflow/dags/price_etl_dag.py took 0.053 seconds
[2026-08-25T20:02:48.744+0000] {processor.py:161} INFO - Started process (PID=4239) to work on /opt/airflow/dags/price_etl_dag.py
[2026-08-25T20:02:48.744+0000] {processor.py:830} INFO - Processing file /opt/airflow/dags/price_etl_dag.py for tasks to queue
[2026-08-25T20:02:48.745+0000] {logging_mixin.py:188} INFO - [2026-08-25T20:02:48.745+0000] {dagbag.py:545} INFO - Filling up the DagBag from /opt/airflow/dags/price_etl_dag.py
[2026-08-25T20:02:48.758+0000] {processor.py:840} INFO - DAG(s) 'price_etl_pipeline' retrieved from /opt/airflow/dags/price_etl_dag.py
[2026-08-25T20:02:48.774+0000] {logging_mixin.py:188} INFO - [2026-08-25T20:02:48.773+0000] {dag.py:3096} INFO - Sync 1 DAGs
[2026-08-25T20:02:48.785+0000] {logging_mixin.py:188} INFO - [2026-08-25T20:02:48.784+0000] {dag.py:3954} INFO - Setting next_dagrun for price_etl_pipeline to 2026-08-24 12:00:00+00:00, run_after=2026-08-25 12:00:00+00:00
[2026-08-25T20:02:48.800+0000] {processor.py:183} INFO - Processing /opt/airflow/dags/price_etl_dag.py took 0.059 seconds
[2026-08-25T20:03:18.902+0000] {processor.py:161} INFO - Started process (PID=4244) to work on /opt/airflow/dags/price_etl_dag.py
[2026-08-25T20:03:18.903+0000] {processor.py:830} INFO - Processing file /opt/airflow/dags/price_etl_dag.py for tasks to queue
[2026-08-25T20:03:18.904+0000] {logging_mixin.py:188} INFO - [2026-08-25T20:03:18.904+0000] {dagbag.py:545} INFO - Filling up the DagBag from /opt/airflow/dags/price_etl_dag.py
[2026-08-25T20:03:18.916+0000] {processor.py:840} INFO - DAG(s) 'price_etl_pipeline' retrieved from /opt/airflow/dags/price_etl_dag.py
[2026-08-25T20:03:18.935+0000] {logging_mixin.py:188} INFO - [2026-08-25T20:03:18.935+0000] {dag.py:3096} INFO - Sync 1 DAGs
[2026-08-25T20:03:18.949+0000] {logging_mixin.py:188} INFO - [2026-08-25T20:03:18.948+0000] {dag.py:3954} INFO - Setting next_dagrun for price_etl_pipeline to 2026-08-24 12:00:00+00:00, run_after=2026-08-25 12:00:00+00:00
[2026-08-25T20:03:18.962+0000] {processor.py:183} INFO - Processing /opt/airflow/dags/price_etl_dag.py took 0.062 seconds
[2026-08-25T20:03:49.025+0000] {processor.py:161} INFO - Started process (PID=4249) to work on /opt/airflow/dags/price_etl_dag.py
[2026-08-25T20:03:49.026+0000] {processor.py:830} INFO - Processing file /opt/airflow/dags/price_etl_dag.py for tasks to queue
[2026-08-25T20:03:49.027+0000] {logging_mixin.py:188} INFO - [2026-08-25T20:03:49.027+0000] {dagbag.py:545} INFO - Filling up the DagBag from /opt/airflow/dags/price_etl_dag.py
[2026-08-25T20:03:49.040+0000] {processor.py:840} INFO - DAG(s) 'price_etl_pipeline' retrieved from /opt/airflow/dags/price_etl_dag.py
[2026-08-25T20:03:49.056+0000] {logging_mixin.py:188} INFO - [2026-08-25T20:03:49.056+0000] {dag.py:3096} INFO - Sync 1 DAGs
[2026-08-25T20:03:49.067+0000] {logging_mixin.py:188} INFO - [2026-08-25T20:03:49.067+0000] {dag.py:3954} INFO - Setting next_dagrun for price_etl_pipeline to 2026-08-24 12:00:00+00:00, run_after=2026-08-25 12:00:00+00:00
[2026-08-25T20:03:49.080+0000] {processor.py:183} INFO - Processing /opt/airflow/dags/price_etl_dag.py took 0.057 seconds
[2026-08-25T20:04:19.177+0000] {processor.py:161} INFO - Started process (PID=4254) to work on /opt/airflow/dags/price_etl_dag.py
[2026-08-25T20:04:19.178+0000] {processor.py:830} INFO - Processing file /opt/airflow/dags/price_etl_dag.py for tasks to queue
[2026-08-25T20:04:19.180+0000] {logging_mixin.py:188} INFO - [2026-08-25T20:04:19.180+0000] {dagbag.py:545} INFO - Filling up the DagBag from /opt/airflow/dags/price_etl_dag.py
[2026-08-25T20:04:19.197+0000] {processor.py:840} INFO - DAG(s) 'price_etl_pipeline' retrieved from /opt/airflow/dags/price_etl_dag.py
[2026-08-25T20:04:19.217+0000] {logging_mixin.py:188} INFO - [2026-08-25T20:04:19.217+0000] {dag.py:3096} INFO - Sync 1 DAGs
[2026-08-25T20:04:19.230+0000] {logging_mixin.py:188} INFO - [2026-08-25T20:04:19.230+0000] {dag.py:3954} INFO - Setting next_dagrun for price_etl_pipeline to 2026-08-24 12:00:00+00:00, run_after=2026-08-25 12:00:00+00:00
[2026-08-25T20:04:19.243+0000] {processor.py:183} INFO - Processing /opt/airflow/dags/price_etl_dag.py took 0.069 seconds
[2026-08-25T20:04:49.300+0000] {processor.py:161} INFO - Started process (PID=4259) to work on /opt/airflow/dags/price_etl_dag.py
[2026-08-25T20:04:49.300+0000] {processor.py:830} INFO - Processing file /opt/airflow/dags/price_etl_dag.py for tasks to queue
[2026-08-25T20:04:49.301+0000] {logging_mixin.py:188} INFO - [2026-08-25T20:04:49.301+0000] {dagbag.py:545} INFO - Filling up the DagBag from /opt/airflow/dags/price_etl_dag.py
[2026-08-25T20:04:49.314+0000] {processor.py:840} INFO - DAG(s) 'price_etl_pipeline' retrieved from /opt/airflow/dags/price_etl_dag.py
[2026-08-25T20:04:49.329+0000] {logging_mixin.py:188} INFO - [2026-08-25T20:04:49.329+0000] {dag.py:3096} INFO - Sync 1 DAGs
[2026-08-25T20:04:49.338+0000] {logging_mixin.py:188} INFO - [2026-08-25T20:04:49.338+0000] {dag.py:3954} INFO - Setting next_dagrun for price_etl_pipeline to 2026-08-24 12:00:00+00:00, run_after=2026-08-25 12:00:00+00:00
[2026-08-25T20:04:49.351+0000] {processor.py:183} INFO - Processing /opt/airflow/dags/price_etl_dag.py took 0.054 seconds
[2026-08-25T20:05:19.456+0000] {processor.py:161} INFO - Started process (PID=4264) to work on /opt/airflow/dags/price_etl_dag.py
[2026-08-25T20:05:19.457+0000] {processor.py:830} INFO - Processing file /opt/airflow/dags/price_etl_dag.py for tasks to queue
[2026-08-25T20:05:19.458+0000] {logging_mixin.py:188} INFO - [2026-08-25T20:05:19.457+0000] {dagbag.py:545} INFO - Filling up the DagBag from /opt/airflow/dags/price_etl_dag.py
[2026-08-25T20:05:19.470+0000] {processor.py:840} INFO - DAG(s) 'price_etl_pipeline' retrieved from /opt/airflow/dags/price_etl_dag.py
[2026-08-25T20:05:19.485+0000] {logging_mixin.py:188} INFO - [2026-08-25T20:05:19.485+0000] {dag.py:3096} INFO - Sync 1 DAGs
[2026-08-25T20:05:19.499+0000] {logging_mixin.py:188} INFO - [2026-08-25T20:05:19.499+0000] {dag.py:3954} INFO - Setting next_dagrun for price_etl_pipeline to 2026-08-24 12:00:00+00:00, run_after=2026-08-25 12:00:00+00:00
[2026-08-25T20:05:19.514+0000] {processor.py:183} INFO - Processing /opt/airflow/dags/price_etl_dag.py took 0.060 seconds
[2026-08-25T20:05:49.575+0000] {processor.py:161} INFO - Started process (PID=4269) to work on /opt/airflow/dags/price_etl_dag.py
[2026-08-25T20:05:49.575+0000] {processor.py:830} INFO - Processing file /opt/airflow/dags/price_etl_dag.py for tasks to queue
[2026-08-25T20:05:49.576+0000] {logging_mixin.py:188} INFO - [2026-08-25T20:05:49.576+0000] {dagbag.py:545} INFO - Filling up the DagBag from /opt/airflow/dags/price_etl_dag.py
[2026-08-25T20:05:49.589+0000] {processor.py:840} INFO - DAG(s) 'price_etl_pipeline' retrieved from /opt/airflow/dags/price_etl_dag.py
[2026-08-25T20:05:49.604+0000] {logging_mixin.py:188} INFO - [2026-08-25T20:05:49.604+0000] {dag.py:3096} INFO - Sync 1 DAGs
[2026-08-25T20:05:49.616+0000] {logging_mixin.py:188} INFO - [2026-08-25T20:05:49.616+0000] {dag.py:3954} INFO - Setting next_dagrun for price_etl_pipeline to 2026-08-24 12:00:00+00:00, run_after=2026-08-25 12:00:00+00:00
[2026-08-25T20:05:49.631+0000] {processor.py:183} INFO - Processing /opt/airflow/dags/price_etl_dag.py took 0.059 seconds
[2026-08-25T20:06:19.728+0000] {processor.py:161} INFO - Started process (PID=4274) to work on /opt/airflow/dags/price_etl_dag.py
[2026-08-25T20:06:19.728+0000] {processor.py:830} INFO - Processing file /opt/airflow/dags/price_etl_dag.py for tasks to queue
[2026-08-25T20:06:19.729+0000] {logging_mixin.py:188} INFO - [2026-08-25T20:06:19.729+0000] {dagbag.py:545} INFO - Filling up the DagBag from /opt/airflow/dags/price_etl_dag.py
[2026-08-25T20:06:19.742+0000] {processor.py:840} INFO - DAG(s) 'price_etl_pipeline' retrieved from /opt/airflow/dags/price_etl_dag.py
[2026-08-25T20:06:19.758+0000] {logging_mixin.py:188} INFO - [2026-08-25T20:06:19.758+0000] {dag.py:3096} INFO - Sync 1 DAGs
[2026-08-25T20:06:19.771+0000] {logging_mixin.py:188} INFO - [2026-08-25T20:06:19.771+0000] {dag.py:3954} INFO - Setting next_dagrun for price_etl_pipeline to 2026-08-24 12:00:00+00:00, run_after=2026-08-25 12:00:00+00:00
[2026-08-25T20:06:19.785+0000] {processor.py:183} INFO - Processing /opt/airflow/dags/price_etl_dag.py took 0.060 seconds
[2026-08-25T20:06:49.847+0000] {processor.py:161} INFO - Started process (PID=4279) to work on /opt/airflow/dags/price_etl_dag.py
[2026-08-25T20:06:49.848+0000] {processor.py:830} INFO - Processing file /opt/airflow/dags/price_etl_dag.py for tasks to queue
[2026-08-25T20:06:49.849+0000] {logging_mixin.py:188} INFO - [2026-08-25T20:06:49.849+0000] {dagbag.py:545} INFO - Filling up the DagBag from /opt/airflow/dags/price_etl_dag.py
[2026-08-25T20:06:49.862+0000] {processor.py:840} INFO - DAG(s) 'price_etl_pipeline' retrieved from /opt/airflow/dags/price_etl_dag.py
[2026-08-25T20:06:49.877+0000] {logging_mixin.py:188} INFO - [2026-08-25T20:06:49.877+0000] {dag.py:3096} INFO - Sync 1 DAGs
[2026-08-25T20:06:49.887+0000] {logging_mixin.py:188} INFO - [2026-08-25T20:06:49.887+0000] {dag.py:3954} INFO - Setting next_dagrun for price_etl_pipeline to 2026-08-24 12:00:00+00:00, run_after=2026-08-25 12:00:00+00:00
[2026-08-25T20:06:49.897+0000] {processor.py:183} INFO - Processing /opt/airflow/dags/price_etl_dag.py took 0.053 seconds
[2026-08-25T20:07:20.006+0000] {processor.py:161} INFO - Started process (PID=4284) to work on /opt/airflow/dags/price_etl_dag.py
[2026-08-25T20:07:20.006+0000] {processor.py:830} INFO - Processing file /opt/airflow/dags/price_etl_dag.py for tasks to queue
[2026-08-25T20:07:20.007+0000] {logging_mixin.py:188} INFO - [2026-08-25T20:07:20.007+0000] {dagbag.py:545} INFO - Filling up the DagBag from /opt/airflow/dags/price_etl_dag.py
[2026-08-25T20:07:20.019+0000] {processor.py:840} INFO - DAG(s) 'price_etl_pipeline' retrieved from /opt/airflow/dags/price_etl_dag.py
[2026-08-25T20:07:20.033+0000] {logging_mixin.py:188} INFO - [2026-08-25T20:07:20.033+0000] {dag.py:3096} INFO - Sync 1 DAGs
[2026-08-25T20:07:20.046+0000] {logging_mixin.py:188} INFO - [2026-08-25T20:07:20.046+0000] {dag.py:3954} INFO - Setting next_dagrun for price_etl_pipeline to 2026-08-24 12:00:00+00:00, run_after=2026-08-25 12:00:00+00:00
[2026-08-25T20:07:20.057+0000] {processor.py:183} INFO - Processing /opt/airflow/dags/price_etl_dag.py took 0.054 seconds
[2026-08-25T20:07:50.132+0000] {processor.py:161} INFO - Started process (PID=4289) to work on /opt/airflow/dags/price_etl_dag.py
[2026-08-25T20:07:50.132+0000] {processor.py:830} INFO - Processing file /opt/airflow/dags/price_etl_dag.py for tasks to queue
[2026-08-25T20:07:50.133+0000] {logging_mixin.py:188} INFO - [2026-08-25T20:07:50.133+0000] {dagbag.py:545} INFO - Filling up the DagBag from /opt/airflow/dags/price_etl_dag.py
[2026-08-25T20:07:50.146+0000] {processor.py:840} INFO - DAG(s) 'price_etl_pipeline' retrieved from /opt/airflow/dags/price_etl_dag.py
[2026-08-25T20:07:50.162+0000] {logging_mixin.py:188} INFO - [2026-08-25T20:07:50.162+0000] {dag.py:3096} INFO - Sync 1 DAGs
[2026-08-25T20:07:50.172+0000] {logging_mixin.py:188} INFO - [2026-08-25T20:07:50.172+0000] {dag.py:3954} INFO - Setting next_dagrun for price_etl_pipeline to 2026-08-24 12:00:00+00:00, run_after=2026-08-25 12:00:00+00:00
[2026-08-25T20:07:50.186+0000] {processor.py:183} INFO - Processing /opt/airflow/dags/price_etl_dag.py took 0.057 seconds
[2026-08-25T20:08:20.297+0000] {processor.py:161} INFO - Started process (PID=4294) to work on /opt/airflow/dags/price_etl_dag.py
[2026-08-25T20:08:20.298+0000] {processor.py:830} INFO - Processing file /opt/airflow/dags/price_etl_dag.py for tasks to queue
[2026-08-25T20:08:20.299+0000] {logging_mixin.py:188} INFO - [2026-08-25T20:08:20.299+0000] {dagbag.py:545} INFO - Filling up the DagBag from /opt/airflow/dags/price_etl_dag.py
[2026-08-25T20:08:20.312+0000] {processor.py:840} INFO - DAG(s) 'price_etl_pipeline' retrieved from /opt/airflow/dags/price_etl_dag.py
[2026-08-25T20:08:20.331+0000] {logging_mixin.py:188} INFO - [2026-08-25T20:08:20.331+0000] {dag.py:3096} INFO - Sync 1 DAGs
[2026-08-25T20:08:20.346+0000] {logging_mixin.py:188} INFO - [2026-08-25T20:08:20.346+0000] {dag.py:3954} INFO - Setting next_dagrun for price_etl_pipeline to 2026-08-24 12:00:00+00:00, run_after=2026-08-25 12:00:00+00:00
[2026-08-25T20:08:20.358+0000] {processor.py:183} INFO - Processing /opt/airflow/dags/price_etl_dag.py took 0.063 seconds
[2026-08-25T20:08:50.425+0000] {processor.py:161} INFO - Started process (PID=4299) to work on /opt/airflow/dags/price_etl_dag.py
[2026-08-25T20:08:50.425+0000] {processor.py:830} INFO - Processing file /opt/airflow/dags/price_etl_dag.py for tasks to queue
[2026-08-25T20:08:50.426+0000] {logging_mixin.py:188} INFO - [2026-08-25T20:08:50.426+0000] {dagbag.py:545} INFO - Filling up the DagBag from /opt/airflow/dags/price_etl_dag.py
[2026-08-25T20:08:50.442+0000] {processor.py:840} INFO - DAG(s) 'price_etl_pipeline' retrieved from /opt/airflow/dags/price_etl_dag.py
[2026-08-25T20:08:50.459+0000] {logging_mixin.py:188} INFO - [2026-08-25T20:08:50.459+0000] {dag.py:3096} INFO - Sync 1 DAGs
[2026-08-25T20:08:50.472+0000] {logging_mixin.py:188} INFO - [2026-08-25T20:08:50.471+0000] {dag.py:3954} INFO - Setting next_dagrun for price_etl_pipeline to 2026-08-24 12:00:00+00:00, run_after=2026-08-25 12:00:00+00:00
[2026-08-25T20:08:50.485+0000] {processor.py:183} INFO - Processing /opt/airflow/dags/price_etl_dag.py took 0.064 seconds
[2026-08-25T20:09:20.575+0000] {processor.py:161} INFO - Started process (PID=4304) to work on /opt/airflow/dags/price_etl_dag.py
[2026-08-25T20:09:20.576+0000] {processor.py:830} INFO - Processing file /opt/airflow/dags/price_etl_dag.py for tasks to queue
[2026-08-25T20:09:20.577+0000] {logging_mixin.py:188} INFO - [2026-08-25T20:09:20.577+0000] {dagbag.py:545} INFO - Filling up the DagBag from /opt/airflow/dags/price_etl_dag.py
[2026-08-25T20:09:20.589+0000] {processor.py:840} INFO - DAG(s) 'price_etl_pipeline' retrieved from /opt/airflow/dags/price_etl_dag.py
[2026-08-25T20:09:20.608+0000] {logging_mixin.py:188} INFO - [2026-08-25T20:09:20.608+0000] {dag.py:3096} INFO - Sync 1 DAGs
[2026-08-25T20:09:20.622+0000] {logging_mixin.py:188} INFO - [2026-08-25T20:09:20.622+0000] {dag.py:3954} INFO - Setting next_dagrun for price_etl_pipeline to 2026-08-24 12:00:00+00:00, run_after=2026-08-25 12:00:00+00:00
[2026-08-25T20:09:20.634+0000] {processor.py:183} INFO - Processing /opt/airflow/dags/price_etl_dag.py took 0.062 seconds
[2026-08-25T20:09:50.708+0000] {processor.py:161} INFO - Started process (PID=4309) to work on /opt/airflow/dags/price_etl_dag.py
[2026-08-25T20:09:50.708+0000] {processor.py:830} INFO - Processing file /opt/airflow/dags/price_etl_dag.py for tasks to queue
[2026-08-25T20:09:50.709+0000] {logging_mixin.py:188} INFO - [2026-08-25T20:09:50.709+0000] {dagbag.py:545} INFO - Filling up the DagBag from /opt/airflow/dags/price_etl_dag.py
[2026-08-25T20:09:50.722+0000] {processor.py:840} INFO - DAG(s) 'price_etl_pipeline' retrieved from /opt/airflow/dags/price_etl_dag.py
[2026-08-25T20:09:50.737+0000] {logging_mixin.py:188} INFO - [2026-08-25T20:09:50.737+0000] {dag.py:3096} INFO - Sync 1 DAGs
[2026-08-25T20:09:50.747+0000] {logging_mixin.py:188} INFO - [2026-08-25T20:09:50.747+0000] {dag.py:3954} INFO - Setting next_dagrun for price_etl_pipeline to 2026-08-24 12:00:00+00:00, run_after=2026-08-25 12:00:00+00:00
[2026-08-25T20:09:50.761+0000] {processor.py:183} INFO - Processing /opt/airflow/dags/price_etl_dag.py took 0.057 seconds
[2026-08-25T20:10:20.843+0000] {processor.py:161} INFO - Started process (PID=4314) to work on /opt/airflow/dags/price_etl_dag.py
[2026-08-25T20:10:20.843+0000] {processor.py:830} INFO - Processing file /opt/airflow/dags/price_etl_dag.py for tasks to queue
[2026-08-25T20:10:20.844+0000] {logging_mixin.py:188} INFO - [2026-08-25T20:10:20.844+0000] {dagbag.py:545} INFO - Filling up the DagBag from /opt/airflow/dags/price_etl_dag.py
[2026-08-25T20:10:20.860+0000] {processor.py:840} INFO - DAG(s) 'price_etl_pipeline' retrieved from /opt/airflow/dags/price_etl_dag.py
[2026-08-25T20:10:20.880+0000] {logging_mixin.py:188} INFO - [2026-08-25T20:10:20.880+0000] {dag.py:3096} INFO - Sync 1 DAGs
[2026-08-25T20:10:20.893+0000] {logging_mixin.py:188} INFO - [2026-08-25T20:10:20.893+0000] {dag.py:3954} INFO - Setting next_dagrun for price_etl_pipeline to 2026-08-24 12:00:00+00:00, run_after=2026-08-25 12:00:00+00:00
[2026-08-25T20:10:20.908+0000] {processor.py:183} INFO - Processing /opt/airflow/dags/price_etl_dag.py took 0.068 seconds
[2026-08-25T20:10:50.972+0000] {processor.py:161} INFO - Started process (PID=4319) to work on /opt/airflow/dags/price_etl_dag.py
[2026-08-25T20:10:50.973+0000] {processor.py:830} INFO - Processing file /opt/airflow/dags/price_etl_dag.py for tasks to queue
[2026-08-25T20:10:50.974+0000] {logging_mixin.py:188} INFO - [2026-08-25T20:10:50.974+0000] {dagbag.py:545} INFO - Filling up the DagBag from /opt/airflow/dags/price_etl_dag.py
[2026-08-25T20:10:50.986+0000] {processor.py:840} INFO - DAG(s) 'price_etl_pipeline' retrieved from /opt/airflow/dags/price_etl_dag.py
[2026-08-25T20:10:51.001+0000] {logging_mixin.py:188} INFO - [2026-08-25T20:10:51.001+0000] {dag.py:3096} INFO - Sync 1 DAGs
[2026-08-25T20:10:51.011+0000] {logging_mixin.py:188} INFO - [2026-08-25T20:10:51.011+0000] {dag.py:3954} INFO - Setting next_dagrun for price_etl_pipeline to 2026-08-24 12:00:00+00:00, run_after=2026-08-25 12:00:00+00:00
[2026-08-25T20:10:51.023+0000] {processor.py:183} INFO - Processing /opt/airflow/dags/price_etl_dag.py took 0.054 seconds
