[2026-08-24T19:35:01.538+0000] {manager.py:470} INFO - Processing files using up to 2 processes at a time 
[2026-08-24T19:35:01.539+0000] {manager.py:471} INFO - Process each file at most once every 30 seconds
[2026-08-24T19:35:01.540+0000] {manager.py:472} INFO - Checking for new files in /opt/airflow/dags every 300 seconds
[2026-08-24T19:35:01.540+0000] {manager.py:737} INFO - Searching for files in /opt/airflow/dags
[2026-08-24T19:35:01.548+0000] {manager.py:740} INFO - There are 1 files in /opt/airflow/dags
[2026-08-24T19:35:01.609+0000] {manager.py:878} INFO - 
================================================================================
DAG File Processing Stats

File Path                             PID  Runtime      # DAGs    # Errors  Last Runtime    Last Run
----------------------------------  -----  ---------  --------  ----------  --------------  ----------
/opt/airflow/dags/price_etl_dag.py    172  0.02s             0           0
================================================================================
[2026-08-24T19:35:31.715+0000] {manager.py:878} INFO - 
================================================================================
DAG File Processing Stats

File Path                           PID    Runtime      # DAGs    # Errors  Last Runtime    Last Run
----------------------------------  -----  ---------  --------  ----------  --------------  -------------------
/opt/airflow/dags/price_etl_dag.py                           1           0  0.30s           2026-08-24T19:35:01
================================================================================
[2026-08-24T19:36:02.115+0000] {manager.py:878} INFO - 
================================================================================
DAG File Processing Stats

File Path                             PID  Runtime      # DAGs    # Errors  Last Runtime    Last Run
----------------------------------  -----  ---------  --------  ----------  --------------  -------------------
/opt/airflow/dags/price_etl_dag.py    182  0.00s             1           0  0.09s           2026-08-24T19:35:32
================================================================================
[2026-08-24T19:36:32.266+0000] {manager.py:878} INFO - 
================================================================================
DAG File Processing Stats

File Path                             PID  Runtime      # DAGs    # Errors  Last Runtime    Last Run
----------------------------------  -----  ---------  --------  ----------  --------------  -------------------
/opt/airflow/dags/price_etl_dag.py    187  0.00s             1           0  0.09s           2026-08-24T19:36:02
================================================================================
[2026-08-24T19:37:02.396+0000] {manager.py:878} INFO - 
================================================================================
DAG File Processing Stats

File Path                             PID  Runtime      # DAGs    # Errors  Last Runtime    Last Run
----------------------------------  -----  ---------  --------  ----------  --------------  -------------------
/opt/airflow/dags/price_etl_dag.py    230  0.00s             1           0  0.09s           2026-08-24T19:36:32
================================================================================
[2026-08-24T19:37:32.529+0000] {manager.py:878} INFO - 
================================================================================
DAG File Processing Stats

File Path                             PID  Runtime      # DAGs    # Errors  Last Runtime    Last Run
----------------------------------  -----  ---------  --------  ----------  --------------  -------------------
/opt/airflow/dags/price_etl_dag.py    830  0.00s             1           0  0.08s           2026-08-24T19:37:02
================================================================================
[2026-08-24T19:38:02.652+0000] {manager.py:878} INFO - 
================================================================================
DAG File Processing Stats

File Path                           PID    Runtime      # DAGs    # Errors  Last Runtime    Last Run
----------------------------------  -----  ---------  --------  ----------  --------------  -------------------
/opt/airflow/dags/price_etl_dag.py                           1           0  0.13s           2026-08-24T19:37:32
================================================================================
[2026-08-24T19:38:32.856+0000] {manager.py:878} INFO - 
================================================================================
DAG File Processing Stats

File Path                           PID    Runtime      # DAGs    # Errors  Last Runtime    Last Run
----------------------------------  -----  ---------  --------  ----------  --------------  -------------------
/opt/airflow/dags/price_etl_dag.py                           1           0  0.16s           2026-08-24T19:38:02
================================================================================
[2026-08-24T19:39:03.110+0000] {manager.py:878} INFO - 
================================================================================
DAG File Processing Stats

File Path                           PID    Runtime      # DAGs    # Errors  Last Runtime    Last Run
----------------------------------  -----  ---------  --------  ----------  --------------  -------------------
/opt/airflow/dags/price_etl_dag.py                           1           0  0.17s           2026-08-24T19:38:33
================================================================================
[2026-08-24T19:39:33.354+0000] {manager.py:878} INFO - 
================================================================================
DAG File Processing Stats

File Path                           PID    Runtime      # DAGs    # Errors  Last Runtime    Last Run
----------------------------------  -----  ---------  --------  ----------  --------------  -------------------
/opt/airflow/dags/price_etl_dag.py                           1           0  0.16s           2026-08-24T19:39:03
================================================================================
[2026-08-24T19:40:01.678+0000] {manager.py:737} INFO - Searching for files in /opt/airflow/dags
[2026-08-24T19:40:01.693+0000] {manager.py:740} INFO - There are 1 files in /opt/airflow/dags
[2026-08-24T19:40:03.717+0000] {manager.py:878} INFO - 
================================================================================
DAG File Processing Stats

File Path                             PID  Runtime      # DAGs    # Errors  Last Runtime    Last Run
----------------------------------  -----  ---------  --------  ----------  --------------  -------------------
/opt/airflow/dags/price_etl_dag.py    855  0.00s             1           0  0.10s           2026-08-24T19:39:33
================================================================================
[2026-08-24T19:40:33.864+0000] {manager.py:878} INFO - 
================================================================================
DAG File Processing Stats

File Path                             PID  Runtime      # DAGs    # Errors  Last Runtime    Last Run
----------------------------------  -----  ---------  --------  ----------  --------------  -------------------
/opt/airflow/dags/price_etl_dag.py    860  0.00s             1           0  0.09s           2026-08-24T19:40:03
================================================================================
[2026-08-24T19:41:03.997+0000] {manager.py:878} INFO - 
================================================================================
DAG File Processing Stats

File Path                             PID  Runtime      # DAGs    # Errors  Last Runtime    Last Run
----------------------------------  -----  ---------  --------  ----------  --------------  -------------------
/opt/airflow/dags/price_etl_dag.py    865  0.00s             1           0  0.09s           2026-08-24T19:40:33
================================================================================
[2026-08-24T19:41:34.146+0000] {manager.py:878} INFO - 
================================================================================
DAG File Processing Stats

File Path                             PID  Runtime      # DAGs    # Errors  Last Runtime    Last Run
----------------------------------  -----  ---------  --------  ----------  --------------  -------------------
/opt/airflow/dags/price_etl_dag.py    870  0.00s             1           0  0.09s           2026-08-24T19:41:04
================================================================================
[2026-08-24T19:42:04.281+0000] {manager.py:878} INFO - 
================================================================================
DAG File Processing Stats

File Path                             PID  Runtime      # DAGs    # Errors  Last Runtime    Last Run
----------------------------------  -----  ---------  --------  ----------  --------------  -------------------
/opt/airflow/dags/price_etl_dag.py    875  0.00s             1           0  0.09s           2026-08-24T19:41:34
================================================================================
[2026-08-24T19:42:34.423+0000] {manager.py:878} INFO - 
================================================================================
DAG File Processing Stats

File Path                             PID  Runtime      # DAGs    # Errors  Last Runtime    Last Run
----------------------------------  -----  ---------  --------  ----------  --------------  -------------------
/opt/airflow/dags/price_etl_dag.py   1264  0.00s             1           0  0.08s           2026-08-24T19:42:04
================================================================================
[2026-08-24T19:43:04.564+0000] {manager.py:878} INFO - 
================================================================================
DAG File Processing Stats

File Path                             PID  Runtime      # DAGs    # Errors  Last Runtime    Last Run
----------------------------------  -----  ---------  --------  ----------  --------------  -------------------
/opt/airflow/dags/price_etl_dag.py   1269  0.00s             1           0  0.07s           2026-08-24T19:42:34
================================================================================
[2026-08-24T19:43:34.691+0000] {manager.py:878} INFO - 
================================================================================
DAG File Processing Stats

File Path                             PID  Runtime      # DAGs    # Errors  Last Runtime    Last Run
----------------------------------  -----  ---------  --------  ----------  --------------  -------------------
/opt/airflow/dags/price_etl_dag.py   1274  0.00s             1           0  0.09s           2026-08-24T19:43:04
================================================================================
[2026-08-24T19:44:04.846+0000] {manager.py:878} INFO - 
================================================================================
DAG File Processing Stats

File Path                             PID  Runtime      # DAGs    # Errors  Last Runtime    Last Run
----------------------------------  -----  ---------  --------  ----------  --------------  -------------------
/opt/airflow/dags/price_etl_dag.py   1279  0.00s             1           0  0.09s           2026-08-24T19:43:34
================================================================================
[2026-08-24T19:44:34.971+0000] {manager.py:878} INFO - 
================================================================================
DAG File Processing Stats

File Path                             PID  Runtime      # DAGs    # Errors  Last Runtime    Last Run
----------------------------------  -----  ---------  --------  ----------  --------------  -------------------
/opt/airflow/dags/price_etl_dag.py   1284  0.00s             1           0  0.09s           2026-08-24T19:44:04
================================================================================
[2026-08-24T19:45:02.108+0000] {manager.py:737} INFO - Searching for files in /opt/airflow/dags
[2026-08-24T19:45:02.123+0000] {manager.py:740} INFO - There are 1 files in /opt/airflow/dags
[2026-08-24T19:45:05.152+0000] {manager.py:878} INFO - 
================================================================================
DAG File Processing Stats

File Path                             PID  Runtime      # DAGs    # Errors  Last Runtime    Last Run
----------------------------------  -----  ---------  --------  ----------  --------------  -------------------
/opt/airflow/dags/price_etl_dag.py   1289  0.00s             1           0  0.09s           2026-08-24T19:44:35
================================================================================
[2026-08-24T19:45:35.277+0000] {manager.py:878} INFO - 
================================================================================
DAG File Processing Stats

File Path                             PID  Runtime      # DAGs    # Errors  Last Runtime    Last Run
----------------------------------  -----  ---------  --------  ----------  --------------  -------------------
/opt/airflow/dags/price_etl_dag.py   1294  0.00s             1           0  0.09s           2026-08-24T19:45:05
================================================================================
[2026-08-24T19:46:05.433+0000] {manager.py:878} INFO - 
================================================================================
DAG File Processing Stats

File Path                             PID  Runtime      # DAGs    # Errors  Last Runtime    Last Run
----------------------------------  -----  ---------  --------  ----------  --------------  -------------------
/opt/airflow/dags/price_etl_dag.py   1299  0.00s             1           0  0.09s           2026-08-24T19:45:35
================================================================================
[2026-08-24T19:46:35.552+0000] {manager.py:878} INFO - 
================================================================================
DAG File Processing Stats

File Path                             PID  Runtime      # DAGs    # Errors  Last Runtime    Last Run
----------------------------------  -----  ---------  --------  ----------  --------------  -------------------
/opt/airflow/dags/price_etl_dag.py   1304  0.00s             1           0  0.09s           2026-08-24T19:46:05
================================================================================
[2026-08-24T19:47:05.719+0000] {manager.py:878} INFO - 
================================================================================
DAG File Processing Stats

File Path                             PID  Runtime      # DAGs    # Errors  Last Runtime    Last Run
----------------------------------  -----  ---------  --------  ----------  --------------  -------------------
/opt/airflow/dags/price_etl_dag.py   1309  0.00s             1           0  0.09s           2026-08-24T19:46:35
================================================================================
[2026-08-24T19:47:35.841+0000] {manager.py:878} INFO - 
================================================================================
DAG File Processing Stats

File Path                             PID  Runtime      # DAGs    # Errors  Last Runtime    Last Run
----------------------------------  -----  ---------  --------  ----------  --------------  -------------------
/opt/airflow/dags/price_etl_dag.py   1697  0.00s             1           0  0.09s           2026-08-24T19:47:05
================================================================================
[2026-08-24T19:48:06.003+0000] {manager.py:878} INFO - 
================================================================================
DAG File Processing Stats

File Path                             PID  Runtime      # DAGs    # Errors  Last Runtime    Last Run
----------------------------------  -----  ---------  --------  ----------  --------------  -------------------
/opt/airflow/dags/price_etl_dag.py   1702  0.00s             1           0  0.08s           2026-08-24T19:47:35
================================================================================
[2026-08-24T19:48:36.126+0000] {manager.py:878} INFO - 
================================================================================
DAG File Processing Stats

File Path                             PID  Runtime      # DAGs    # Errors  Last Runtime    Last Run
----------------------------------  -----  ---------  --------  ----------  --------------  -------------------
/opt/airflow/dags/price_etl_dag.py   1707  0.00s             1           0  0.07s           2026-08-24T19:48:06
================================================================================
[2026-08-24T19:49:06.269+0000] {manager.py:878} INFO - 
================================================================================
DAG File Processing Stats

File Path                             PID  Runtime      # DAGs    # Errors  Last Runtime    Last Run
----------------------------------  -----  ---------  --------  ----------  --------------  -------------------
/opt/airflow/dags/price_etl_dag.py   1712  0.00s             1           0  0.07s           2026-08-24T19:48:36
================================================================================
[2026-08-24T19:49:36.398+0000] {manager.py:878} INFO - 
================================================================================
DAG File Processing Stats

File Path                             PID  Runtime      # DAGs    # Errors  Last Runtime    Last Run
----------------------------------  -----  ---------  --------  ----------  --------------  -------------------
/opt/airflow/dags/price_etl_dag.py   1717  0.00s             1           0  0.07s           2026-08-24T19:49:06
================================================================================
[2026-08-24T19:50:02.512+0000] {manager.py:737} INFO - Searching for files in /opt/airflow/dags
[2026-08-24T19:50:02.528+0000] {manager.py:740} INFO - There are 1 files in /opt/airflow/dags
[2026-08-24T19:50:06.560+0000] {manager.py:878} INFO - 
================================================================================
DAG File Processing Stats

File Path                             PID  Runtime      # DAGs    # Errors  Last Runtime    Last Run
----------------------------------  -----  ---------  --------  ----------  --------------  -------------------
/opt/airflow/dags/price_etl_dag.py   1722  0.00s             1           0  0.09s           2026-08-24T19:49:36
================================================================================
[2026-08-24T19:50:36.692+0000] {manager.py:878} INFO - 
================================================================================
DAG File Processing Stats

File Path                             PID  Runtime      # DAGs    # Errors  Last Runtime    Last Run
----------------------------------  -----  ---------  --------  ----------  --------------  -------------------
/opt/airflow/dags/price_etl_dag.py   1727  0.00s             1           0  0.07s           2026-08-24T19:50:06
================================================================================
[2026-08-24T19:51:06.831+0000] {manager.py:878} INFO - 
================================================================================
DAG File Processing Stats

File Path                             PID  Runtime      # DAGs    # Errors  Last Runtime    Last Run
----------------------------------  -----  ---------  --------  ----------  --------------  -------------------
/opt/airflow/dags/price_etl_dag.py   1732  0.00s             1           0  0.08s           2026-08-24T19:50:36
================================================================================
[2026-08-24T19:51:36.970+0000] {manager.py:878} INFO - 
================================================================================
DAG File Processing Stats

File Path                             PID  Runtime      # DAGs    # Errors  Last Runtime    Last Run
----------------------------------  -----  ---------  --------  ----------  --------------  -------------------
/opt/airflow/dags/price_etl_dag.py   1737  0.00s             1           0  0.08s           2026-08-24T19:51:06
================================================================================
[2026-08-24T19:52:07.114+0000] {manager.py:878} INFO - 
================================================================================
DAG File Processing Stats

File Path                             PID  Runtime      # DAGs    # Errors  Last Runtime    Last Run
----------------------------------  -----  ---------  --------  ----------  --------------  -------------------
/opt/airflow/dags/price_etl_dag.py   1742  0.00s             1           0  0.08s           2026-08-24T19:51:37
================================================================================
[2026-08-24T19:52:37.254+0000] {manager.py:878} INFO - 
================================================================================
DAG File Processing Stats

File Path                             PID  Runtime      # DAGs    # Errors  Last Runtime    Last Run
----------------------------------  -----  ---------  --------  ----------  --------------  -------------------
/opt/airflow/dags/price_etl_dag.py   1747  0.00s             1           0  0.08s           2026-08-24T19:52:07
================================================================================
[2026-08-24T19:53:07.398+0000] {manager.py:878} INFO - 
================================================================================
DAG File Processing Stats

File Path                             PID  Runtime      # DAGs    # Errors  Last Runtime    Last Run
----------------------------------  -----  ---------  --------  ----------  --------------  -------------------
/opt/airflow/dags/price_etl_dag.py   1752  0.00s             1           0  0.08s           2026-08-24T19:52:37
================================================================================
[2026-08-24T19:53:37.531+0000] {manager.py:878} INFO - 
================================================================================
DAG File Processing Stats

File Path                             PID  Runtime      # DAGs    # Errors  Last Runtime    Last Run
----------------------------------  -----  ---------  --------  ----------  --------------  -------------------
/opt/airflow/dags/price_etl_dag.py   1757  0.00s             1           0  0.08s           2026-08-24T19:53:07
================================================================================
[2026-08-24T19:54:07.686+0000] {manager.py:878} INFO - 
================================================================================
DAG File Processing Stats

File Path                             PID  Runtime      # DAGs    # Errors  Last Runtime    Last Run
----------------------------------  -----  ---------  --------  ----------  --------------  -------------------
/opt/airflow/dags/price_etl_dag.py   1762  0.00s             1           0  0.08s           2026-08-24T19:53:37
================================================================================
[2026-08-24T19:54:37.817+0000] {manager.py:878} INFO - 
================================================================================
DAG File Processing Stats

File Path                             PID  Runtime      # DAGs    # Errors  Last Runtime    Last Run
----------------------------------  -----  ---------  --------  ----------  --------------  -------------------
/opt/airflow/dags/price_etl_dag.py   1767  0.00s             1           0  0.08s           2026-08-24T19:54:07
================================================================================
[2026-08-24T19:55:02.938+0000] {manager.py:737} INFO - Searching for files in /opt/airflow/dags
[2026-08-24T19:55:02.952+0000] {manager.py:740} INFO - There are 1 files in /opt/airflow/dags
[2026-08-24T19:55:07.988+0000] {manager.py:878} INFO - 
================================================================================
DAG File Processing Stats

File Path                             PID  Runtime      # DAGs    # Errors  Last Runtime    Last Run
----------------------------------  -----  ---------  --------  ----------  --------------  -------------------
/opt/airflow/dags/price_etl_dag.py   1772  0.00s             1           0  0.09s           2026-08-24T19:54:37
================================================================================
[2026-08-24T19:55:38.112+0000] {manager.py:878} INFO - 
================================================================================
DAG File Processing Stats

File Path                             PID  Runtime      # DAGs    # Errors  Last Runtime    Last Run
----------------------------------  -----  ---------  --------  ----------  --------------  -------------------
/opt/airflow/dags/price_etl_dag.py   1777  0.00s             1           0  0.09s           2026-08-24T19:55:08
================================================================================
[2026-08-24T19:56:08.277+0000] {manager.py:878} INFO - 
================================================================================
DAG File Processing Stats

File Path                             PID  Runtime      # DAGs    # Errors  Last Runtime    Last Run
----------------------------------  -----  ---------  --------  ----------  --------------  -------------------
/opt/airflow/dags/price_etl_dag.py   1782  0.00s             1           0  0.08s           2026-08-24T19:55:38
================================================================================
[2026-08-24T19:56:38.401+0000] {manager.py:878} INFO - 
================================================================================
DAG File Processing Stats

File Path                             PID  Runtime      # DAGs    # Errors  Last Runtime    Last Run
----------------------------------  -----  ---------  --------  ----------  --------------  -------------------
/opt/airflow/dags/price_etl_dag.py   1787  0.00s             1           0  0.09s           2026-08-24T19:56:08
================================================================================
[2026-08-24T19:57:08.560+0000] {manager.py:878} INFO - 
================================================================================
DAG File Processing Stats

File Path                             PID  Runtime      # DAGs    # Errors  Last Runtime    Last Run
----------------------------------  -----  ---------  --------  ----------  --------------  -------------------
/opt/airflow/dags/price_etl_dag.py   1792  0.00s             1           0  0.09s           2026-08-24T19:56:38
================================================================================
[2026-08-24T19:57:38.680+0000] {manager.py:878} INFO - 
================================================================================
DAG File Processing Stats

File Path                             PID  Runtime      # DAGs    # Errors  Last Runtime    Last Run
----------------------------------  -----  ---------  --------  ----------  --------------  -------------------
/opt/airflow/dags/price_etl_dag.py   1797  0.00s             1           0  0.09s           2026-08-24T19:57:08
================================================================================
[2026-08-24T19:58:08.842+0000] {manager.py:878} INFO - 
================================================================================
DAG File Processing Stats

File Path                             PID  Runtime      # DAGs    # Errors  Last Runtime    Last Run
----------------------------------  -----  ---------  --------  ----------  --------------  -------------------
/opt/airflow/dags/price_etl_dag.py   1802  0.00s             1           0  0.09s           2026-08-24T19:57:38
================================================================================
[2026-08-24T19:58:38.968+0000] {manager.py:878} INFO - 
================================================================================
DAG File Processing Stats

File Path                             PID  Runtime      # DAGs    # Errors  Last Runtime    Last Run
----------------------------------  -----  ---------  --------  ----------  --------------  -------------------
/opt/airflow/dags/price_etl_dag.py   1807  0.00s             1           0  0.08s           2026-08-24T19:58:08
================================================================================
[2026-08-24T19:59:09.123+0000] {manager.py:878} INFO - 
================================================================================
DAG File Processing Stats

File Path                             PID  Runtime      # DAGs    # Errors  Last Runtime    Last Run
----------------------------------  -----  ---------  --------  ----------  --------------  -------------------
/opt/airflow/dags/price_etl_dag.py   1812  0.00s             1           0  0.09s           2026-08-24T19:58:39
================================================================================
[2026-08-24T19:59:39.258+0000] {manager.py:878} INFO - 
================================================================================
DAG File Processing Stats

File Path                             PID  Runtime      # DAGs    # Errors  Last Runtime    Last Run
----------------------------------  -----  ---------  --------  ----------  --------------  -------------------
/opt/airflow/dags/price_etl_dag.py   1817  0.00s             1           0  0.09s           2026-08-24T19:59:09
================================================================================
[2026-08-24T20:00:03.374+0000] {manager.py:737} INFO - Searching for files in /opt/airflow/dags
[2026-08-24T20:00:03.389+0000] {manager.py:740} INFO - There are 1 files in /opt/airflow/dags
[2026-08-24T20:00:09.429+0000] {manager.py:878} INFO - 
================================================================================
DAG File Processing Stats

File Path                             PID  Runtime      # DAGs    # Errors  Last Runtime    Last Run
----------------------------------  -----  ---------  --------  ----------  --------------  -------------------
/opt/airflow/dags/price_etl_dag.py   1822  0.00s             1           0  0.08s           2026-08-24T19:59:39
================================================================================
[2026-08-24T20:00:39.560+0000] {manager.py:878} INFO - 
================================================================================
DAG File Processing Stats

File Path                             PID  Runtime      # DAGs    # Errors  Last Runtime    Last Run
----------------------------------  -----  ---------  --------  ----------  --------------  -------------------
/opt/airflow/dags/price_etl_dag.py   1827  0.00s             1           0  0.09s           2026-08-24T20:00:09
================================================================================
[2026-08-24T20:01:09.711+0000] {manager.py:878} INFO - 
================================================================================
DAG File Processing Stats

File Path                             PID  Runtime      # DAGs    # Errors  Last Runtime    Last Run
----------------------------------  -----  ---------  --------  ----------  --------------  -------------------
/opt/airflow/dags/price_etl_dag.py   1832  0.00s             1           0  0.09s           2026-08-24T20:00:39
================================================================================
[2026-08-24T20:01:39.844+0000] {manager.py:878} INFO - 
================================================================================
DAG File Processing Stats

File Path                             PID  Runtime      # DAGs    # Errors  Last Runtime    Last Run
----------------------------------  -----  ---------  --------  ----------  --------------  -------------------
/opt/airflow/dags/price_etl_dag.py   1837  0.00s             1           0  0.08s           2026-08-24T20:01:09
================================================================================
[2026-08-24T20:01:58.110+0000] {manager.py:452} INFO - Exiting gracefully upon receiving signal 15
[2026-08-25T13:16:53.999+0000] {manager.py:470} INFO - Processing files using up to 2 processes at a time 
[2026-08-25T13:16:54.000+0000] {manager.py:471} INFO - Process each file at most once every 30 seconds
[2026-08-25T13:16:54.001+0000] {manager.py:472} INFO - Checking for new files in /opt/airflow/dags every 300 seconds
[2026-08-25T13:16:54.001+0000] {manager.py:737} INFO - Searching for files in /opt/airflow/dags
[2026-08-25T13:16:54.016+0000] {manager.py:740} INFO - There are 1 files in /opt/airflow/dags
[2026-08-25T13:16:54.080+0000] {manager.py:878} INFO - 
================================================================================
DAG File Processing Stats

File Path                             PID  Runtime      # DAGs    # Errors  Last Runtime    Last Run
----------------------------------  -----  ---------  --------  ----------  --------------  ----------
/opt/airflow/dags/price_etl_dag.py    173  0.03s             0           0
================================================================================
[2026-08-25T13:17:24.199+0000] {manager.py:878} INFO - 
================================================================================
DAG File Processing Stats

File Path                             PID  Runtime      # DAGs    # Errors  Last Runtime    Last Run
----------------------------------  -----  ---------  --------  ----------  --------------  -------------------
/opt/airflow/dags/price_etl_dag.py    494  0.00s             1           0  0.09s           2026-08-25T13:16:54
================================================================================
[2026-08-25T13:17:54.314+0000] {manager.py:878} INFO - 
================================================================================
DAG File Processing Stats

File Path                           PID    Runtime      # DAGs    # Errors  Last Runtime    Last Run
----------------------------------  -----  ---------  --------  ----------  --------------  -------------------
/opt/airflow/dags/price_etl_dag.py                           1           0  0.23s           2026-08-25T13:17:24
================================================================================
[2026-08-25T13:18:24.646+0000] {manager.py:878} INFO - 
================================================================================
DAG File Processing Stats

File Path                             PID  Runtime      # DAGs    # Errors  Last Runtime    Last Run
----------------------------------  -----  ---------  --------  ----------  --------------  -------------------
/opt/airflow/dags/price_etl_dag.py    504  0.00s             1           0  0.07s           2026-08-25T13:17:54
================================================================================
[2026-08-25T13:18:54.783+0000] {manager.py:878} INFO - 
================================================================================
DAG File Processing Stats

File Path                             PID  Runtime      # DAGs    # Errors  Last Runtime    Last Run
----------------------------------  -----  ---------  --------  ----------  --------------  -------------------
/opt/airflow/dags/price_etl_dag.py    509  0.00s             1           0  0.08s           2026-08-25T13:18:24
================================================================================
[2026-08-25T13:19:24.915+0000] {manager.py:878} INFO - 
================================================================================
DAG File Processing Stats

File Path                             PID  Runtime      # DAGs    # Errors  Last Runtime    Last Run
----------------------------------  -----  ---------  --------  ----------  --------------  -------------------
/opt/airflow/dags/price_etl_dag.py    601  0.00s             1           0  0.08s           2026-08-25T13:18:54
================================================================================
[2026-08-25T13:19:55.042+0000] {manager.py:878} INFO - 
================================================================================
DAG File Processing Stats

File Path                           PID    Runtime      # DAGs    # Errors  Last Runtime    Last Run
----------------------------------  -----  ---------  --------  ----------  --------------  -------------------
/opt/airflow/dags/price_etl_dag.py                           1           0  0.17s           2026-08-25T13:19:25
================================================================================
[2026-08-25T13:20:09.201+0000] {manager.py:452} INFO - Exiting gracefully upon receiving signal 15
[2026-08-25T13:20:17.989+0000] {manager.py:470} INFO - Processing files using up to 2 processes at a time 
[2026-08-25T13:20:17.990+0000] {manager.py:471} INFO - Process each file at most once every 30 seconds
[2026-08-25T13:20:17.991+0000] {manager.py:472} INFO - Checking for new files in /opt/airflow/dags every 300 seconds
[2026-08-25T13:20:17.991+0000] {manager.py:737} INFO - Searching for files in /opt/airflow/dags
[2026-08-25T13:20:18.005+0000] {manager.py:740} INFO - There are 1 files in /opt/airflow/dags
[2026-08-25T13:20:18.059+0000] {manager.py:878} INFO - 
================================================================================
DAG File Processing Stats

File Path                             PID  Runtime      # DAGs    # Errors  Last Runtime    Last Run
----------------------------------  -----  ---------  --------  ----------  --------------  ----------
/opt/airflow/dags/price_etl_dag.py    173  0.02s             0           0
================================================================================
[2026-08-25T13:20:48.174+0000] {manager.py:878} INFO - 
================================================================================
DAG File Processing Stats

File Path                             PID  Runtime      # DAGs    # Errors  Last Runtime    Last Run
----------------------------------  -----  ---------  --------  ----------  --------------  -------------------
/opt/airflow/dags/price_etl_dag.py    603  0.00s             1           0  0.13s           2026-08-25T13:20:18
================================================================================
[2026-08-25T13:21:18.353+0000] {manager.py:878} INFO - 
================================================================================
DAG File Processing Stats

File Path                           PID    Runtime      # DAGs    # Errors  Last Runtime    Last Run
----------------------------------  -----  ---------  --------  ----------  --------------  -------------------
/opt/airflow/dags/price_etl_dag.py                           1           0  0.24s           2026-08-25T13:20:48
================================================================================
[2026-08-25T13:21:48.617+0000] {manager.py:878} INFO - 
================================================================================
DAG File Processing Stats

File Path                             PID  Runtime      # DAGs    # Errors  Last Runtime    Last Run
----------------------------------  -----  ---------  --------  ----------  --------------  -------------------
/opt/airflow/dags/price_etl_dag.py    613  0.00s             1           0  0.07s           2026-08-25T13:21:18
================================================================================
[2026-08-25T13:22:18.759+0000] {manager.py:878} INFO - 
================================================================================
DAG File Processing Stats

File Path                             PID  Runtime      # DAGs    # Errors  Last Runtime    Last Run
----------------------------------  -----  ---------  --------  ----------  --------------  -------------------
/opt/airflow/dags/price_etl_dag.py    618  0.00s             1           0  0.07s           2026-08-25T13:21:48
================================================================================
[2026-08-25T13:22:48.885+0000] {manager.py:878} INFO - 
================================================================================
DAG File Processing Stats

File Path                             PID  Runtime      # DAGs    # Errors  Last Runtime    Last Run
----------------------------------  -----  ---------  --------  ----------  --------------  -------------------
/opt/airflow/dags/price_etl_dag.py    623  0.00s             1           0  0.07s           2026-08-25T13:22:18
================================================================================
[2026-08-25T13:23:19.004+0000] {manager.py:878} INFO - 
================================================================================
DAG File Processing Stats

File Path                           PID    Runtime      # DAGs    # Errors  Last Runtime    Last Run
----------------------------------  -----  ---------  --------  ----------  --------------  -------------------
/opt/airflow/dags/price_etl_dag.py                           1           0  0.18s           2026-08-25T13:22:49
================================================================================
[2026-08-25T13:23:49.249+0000] {manager.py:878} INFO - 
================================================================================
DAG File Processing Stats

File Path                           PID    Runtime      # DAGs    # Errors  Last Runtime    Last Run
----------------------------------  -----  ---------  --------  ----------  --------------  -------------------
/opt/airflow/dags/price_etl_dag.py                           1           0  0.16s           2026-08-25T13:23:19
================================================================================
[2026-08-25T13:24:19.496+0000] {manager.py:878} INFO - 
================================================================================
DAG File Processing Stats

File Path                           PID    Runtime      # DAGs    # Errors  Last Runtime    Last Run
----------------------------------  -----  ---------  --------  ----------  --------------  -------------------
/opt/airflow/dags/price_etl_dag.py                           1           0  0.15s           2026-08-25T13:23:49
================================================================================
[2026-08-25T13:24:49.729+0000] {manager.py:878} INFO - 
================================================================================
DAG File Processing Stats

File Path                           PID    Runtime      # DAGs    # Errors  Last Runtime    Last Run
----------------------------------  -----  ---------  --------  ----------  --------------  -------------------
/opt/airflow/dags/price_etl_dag.py                           1           0  0.17s           2026-08-25T13:24:19
================================================================================
[2026-08-25T13:25:18.062+0000] {manager.py:737} INFO - Searching for files in /opt/airflow/dags
[2026-08-25T13:25:18.077+0000] {manager.py:740} INFO - There are 1 files in /opt/airflow/dags
[2026-08-25T13:25:20.100+0000] {manager.py:878} INFO - 
================================================================================
DAG File Processing Stats

File Path                             PID  Runtime      # DAGs    # Errors  Last Runtime    Last Run
----------------------------------  -----  ---------  --------  ----------  --------------  -------------------
/opt/airflow/dags/price_etl_dag.py    648  0.00s             1           0  0.09s           2026-08-25T13:24:50
================================================================================
[2026-08-25T13:25:50.239+0000] {manager.py:878} INFO - 
================================================================================
DAG File Processing Stats

File Path                             PID  Runtime      # DAGs    # Errors  Last Runtime    Last Run
----------------------------------  -----  ---------  --------  ----------  --------------  -------------------
/opt/airflow/dags/price_etl_dag.py   1037  0.00s             1           0  0.09s           2026-08-25T13:25:20
================================================================================
[2026-08-25T13:26:20.373+0000] {manager.py:878} INFO - 
================================================================================
DAG File Processing Stats

File Path                             PID  Runtime      # DAGs    # Errors  Last Runtime    Last Run
----------------------------------  -----  ---------  --------  ----------  --------------  -------------------
/opt/airflow/dags/price_etl_dag.py   1042  0.00s             1           0  0.07s           2026-08-25T13:25:50
================================================================================
[2026-08-25T13:26:50.508+0000] {manager.py:878} INFO - 
================================================================================
DAG File Processing Stats

File Path                             PID  Runtime      # DAGs    # Errors  Last Runtime    Last Run
----------------------------------  -----  ---------  --------  ----------  --------------  -------------------
/opt/airflow/dags/price_etl_dag.py   1244  0.00s             1           0  0.07s           2026-08-25T13:26:20
================================================================================
[2026-08-25T13:27:20.636+0000] {manager.py:878} INFO - 
================================================================================
DAG File Processing Stats

File Path                             PID  Runtime      # DAGs    # Errors  Last Runtime    Last Run
----------------------------------  -----  ---------  --------  ----------  --------------  -------------------
/opt/airflow/dags/price_etl_dag.py   1249  0.00s             1           0  0.07s           2026-08-25T13:26:50
================================================================================
[2026-08-25T13:27:50.773+0000] {manager.py:878} INFO - 
================================================================================
DAG File Processing Stats

File Path                             PID  Runtime      # DAGs    # Errors  Last Runtime    Last Run
----------------------------------  -----  ---------  --------  ----------  --------------  -------------------
/opt/airflow/dags/price_etl_dag.py   1254  0.00s             1           0  0.09s           2026-08-25T13:27:20
================================================================================
[2026-08-25T13:28:20.916+0000] {manager.py:878} INFO - 
================================================================================
DAG File Processing Stats

File Path                             PID  Runtime      # DAGs    # Errors  Last Runtime    Last Run
----------------------------------  -----  ---------  --------  ----------  --------------  -------------------
/opt/airflow/dags/price_etl_dag.py   1456  0.00s             1           0  0.07s           2026-08-25T13:27:50
================================================================================
[2026-08-25T13:28:51.044+0000] {manager.py:878} INFO - 
================================================================================
DAG File Processing Stats

File Path                             PID  Runtime      # DAGs    # Errors  Last Runtime    Last Run
----------------------------------  -----  ---------  --------  ----------  --------------  -------------------
/opt/airflow/dags/price_etl_dag.py   1461  0.00s             1           0  0.08s           2026-08-25T13:28:20
================================================================================
[2026-08-25T13:29:21.190+0000] {manager.py:878} INFO - 
================================================================================
DAG File Processing Stats

File Path                             PID  Runtime      # DAGs    # Errors  Last Runtime    Last Run
----------------------------------  -----  ---------  --------  ----------  --------------  -------------------
/opt/airflow/dags/price_etl_dag.py   1466  0.00s             1           0  0.08s           2026-08-25T13:28:51
================================================================================
[2026-08-25T13:29:51.310+0000] {manager.py:878} INFO - 
================================================================================
DAG File Processing Stats

File Path                             PID  Runtime      # DAGs    # Errors  Last Runtime    Last Run
----------------------------------  -----  ---------  --------  ----------  --------------  -------------------
/opt/airflow/dags/price_etl_dag.py   1471  0.00s             1           0  0.09s           2026-08-25T13:29:21
================================================================================
[2026-08-25T13:30:18.449+0000] {manager.py:737} INFO - Searching for files in /opt/airflow/dags
[2026-08-25T13:30:18.463+0000] {manager.py:740} INFO - There are 1 files in /opt/airflow/dags
[2026-08-25T13:30:21.490+0000] {manager.py:878} INFO - 
================================================================================
DAG File Processing Stats

File Path                             PID  Runtime      # DAGs    # Errors  Last Runtime    Last Run
----------------------------------  -----  ---------  --------  ----------  --------------  -------------------
/opt/airflow/dags/price_etl_dag.py   1476  0.00s             1           0  0.08s           2026-08-25T13:29:51
================================================================================
[2026-08-25T13:30:51.622+0000] {manager.py:878} INFO - 
================================================================================
DAG File Processing Stats

File Path                             PID  Runtime      # DAGs    # Errors  Last Runtime    Last Run
----------------------------------  -----  ---------  --------  ----------  --------------  -------------------
/opt/airflow/dags/price_etl_dag.py   1887  0.00s             1           0  0.08s           2026-08-25T13:30:21
================================================================================
[2026-08-25T13:31:21.768+0000] {manager.py:878} INFO - 
================================================================================
DAG File Processing Stats

File Path                             PID  Runtime      # DAGs    # Errors  Last Runtime    Last Run
----------------------------------  -----  ---------  --------  ----------  --------------  -------------------
/opt/airflow/dags/price_etl_dag.py   2347  0.00s             1           0  0.07s           2026-08-25T13:30:51
================================================================================
[2026-08-25T13:31:51.896+0000] {manager.py:878} INFO - 
================================================================================
DAG File Processing Stats

File Path                             PID  Runtime      # DAGs    # Errors  Last Runtime    Last Run
----------------------------------  -----  ---------  --------  ----------  --------------  -------------------
/opt/airflow/dags/price_etl_dag.py   2352  0.00s             1           0  0.07s           2026-08-25T13:31:21
================================================================================
[2026-08-25T13:32:22.034+0000] {manager.py:878} INFO - 
================================================================================
DAG File Processing Stats

File Path                             PID  Runtime      # DAGs    # Errors  Last Runtime    Last Run
----------------------------------  -----  ---------  --------  ----------  --------------  -------------------
/opt/airflow/dags/price_etl_dag.py   2357  0.00s             1           0  0.07s           2026-08-25T13:31:51
================================================================================
[2026-08-25T13:32:52.156+0000] {manager.py:878} INFO - 
================================================================================
DAG File Processing Stats

File Path                             PID  Runtime      # DAGs    # Errors  Last Runtime    Last Run
----------------------------------  -----  ---------  --------  ----------  --------------  -------------------
/opt/airflow/dags/price_etl_dag.py   2362  0.00s             1           0  0.07s           2026-08-25T13:32:22
================================================================================
[2026-08-25T13:33:22.300+0000] {manager.py:878} INFO - 
================================================================================
DAG File Processing Stats

File Path                             PID  Runtime      # DAGs    # Errors  Last Runtime    Last Run
----------------------------------  -----  ---------  --------  ----------  --------------  -------------------
/opt/airflow/dags/price_etl_dag.py   2367  0.00s             1           0  0.07s           2026-08-25T13:32:52
================================================================================
[2026-08-25T13:33:52.428+0000] {manager.py:878} INFO - 
================================================================================
DAG File Processing Stats

File Path                             PID  Runtime      # DAGs    # Errors  Last Runtime    Last Run
----------------------------------  -----  ---------  --------  ----------  --------------  -------------------
/opt/airflow/dags/price_etl_dag.py   2372  0.00s             1           0  0.07s           2026-08-25T13:33:22
================================================================================
[2026-08-25T13:34:22.567+0000] {manager.py:878} INFO - 
================================================================================
DAG File Processing Stats

File Path                             PID  Runtime      # DAGs    # Errors  Last Runtime    Last Run
----------------------------------  -----  ---------  --------  ----------  --------------  -------------------
/opt/airflow/dags/price_etl_dag.py   2399  0.00s             1           0  0.07s           2026-08-25T13:33:52
================================================================================
[2026-08-25T13:34:52.694+0000] {manager.py:878} INFO - 
================================================================================
DAG File Processing Stats

File Path                             PID  Runtime      # DAGs    # Errors  Last Runtime    Last Run
----------------------------------  -----  ---------  --------  ----------  --------------  -------------------
/opt/airflow/dags/price_etl_dag.py   2520  0.00s             1           0  0.09s           2026-08-25T13:34:22
================================================================================
[2026-08-25T13:35:18.823+0000] {manager.py:737} INFO - Searching for files in /opt/airflow/dags
[2026-08-25T13:35:18.839+0000] {manager.py:740} INFO - There are 1 files in /opt/airflow/dags
[2026-08-25T13:35:22.871+0000] {manager.py:878} INFO - 
================================================================================
DAG File Processing Stats

File Path                             PID  Runtime      # DAGs    # Errors  Last Runtime    Last Run
----------------------------------  -----  ---------  --------  ----------  --------------  -------------------
/opt/airflow/dags/price_etl_dag.py   2525  0.00s             1           0  0.07s           2026-08-25T13:34:52
================================================================================
[2026-08-25T13:35:53.000+0000] {manager.py:878} INFO - 
================================================================================
DAG File Processing Stats

File Path                             PID  Runtime      # DAGs    # Errors  Last Runtime    Last Run
----------------------------------  -----  ---------  --------  ----------  --------------  -------------------
/opt/airflow/dags/price_etl_dag.py   2530  0.00s             1           0  0.07s           2026-08-25T13:35:22
================================================================================
[2026-08-25T13:36:23.133+0000] {manager.py:878} INFO - 
================================================================================
DAG File Processing Stats

File Path                             PID  Runtime      # DAGs    # Errors  Last Runtime    Last Run
----------------------------------  -----  ---------  --------  ----------  --------------  -------------------
/opt/airflow/dags/price_etl_dag.py   2595  0.00s             1           0  0.07s           2026-08-25T13:35:53
================================================================================
[2026-08-25T13:36:48.157+0000] {manager.py:452} INFO - Exiting gracefully upon receiving signal 15
[2026-08-25T13:36:56.564+0000] {manager.py:470} INFO - Processing files using up to 2 processes at a time 
[2026-08-25T13:36:56.565+0000] {manager.py:471} INFO - Process each file at most once every 30 seconds
[2026-08-25T13:36:56.565+0000] {manager.py:472} INFO - Checking for new files in /opt/airflow/dags every 300 seconds
[2026-08-25T13:36:56.566+0000] {manager.py:737} INFO - Searching for files in /opt/airflow/dags
[2026-08-25T13:36:56.580+0000] {manager.py:740} INFO - There are 1 files in /opt/airflow/dags
[2026-08-25T13:36:56.624+0000] {manager.py:878} INFO - 
================================================================================
DAG File Processing Stats

File Path                             PID  Runtime      # DAGs    # Errors  Last Runtime    Last Run
----------------------------------  -----  ---------  --------  ----------  --------------  ----------
/opt/airflow/dags/price_etl_dag.py    198  0.02s             0           0
================================================================================
[2026-08-25T13:37:26.743+0000] {manager.py:878} INFO - 
================================================================================
DAG File Processing Stats

File Path                             PID  Runtime      # DAGs    # Errors  Last Runtime    Last Run
----------------------------------  -----  ---------  --------  ----------  --------------  -------------------
/opt/airflow/dags/price_etl_dag.py    272  0.00s             1           0  0.07s           2026-08-25T13:36:56
================================================================================
[2026-08-25T13:37:56.854+0000] {manager.py:878} INFO - 
================================================================================
DAG File Processing Stats

File Path                           PID    Runtime      # DAGs    # Errors  Last Runtime    Last Run
----------------------------------  -----  ---------  --------  ----------  --------------  -------------------
/opt/airflow/dags/price_etl_dag.py                           1           0  0.27s           2026-08-25T13:37:27
================================================================================
[2026-08-25T13:38:27.226+0000] {manager.py:878} INFO - 
================================================================================
DAG File Processing Stats

File Path                             PID  Runtime      # DAGs    # Errors  Last Runtime    Last Run
----------------------------------  -----  ---------  --------  ----------  --------------  -------------------
/opt/airflow/dags/price_etl_dag.py    282  0.00s             1           0  0.09s           2026-08-25T13:37:57
================================================================================
[2026-08-25T13:38:47.696+0000] {manager.py:452} INFO - Exiting gracefully upon receiving signal 15
[2026-08-25T13:38:56.132+0000] {manager.py:470} INFO - Processing files using up to 2 processes at a time 
[2026-08-25T13:38:56.133+0000] {manager.py:471} INFO - Process each file at most once every 30 seconds
[2026-08-25T13:38:56.133+0000] {manager.py:472} INFO - Checking for new files in /opt/airflow/dags every 300 seconds
[2026-08-25T13:38:56.134+0000] {manager.py:737} INFO - Searching for files in /opt/airflow/dags
[2026-08-25T13:38:56.148+0000] {manager.py:740} INFO - There are 1 files in /opt/airflow/dags
[2026-08-25T13:38:56.190+0000] {manager.py:878} INFO - 
================================================================================
DAG File Processing Stats

File Path                             PID  Runtime      # DAGs    # Errors  Last Runtime    Last Run
----------------------------------  -----  ---------  --------  ----------  --------------  ----------
/opt/airflow/dags/price_etl_dag.py    198  0.01s             0           0
================================================================================
[2026-08-25T13:39:26.309+0000] {manager.py:878} INFO - 
================================================================================
DAG File Processing Stats

File Path                             PID  Runtime      # DAGs    # Errors  Last Runtime    Last Run
----------------------------------  -----  ---------  --------  ----------  --------------  -------------------
/opt/airflow/dags/price_etl_dag.py    237  0.00s             1           0  0.07s           2026-08-25T13:38:56
================================================================================
[2026-08-25T13:39:56.420+0000] {manager.py:878} INFO - 
================================================================================
DAG File Processing Stats

File Path                           PID    Runtime      # DAGs    # Errors  Last Runtime    Last Run
----------------------------------  -----  ---------  --------  ----------  --------------  -------------------
/opt/airflow/dags/price_etl_dag.py                           1           0  0.24s           2026-08-25T13:39:26
================================================================================
[2026-08-25T13:40:26.766+0000] {manager.py:878} INFO - 
================================================================================
DAG File Processing Stats

File Path                             PID  Runtime      # DAGs    # Errors  Last Runtime    Last Run
----------------------------------  -----  ---------  --------  ----------  --------------  -------------------
/opt/airflow/dags/price_etl_dag.py    247  0.00s             1           0  0.08s           2026-08-25T13:39:56
================================================================================
[2026-08-25T13:40:56.908+0000] {manager.py:878} INFO - 
================================================================================
DAG File Processing Stats

File Path                             PID  Runtime      # DAGs    # Errors  Last Runtime    Last Run
----------------------------------  -----  ---------  --------  ----------  --------------  -------------------
/opt/airflow/dags/price_etl_dag.py    252  0.00s             1           0  0.09s           2026-08-25T13:40:26
================================================================================
[2026-08-25T13:41:27.033+0000] {manager.py:878} INFO - 
================================================================================
DAG File Processing Stats

File Path                             PID  Runtime      # DAGs    # Errors  Last Runtime    Last Run
----------------------------------  -----  ---------  --------  ----------  --------------  -------------------
/opt/airflow/dags/price_etl_dag.py    257  0.00s             1           0  0.08s           2026-08-25T13:40:56
================================================================================
[2026-08-25T13:41:57.166+0000] {manager.py:878} INFO - 
================================================================================
DAG File Processing Stats

File Path                             PID  Runtime      # DAGs    # Errors  Last Runtime    Last Run
----------------------------------  -----  ---------  --------  ----------  --------------  -------------------
/opt/airflow/dags/price_etl_dag.py    262  0.00s             1           0  0.08s           2026-08-25T13:41:27
================================================================================
[2026-08-25T13:42:27.287+0000] {manager.py:878} INFO - 
================================================================================
DAG File Processing Stats

File Path                           PID    Runtime      # DAGs    # Errors  Last Runtime    Last Run
----------------------------------  -----  ---------  --------  ----------  --------------  -------------------
/opt/airflow/dags/price_etl_dag.py                           1           0  0.17s           2026-08-25T13:41:57
================================================================================
[2026-08-25T13:42:57.523+0000] {manager.py:878} INFO - 
================================================================================
DAG File Processing Stats

File Path                           PID    Runtime      # DAGs    # Errors  Last Runtime    Last Run
----------------------------------  -----  ---------  --------  ----------  --------------  -------------------
/opt/airflow/dags/price_etl_dag.py                           1           0  0.16s           2026-08-25T13:42:27
================================================================================
[2026-08-25T13:43:27.768+0000] {manager.py:878} INFO - 
================================================================================
DAG File Processing Stats

File Path                           PID    Runtime      # DAGs    # Errors  Last Runtime    Last Run
----------------------------------  -----  ---------  --------  ----------  --------------  -------------------
/opt/airflow/dags/price_etl_dag.py                           1           0  0.18s           2026-08-25T13:42:57
================================================================================
[2026-08-25T13:43:56.158+0000] {manager.py:737} INFO - Searching for files in /opt/airflow/dags
[2026-08-25T13:43:56.174+0000] {manager.py:740} INFO - There are 1 files in /opt/airflow/dags
[2026-08-25T13:43:58.116+0000] {manager.py:878} INFO - 
================================================================================
DAG File Processing Stats

File Path                             PID  Runtime      # DAGs    # Errors  Last Runtime    Last Run
----------------------------------  -----  ---------  --------  ----------  --------------  -------------------
/opt/airflow/dags/price_etl_dag.py    282  0.00s             1           0  0.17s           2026-08-25T13:43:28
================================================================================
[2026-08-25T13:44:28.309+0000] {manager.py:878} INFO - 
================================================================================
DAG File Processing Stats

File Path                             PID  Runtime      # DAGs    # Errors  Last Runtime    Last Run
----------------------------------  -----  ---------  --------  ----------  --------------  -------------------
/opt/airflow/dags/price_etl_dag.py    287  0.00s             1           0  0.10s           2026-08-25T13:43:58
================================================================================
[2026-08-25T13:44:58.435+0000] {manager.py:878} INFO - 
================================================================================
DAG File Processing Stats

File Path                             PID  Runtime      # DAGs    # Errors  Last Runtime    Last Run
----------------------------------  -----  ---------  --------  ----------  --------------  -------------------
/opt/airflow/dags/price_etl_dag.py    292  0.00s             1           0  0.09s           2026-08-25T13:44:28
================================================================================
[2026-08-25T13:45:28.588+0000] {manager.py:878} INFO - 
================================================================================
DAG File Processing Stats

File Path                             PID  Runtime      # DAGs    # Errors  Last Runtime    Last Run
----------------------------------  -----  ---------  --------  ----------  --------------  -------------------
/opt/airflow/dags/price_etl_dag.py    297  0.00s             1           0  0.10s           2026-08-25T13:44:58
================================================================================
[2026-08-25T13:45:58.709+0000] {manager.py:878} INFO - 
================================================================================
DAG File Processing Stats

File Path                             PID  Runtime      # DAGs    # Errors  Last Runtime    Last Run
----------------------------------  -----  ---------  --------  ----------  --------------  -------------------
/opt/airflow/dags/price_etl_dag.py    302  0.00s             1           0  0.09s           2026-08-25T13:45:28
================================================================================
[2026-08-25T13:46:28.864+0000] {manager.py:878} INFO - 
================================================================================
DAG File Processing Stats

File Path                             PID  Runtime      # DAGs    # Errors  Last Runtime    Last Run
----------------------------------  -----  ---------  --------  ----------  --------------  -------------------
/opt/airflow/dags/price_etl_dag.py    307  0.00s             1           0  0.09s           2026-08-25T13:45:58
================================================================================
[2026-08-25T13:46:58.985+0000] {manager.py:878} INFO - 
================================================================================
DAG File Processing Stats

File Path                             PID  Runtime      # DAGs    # Errors  Last Runtime    Last Run
----------------------------------  -----  ---------  --------  ----------  --------------  -------------------
/opt/airflow/dags/price_etl_dag.py    312  0.00s             1           0  0.09s           2026-08-25T13:46:28
================================================================================
[2026-08-25T13:47:29.138+0000] {manager.py:878} INFO - 
================================================================================
DAG File Processing Stats

File Path                             PID  Runtime      # DAGs    # Errors  Last Runtime    Last Run
----------------------------------  -----  ---------  --------  ----------  --------------  -------------------
/opt/airflow/dags/price_etl_dag.py    317  0.00s             1           0  0.09s           2026-08-25T13:46:59
================================================================================
[2026-08-25T13:47:59.266+0000] {manager.py:878} INFO - 
================================================================================
DAG File Processing Stats

File Path                             PID  Runtime      # DAGs    # Errors  Last Runtime    Last Run
----------------------------------  -----  ---------  --------  ----------  --------------  -------------------
/opt/airflow/dags/price_etl_dag.py    322  0.00s             1           0  0.09s           2026-08-25T13:47:29
================================================================================
[2026-08-25T13:48:29.419+0000] {manager.py:878} INFO - 
================================================================================
DAG File Processing Stats

File Path                             PID  Runtime      # DAGs    # Errors  Last Runtime    Last Run
----------------------------------  -----  ---------  --------  ----------  --------------  -------------------
/opt/airflow/dags/price_etl_dag.py    327  0.00s             1           0  0.09s           2026-08-25T13:47:59
================================================================================
[2026-08-25T13:48:56.526+0000] {manager.py:737} INFO - Searching for files in /opt/airflow/dags
[2026-08-25T13:48:56.540+0000] {manager.py:740} INFO - There are 1 files in /opt/airflow/dags
[2026-08-25T13:48:59.564+0000] {manager.py:878} INFO - 
================================================================================
DAG File Processing Stats

File Path                             PID  Runtime      # DAGs    # Errors  Last Runtime    Last Run
----------------------------------  -----  ---------  --------  ----------  --------------  -------------------
/opt/airflow/dags/price_etl_dag.py    332  0.00s             1           0  0.09s           2026-08-25T13:48:29
================================================================================
[2026-08-25T13:49:29.698+0000] {manager.py:878} INFO - 
================================================================================
DAG File Processing Stats

File Path                             PID  Runtime      # DAGs    # Errors  Last Runtime    Last Run
----------------------------------  -----  ---------  --------  ----------  --------------  -------------------
/opt/airflow/dags/price_etl_dag.py    337  0.00s             1           0  0.08s           2026-08-25T13:48:59
================================================================================
[2026-08-25T13:49:59.831+0000] {manager.py:878} INFO - 
================================================================================
DAG File Processing Stats

File Path                             PID  Runtime      # DAGs    # Errors  Last Runtime    Last Run
----------------------------------  -----  ---------  --------  ----------  --------------  -------------------
/opt/airflow/dags/price_etl_dag.py    342  0.00s             1           0  0.08s           2026-08-25T13:49:29
================================================================================
[2026-08-25T13:50:29.963+0000] {manager.py:878} INFO - 
================================================================================
DAG File Processing Stats

File Path                             PID  Runtime      # DAGs    # Errors  Last Runtime    Last Run
----------------------------------  -----  ---------  --------  ----------  --------------  -------------------
/opt/airflow/dags/price_etl_dag.py    347  0.00s             1           0  0.07s           2026-08-25T13:49:59
================================================================================
[2026-08-25T13:51:00.094+0000] {manager.py:878} INFO - 
================================================================================
DAG File Processing Stats

File Path                             PID  Runtime      # DAGs    # Errors  Last Runtime    Last Run
----------------------------------  -----  ---------  --------  ----------  --------------  -------------------
/opt/airflow/dags/price_etl_dag.py    352  0.00s             1           0  0.07s           2026-08-25T13:50:30
================================================================================
[2026-08-25T13:51:30.236+0000] {manager.py:878} INFO - 
================================================================================
DAG File Processing Stats

File Path                             PID  Runtime      # DAGs    # Errors  Last Runtime    Last Run
----------------------------------  -----  ---------  --------  ----------  --------------  -------------------
/opt/airflow/dags/price_etl_dag.py    357  0.00s             1           0  0.07s           2026-08-25T13:51:00
================================================================================
[2026-08-25T13:52:00.366+0000] {manager.py:878} INFO - 
================================================================================
DAG File Processing Stats

File Path                             PID  Runtime      # DAGs    # Errors  Last Runtime    Last Run
----------------------------------  -----  ---------  --------  ----------  --------------  -------------------
/opt/airflow/dags/price_etl_dag.py    362  0.00s             1           0  0.07s           2026-08-25T13:51:30
================================================================================
[2026-08-25T13:52:30.496+0000] {manager.py:878} INFO - 
================================================================================
DAG File Processing Stats

File Path                             PID  Runtime      # DAGs    # Errors  Last Runtime    Last Run
----------------------------------  -----  ---------  --------  ----------  --------------  -------------------
/opt/airflow/dags/price_etl_dag.py    367  0.00s             1           0  0.08s           2026-08-25T13:52:00
================================================================================
[2026-08-25T13:53:00.638+0000] {manager.py:878} INFO - 
================================================================================
DAG File Processing Stats

File Path                             PID  Runtime      # DAGs    # Errors  Last Runtime    Last Run
----------------------------------  -----  ---------  --------  ----------  --------------  -------------------
/opt/airflow/dags/price_etl_dag.py    372  0.00s             1           0  0.08s           2026-08-25T13:52:30
================================================================================
[2026-08-25T13:53:30.767+0000] {manager.py:878} INFO - 
================================================================================
DAG File Processing Stats

File Path                             PID  Runtime      # DAGs    # Errors  Last Runtime    Last Run
----------------------------------  -----  ---------  --------  ----------  --------------  -------------------
/opt/airflow/dags/price_etl_dag.py    377  0.00s             1           0  0.09s           2026-08-25T13:53:00
================================================================================
[2026-08-25T13:53:56.902+0000] {manager.py:737} INFO - Searching for files in /opt/airflow/dags
[2026-08-25T13:53:56.920+0000] {manager.py:740} INFO - There are 1 files in /opt/airflow/dags
[2026-08-25T13:54:00.965+0000] {manager.py:878} INFO - 
================================================================================
DAG File Processing Stats

File Path                             PID  Runtime      # DAGs    # Errors  Last Runtime    Last Run
----------------------------------  -----  ---------  --------  ----------  --------------  -------------------
/opt/airflow/dags/price_etl_dag.py    382  0.00s             1           0  0.09s           2026-08-25T13:53:30
================================================================================
[2026-08-25T13:54:09.057+0000] {manager.py:452} INFO - Exiting gracefully upon receiving signal 15
[2026-08-25T13:54:18.696+0000] {manager.py:470} INFO - Processing files using up to 2 processes at a time 
[2026-08-25T13:54:18.696+0000] {manager.py:471} INFO - Process each file at most once every 30 seconds
[2026-08-25T13:54:18.697+0000] {manager.py:472} INFO - Checking for new files in /opt/airflow/dags every 300 seconds
[2026-08-25T13:54:18.697+0000] {manager.py:737} INFO - Searching for files in /opt/airflow/dags
[2026-08-25T13:54:18.711+0000] {manager.py:740} INFO - There are 1 files in /opt/airflow/dags
[2026-08-25T13:54:18.752+0000] {manager.py:878} INFO - 
================================================================================
DAG File Processing Stats

File Path                             PID  Runtime      # DAGs    # Errors  Last Runtime    Last Run
----------------------------------  -----  ---------  --------  ----------  --------------  ----------
/opt/airflow/dags/price_etl_dag.py    202  0.02s             0           0
================================================================================
[2026-08-25T13:54:48.873+0000] {manager.py:878} INFO - 
================================================================================
DAG File Processing Stats

File Path                             PID  Runtime      # DAGs    # Errors  Last Runtime    Last Run
----------------------------------  -----  ---------  --------  ----------  --------------  -------------------
/opt/airflow/dags/price_etl_dag.py    207  0.00s             1           0  0.07s           2026-08-25T13:54:18
================================================================================
[2026-08-25T13:55:18.991+0000] {manager.py:878} INFO - 
================================================================================
DAG File Processing Stats

File Path                           PID    Runtime      # DAGs    # Errors  Last Runtime    Last Run
----------------------------------  -----  ---------  --------  ----------  --------------  -------------------
/opt/airflow/dags/price_etl_dag.py                           1           0  0.20s           2026-08-25T13:54:49
================================================================================
[2026-08-25T13:55:49.279+0000] {manager.py:878} INFO - 
================================================================================
DAG File Processing Stats

File Path                             PID  Runtime      # DAGs    # Errors  Last Runtime    Last Run
----------------------------------  -----  ---------  --------  ----------  --------------  -------------------
/opt/airflow/dags/price_etl_dag.py    217  0.00s             1           0  0.07s           2026-08-25T13:55:19
================================================================================
[2026-08-25T13:56:19.418+0000] {manager.py:878} INFO - 
================================================================================
DAG File Processing Stats

File Path                             PID  Runtime      # DAGs    # Errors  Last Runtime    Last Run
----------------------------------  -----  ---------  --------  ----------  --------------  -------------------
/opt/airflow/dags/price_etl_dag.py    222  0.00s             1           0  0.13s           2026-08-25T13:55:49
================================================================================
[2026-08-25T13:56:49.595+0000] {manager.py:878} INFO - 
================================================================================
DAG File Processing Stats

File Path                             PID  Runtime      # DAGs    # Errors  Last Runtime    Last Run
----------------------------------  -----  ---------  --------  ----------  --------------  -------------------
/opt/airflow/dags/price_etl_dag.py    227  0.00s             1           0  0.13s           2026-08-25T13:56:19
================================================================================
[2026-08-25T15:59:58.648+0000] {manager.py:737} INFO - Searching for files in /opt/airflow/dags
[2026-08-25T15:59:58.662+0000] {manager.py:740} INFO - There are 1 files in /opt/airflow/dags
[2026-08-25T16:00:03.759+0000] {manager.py:878} INFO - 
================================================================================
DAG File Processing Stats

File Path                           PID    Runtime      # DAGs    # Errors  Last Runtime    Last Run
----------------------------------  -----  ---------  --------  ----------  --------------  -------------------
/opt/airflow/dags/price_etl_dag.py                           1           0  0.14s           2026-08-25T15:59:58
================================================================================
[2026-08-25T16:00:33.903+0000] {manager.py:878} INFO - 
================================================================================
DAG File Processing Stats

File Path                           PID    Runtime      # DAGs    # Errors  Last Runtime    Last Run
----------------------------------  -----  ---------  --------  ----------  --------------  -------------------
/opt/airflow/dags/price_etl_dag.py                           1           0  0.14s           2026-08-25T16:00:29
================================================================================
[2026-08-25T16:01:04.158+0000] {manager.py:878} INFO - 
================================================================================
DAG File Processing Stats

File Path                           PID    Runtime      # DAGs    # Errors  Last Runtime    Last Run
----------------------------------  -----  ---------  --------  ----------  --------------  -------------------
/opt/airflow/dags/price_etl_dag.py                           1           0  0.08s           2026-08-25T16:00:59
================================================================================
[2026-08-25T16:01:34.303+0000] {manager.py:878} INFO - 
================================================================================
DAG File Processing Stats

File Path                           PID    Runtime      # DAGs    # Errors  Last Runtime    Last Run
----------------------------------  -----  ---------  --------  ----------  --------------  -------------------
/opt/airflow/dags/price_etl_dag.py                           1           0  0.09s           2026-08-25T16:01:29
================================================================================
[2026-08-25T16:02:04.442+0000] {manager.py:878} INFO - 
================================================================================
DAG File Processing Stats

File Path                           PID    Runtime      # DAGs    # Errors  Last Runtime    Last Run
----------------------------------  -----  ---------  --------  ----------  --------------  -------------------
/opt/airflow/dags/price_etl_dag.py                           1           0  0.09s           2026-08-25T16:01:59
================================================================================
[2026-08-25T16:02:34.598+0000] {manager.py:878} INFO - 
================================================================================
DAG File Processing Stats

File Path                           PID    Runtime      # DAGs    # Errors  Last Runtime    Last Run
----------------------------------  -----  ---------  --------  ----------  --------------  -------------------
/opt/airflow/dags/price_etl_dag.py                           1           0  0.09s           2026-08-25T16:02:29
================================================================================
[2026-08-25T16:03:04.727+0000] {manager.py:878} INFO - 
================================================================================
DAG File Processing Stats

File Path                           PID    Runtime      # DAGs    # Errors  Last Runtime    Last Run
----------------------------------  -----  ---------  --------  ----------  --------------  -------------------
/opt/airflow/dags/price_etl_dag.py                           1           0  0.08s           2026-08-25T16:02:59
================================================================================
[2026-08-25T16:03:34.878+0000] {manager.py:878} INFO - 
================================================================================
DAG File Processing Stats

File Path                           PID    Runtime      # DAGs    # Errors  Last Runtime    Last Run
----------------------------------  -----  ---------  --------  ----------  --------------  -------------------
/opt/airflow/dags/price_etl_dag.py                           1           0  0.08s           2026-08-25T16:03:29
================================================================================
[2026-08-25T16:04:05.011+0000] {manager.py:878} INFO - 
================================================================================
DAG File Processing Stats

File Path                           PID    Runtime      # DAGs    # Errors  Last Runtime    Last Run
----------------------------------  -----  ---------  --------  ----------  --------------  -------------------
/opt/airflow/dags/price_etl_dag.py                           1           0  0.09s           2026-08-25T16:04:00
================================================================================
[2026-08-25T16:04:35.157+0000] {manager.py:878} INFO - 
================================================================================
DAG File Processing Stats

File Path                           PID    Runtime      # DAGs    # Errors  Last Runtime    Last Run
----------------------------------  -----  ---------  --------  ----------  --------------  -------------------
/opt/airflow/dags/price_etl_dag.py                           1           0  0.08s           2026-08-25T16:04:30
================================================================================
[2026-08-25T16:04:59.250+0000] {manager.py:737} INFO - Searching for files in /opt/airflow/dags
[2026-08-25T16:04:59.264+0000] {manager.py:740} INFO - There are 1 files in /opt/airflow/dags
[2026-08-25T16:05:05.306+0000] {manager.py:878} INFO - 
================================================================================
DAG File Processing Stats

File Path                           PID    Runtime      # DAGs    # Errors  Last Runtime    Last Run
----------------------------------  -----  ---------  --------  ----------  --------------  -------------------
/opt/airflow/dags/price_etl_dag.py                           1           0  0.09s           2026-08-25T16:05:00
================================================================================
[2026-08-25T16:05:35.460+0000] {manager.py:878} INFO - 
================================================================================
DAG File Processing Stats

File Path                           PID    Runtime      # DAGs    # Errors  Last Runtime    Last Run
----------------------------------  -----  ---------  --------  ----------  --------------  -------------------
/opt/airflow/dags/price_etl_dag.py                           1           0  0.07s           2026-08-25T16:05:30
================================================================================
[2026-08-25T16:05:59.638+0000] {manager.py:452} INFO - Exiting gracefully upon receiving signal 15
[2026-08-25T16:06:09.270+0000] {manager.py:470} INFO - Processing files using up to 2 processes at a time 
[2026-08-25T16:06:09.270+0000] {manager.py:471} INFO - Process each file at most once every 30 seconds
[2026-08-25T16:06:09.271+0000] {manager.py:472} INFO - Checking for new files in /opt/airflow/dags every 300 seconds
[2026-08-25T16:06:09.272+0000] {manager.py:737} INFO - Searching for files in /opt/airflow/dags
[2026-08-25T16:06:09.287+0000] {manager.py:740} INFO - There are 1 files in /opt/airflow/dags
[2026-08-25T16:06:09.345+0000] {manager.py:878} INFO - 
================================================================================
DAG File Processing Stats

File Path                             PID  Runtime      # DAGs    # Errors  Last Runtime    Last Run
----------------------------------  -----  ---------  --------  ----------  --------------  ----------
/opt/airflow/dags/price_etl_dag.py    103  0.03s             0           0
================================================================================
[2026-08-25T16:06:10.295+0000] {manager.py:452} INFO - Exiting gracefully upon receiving signal 15
[2026-08-25T16:06:17.466+0000] {manager.py:470} INFO - Processing files using up to 2 processes at a time 
[2026-08-25T16:06:17.467+0000] {manager.py:471} INFO - Process each file at most once every 30 seconds
[2026-08-25T16:06:17.467+0000] {manager.py:472} INFO - Checking for new files in /opt/airflow/dags every 300 seconds
[2026-08-25T16:06:17.468+0000] {manager.py:737} INFO - Searching for files in /opt/airflow/dags
[2026-08-25T16:06:17.482+0000] {manager.py:740} INFO - There are 1 files in /opt/airflow/dags
[2026-08-25T16:06:17.521+0000] {manager.py:878} INFO - 
================================================================================
DAG File Processing Stats

File Path                             PID  Runtime      # DAGs    # Errors  Last Runtime    Last Run
----------------------------------  -----  ---------  --------  ----------  --------------  ----------
/opt/airflow/dags/price_etl_dag.py    228  0.02s             0           0
================================================================================
[2026-08-25T16:06:47.645+0000] {manager.py:878} INFO - 
================================================================================
DAG File Processing Stats

File Path                             PID  Runtime      # DAGs    # Errors  Last Runtime    Last Run
----------------------------------  -----  ---------  --------  ----------  --------------  -------------------
/opt/airflow/dags/price_etl_dag.py    267  0.00s             1           0  0.06s           2026-08-25T16:06:17
================================================================================
[2026-08-25T16:07:17.759+0000] {manager.py:878} INFO - 
================================================================================
DAG File Processing Stats

File Path                           PID    Runtime      # DAGs    # Errors  Last Runtime    Last Run
----------------------------------  -----  ---------  --------  ----------  --------------  -------------------
/opt/airflow/dags/price_etl_dag.py                           1           0  0.28s           2026-08-25T16:06:47
================================================================================
[2026-08-25T16:07:48.134+0000] {manager.py:878} INFO - 
================================================================================
DAG File Processing Stats

File Path                             PID  Runtime      # DAGs    # Errors  Last Runtime    Last Run
----------------------------------  -----  ---------  --------  ----------  --------------  -------------------
/opt/airflow/dags/price_etl_dag.py    277  0.00s             1           0  0.07s           2026-08-25T16:07:18
================================================================================
[2026-08-25T16:08:18.256+0000] {manager.py:878} INFO - 
================================================================================
DAG File Processing Stats

File Path                           PID    Runtime      # DAGs    # Errors  Last Runtime    Last Run
----------------------------------  -----  ---------  --------  ----------  --------------  -------------------
/opt/airflow/dags/price_etl_dag.py                           1           0  0.17s           2026-08-25T16:07:48
================================================================================
[2026-08-25T16:08:48.489+0000] {manager.py:878} INFO - 
================================================================================
DAG File Processing Stats

File Path                           PID    Runtime      # DAGs    # Errors  Last Runtime    Last Run
----------------------------------  -----  ---------  --------  ----------  --------------  -------------------
/opt/airflow/dags/price_etl_dag.py                           1           0  0.14s           2026-08-25T16:08:18
================================================================================
[2026-08-25T16:09:18.725+0000] {manager.py:878} INFO - 
================================================================================
DAG File Processing Stats

File Path                           PID    Runtime      # DAGs    # Errors  Last Runtime    Last Run
----------------------------------  -----  ---------  --------  ----------  --------------  -------------------
/opt/airflow/dags/price_etl_dag.py                           1           0  0.17s           2026-08-25T16:08:48
================================================================================
[2026-08-25T16:09:48.975+0000] {manager.py:878} INFO - 
================================================================================
DAG File Processing Stats

File Path                           PID    Runtime      # DAGs    # Errors  Last Runtime    Last Run
----------------------------------  -----  ---------  --------  ----------  --------------  -------------------
/opt/airflow/dags/price_etl_dag.py                           1           0  0.17s           2026-08-25T16:09:19
================================================================================
[2026-08-25T16:10:19.346+0000] {manager.py:878} INFO - 
================================================================================
DAG File Processing Stats

File Path                             PID  Runtime      # DAGs    # Errors  Last Runtime    Last Run
----------------------------------  -----  ---------  --------  ----------  --------------  -------------------
/opt/airflow/dags/price_etl_dag.py    302  0.00s             1           0  0.22s           2026-08-25T16:09:49
================================================================================
[2026-08-25T16:10:49.485+0000] {manager.py:878} INFO - 
================================================================================
DAG File Processing Stats

File Path                             PID  Runtime      # DAGs    # Errors  Last Runtime    Last Run
----------------------------------  -----  ---------  --------  ----------  --------------  -------------------
/opt/airflow/dags/price_etl_dag.py    307  0.01s             1           0  0.08s           2026-08-25T16:10:19
================================================================================
[2026-08-25T16:10:56.261+0000] {manager.py:452} INFO - Exiting gracefully upon receiving signal 15
[2026-08-25T16:11:05.612+0000] {manager.py:470} INFO - Processing files using up to 2 processes at a time 
[2026-08-25T16:11:05.613+0000] {manager.py:471} INFO - Process each file at most once every 30 seconds
[2026-08-25T16:11:05.613+0000] {manager.py:472} INFO - Checking for new files in /opt/airflow/dags every 300 seconds
[2026-08-25T16:11:05.614+0000] {manager.py:737} INFO - Searching for files in /opt/airflow/dags
[2026-08-25T16:11:05.627+0000] {manager.py:740} INFO - There are 1 files in /opt/airflow/dags
[2026-08-25T16:11:05.670+0000] {manager.py:878} INFO - 
================================================================================
DAG File Processing Stats

File Path                             PID  Runtime      # DAGs    # Errors  Last Runtime    Last Run
----------------------------------  -----  ---------  --------  ----------  --------------  ----------
/opt/airflow/dags/price_etl_dag.py    228  0.02s             0           0
================================================================================
[2026-08-25T16:11:35.807+0000] {manager.py:878} INFO - 
================================================================================
DAG File Processing Stats

File Path                             PID  Runtime      # DAGs    # Errors  Last Runtime    Last Run
----------------------------------  -----  ---------  --------  ----------  --------------  -------------------
/opt/airflow/dags/price_etl_dag.py    570  0.00s             1           0  0.07s           2026-08-25T16:11:05
================================================================================
[2026-08-25T16:12:05.916+0000] {manager.py:878} INFO - 
================================================================================
DAG File Processing Stats

File Path                           PID    Runtime      # DAGs    # Errors  Last Runtime    Last Run
----------------------------------  -----  ---------  --------  ----------  --------------  -------------------
/opt/airflow/dags/price_etl_dag.py                           1           0  0.26s           2026-08-25T16:11:36
================================================================================
[2026-08-25T16:12:36.274+0000] {manager.py:878} INFO - 
================================================================================
DAG File Processing Stats

File Path                             PID  Runtime      # DAGs    # Errors  Last Runtime    Last Run
----------------------------------  -----  ---------  --------  ----------  --------------  -------------------
/opt/airflow/dags/price_etl_dag.py    598  0.00s             1           0  0.08s           2026-08-25T16:12:06
================================================================================
[2026-08-25T16:13:06.420+0000] {manager.py:878} INFO - 
================================================================================
DAG File Processing Stats

File Path                             PID  Runtime      # DAGs    # Errors  Last Runtime    Last Run
----------------------------------  -----  ---------  --------  ----------  --------------  -------------------
/opt/airflow/dags/price_etl_dag.py    603  0.00s             1           0  0.14s           2026-08-25T16:12:36
================================================================================
[2026-08-25T16:13:36.598+0000] {manager.py:878} INFO - 
================================================================================
DAG File Processing Stats

File Path                             PID  Runtime      # DAGs    # Errors  Last Runtime    Last Run
----------------------------------  -----  ---------  --------  ----------  --------------  -------------------
/opt/airflow/dags/price_etl_dag.py    608  0.00s             1           0  0.16s           2026-08-25T16:13:06
================================================================================
[2026-08-25T16:14:06.767+0000] {manager.py:878} INFO - 
================================================================================
DAG File Processing Stats

File Path                             PID  Runtime      # DAGs    # Errors  Last Runtime    Last Run
----------------------------------  -----  ---------  --------  ----------  --------------  -------------------
/opt/airflow/dags/price_etl_dag.py   1040  0.00s             1           0  0.13s           2026-08-25T16:13:36
================================================================================
[2026-08-25T16:14:36.921+0000] {manager.py:878} INFO - 
================================================================================
DAG File Processing Stats

File Path                             PID  Runtime      # DAGs    # Errors  Last Runtime    Last Run
----------------------------------  -----  ---------  --------  ----------  --------------  -------------------
/opt/airflow/dags/price_etl_dag.py   1045  0.00s             1           0  0.12s           2026-08-25T16:14:06
================================================================================
[2026-08-25T16:15:07.139+0000] {manager.py:878} INFO - 
================================================================================
DAG File Processing Stats

File Path                             PID  Runtime      # DAGs    # Errors  Last Runtime    Last Run
----------------------------------  -----  ---------  --------  ----------  --------------  -------------------
/opt/airflow/dags/price_etl_dag.py   1050  0.00s             1           0  0.13s           2026-08-25T16:14:37
================================================================================
[2026-08-25T16:15:37.263+0000] {manager.py:878} INFO - 
================================================================================
DAG File Processing Stats

File Path                             PID  Runtime      # DAGs    # Errors  Last Runtime    Last Run
----------------------------------  -----  ---------  --------  ----------  --------------  -------------------
/opt/airflow/dags/price_etl_dag.py   1055  0.00s             1           0  0.08s           2026-08-25T16:15:07
================================================================================
[2026-08-25T16:16:06.397+0000] {manager.py:737} INFO - Searching for files in /opt/airflow/dags
[2026-08-25T16:16:06.410+0000] {manager.py:740} INFO - There are 1 files in /opt/airflow/dags
[2026-08-25T16:16:07.429+0000] {manager.py:878} INFO - 
================================================================================
DAG File Processing Stats

File Path                             PID  Runtime      # DAGs    # Errors  Last Runtime    Last Run
----------------------------------  -----  ---------  --------  ----------  --------------  -------------------
/opt/airflow/dags/price_etl_dag.py   1060  0.00s             1           0  0.08s           2026-08-25T16:15:37
================================================================================
[2026-08-25T16:16:37.554+0000] {manager.py:878} INFO - 
================================================================================
DAG File Processing Stats

File Path                             PID  Runtime      # DAGs    # Errors  Last Runtime    Last Run
----------------------------------  -----  ---------  --------  ----------  --------------  -------------------
/opt/airflow/dags/price_etl_dag.py   1065  0.00s             1           0  0.08s           2026-08-25T16:16:07
================================================================================
[2026-08-25T16:17:07.695+0000] {manager.py:878} INFO - 
================================================================================
DAG File Processing Stats

File Path                             PID  Runtime      # DAGs    # Errors  Last Runtime    Last Run
----------------------------------  -----  ---------  --------  ----------  --------------  -------------------
/opt/airflow/dags/price_etl_dag.py   1070  0.00s             1           0  0.09s           2026-08-25T16:16:37
================================================================================
[2026-08-25T16:17:37.822+0000] {manager.py:878} INFO - 
================================================================================
DAG File Processing Stats

File Path                             PID  Runtime      # DAGs    # Errors  Last Runtime    Last Run
----------------------------------  -----  ---------  --------  ----------  --------------  -------------------
/opt/airflow/dags/price_etl_dag.py   1075  0.00s             1           0  0.08s           2026-08-25T16:17:07
================================================================================
[2026-08-25T16:18:07.971+0000] {manager.py:878} INFO - 
================================================================================
DAG File Processing Stats

File Path                             PID  Runtime      # DAGs    # Errors  Last Runtime    Last Run
----------------------------------  -----  ---------  --------  ----------  --------------  -------------------
/opt/airflow/dags/price_etl_dag.py   1080  0.00s             1           0  0.08s           2026-08-25T16:17:37
================================================================================
[2026-08-25T16:18:34.351+0000] {manager.py:452} INFO - Exiting gracefully upon receiving signal 15
[2026-08-25T16:18:43.389+0000] {manager.py:470} INFO - Processing files using up to 2 processes at a time 
[2026-08-25T16:18:43.390+0000] {manager.py:471} INFO - Process each file at most once every 30 seconds
[2026-08-25T16:18:43.391+0000] {manager.py:472} INFO - Checking for new files in /opt/airflow/dags every 300 seconds
[2026-08-25T16:18:43.391+0000] {manager.py:737} INFO - Searching for files in /opt/airflow/dags
[2026-08-25T16:18:43.405+0000] {manager.py:740} INFO - There are 1 files in /opt/airflow/dags
[2026-08-25T16:18:43.444+0000] {manager.py:878} INFO - 
================================================================================
DAG File Processing Stats

File Path                             PID  Runtime      # DAGs    # Errors  Last Runtime    Last Run
----------------------------------  -----  ---------  --------  ----------  --------------  ----------
/opt/airflow/dags/price_etl_dag.py    202  0.02s             0           0
================================================================================
[2026-08-25T16:19:13.561+0000] {manager.py:878} INFO - 
================================================================================
DAG File Processing Stats

File Path                             PID  Runtime      # DAGs    # Errors  Last Runtime    Last Run
----------------------------------  -----  ---------  --------  ----------  --------------  -------------------
/opt/airflow/dags/price_etl_dag.py    207  0.00s             1           0  0.07s           2026-08-25T16:18:43
================================================================================
[2026-08-25T16:19:43.675+0000] {manager.py:878} INFO - 
================================================================================
DAG File Processing Stats

File Path                           PID    Runtime      # DAGs    # Errors  Last Runtime    Last Run
----------------------------------  -----  ---------  --------  ----------  --------------  -------------------
/opt/airflow/dags/price_etl_dag.py                           1           0  0.25s           2026-08-25T16:19:13
================================================================================
[2026-08-25T16:19:44.937+0000] {manager.py:452} INFO - Exiting gracefully upon receiving signal 15
[2026-08-25T16:20:18.483+0000] {manager.py:470} INFO - Processing files using up to 2 processes at a time 
[2026-08-25T16:20:18.484+0000] {manager.py:471} INFO - Process each file at most once every 30 seconds
[2026-08-25T16:20:18.485+0000] {manager.py:472} INFO - Checking for new files in /opt/airflow/dags every 300 seconds
[2026-08-25T16:20:18.485+0000] {manager.py:737} INFO - Searching for files in /opt/airflow/dags
[2026-08-25T16:20:18.499+0000] {manager.py:740} INFO - There are 1 files in /opt/airflow/dags
[2026-08-25T16:20:18.552+0000] {manager.py:878} INFO - 
================================================================================
DAG File Processing Stats

File Path                             PID  Runtime      # DAGs    # Errors  Last Runtime    Last Run
----------------------------------  -----  ---------  --------  ----------  --------------  ----------
/opt/airflow/dags/price_etl_dag.py    202  0.02s             0           0
================================================================================
[2026-08-25T16:20:48.672+0000] {manager.py:878} INFO - 
================================================================================
DAG File Processing Stats

File Path                             PID  Runtime      # DAGs    # Errors  Last Runtime    Last Run
----------------------------------  -----  ---------  --------  ----------  --------------  -------------------
/opt/airflow/dags/price_etl_dag.py    282  0.00s             1           0  0.08s           2026-08-25T16:20:18
================================================================================
[2026-08-25T16:21:18.780+0000] {manager.py:878} INFO - 
================================================================================
DAG File Processing Stats

File Path                           PID    Runtime      # DAGs    # Errors  Last Runtime    Last Run
----------------------------------  -----  ---------  --------  ----------  --------------  -------------------
/opt/airflow/dags/price_etl_dag.py                           1           0  0.27s           2026-08-25T16:20:48
================================================================================
[2026-08-25T16:21:35.708+0000] {manager.py:452} INFO - Exiting gracefully upon receiving signal 15
[2026-08-25T16:21:44.748+0000] {manager.py:470} INFO - Processing files using up to 2 processes at a time 
[2026-08-25T16:21:44.748+0000] {manager.py:471} INFO - Process each file at most once every 30 seconds
[2026-08-25T16:21:44.749+0000] {manager.py:472} INFO - Checking for new files in /opt/airflow/dags every 300 seconds
[2026-08-25T16:21:44.750+0000] {manager.py:737} INFO - Searching for files in /opt/airflow/dags
[2026-08-25T16:21:44.763+0000] {manager.py:740} INFO - There are 1 files in /opt/airflow/dags
[2026-08-25T16:21:44.816+0000] {manager.py:878} INFO - 
================================================================================
DAG File Processing Stats

File Path                             PID  Runtime      # DAGs    # Errors  Last Runtime    Last Run
----------------------------------  -----  ---------  --------  ----------  --------------  ----------
/opt/airflow/dags/price_etl_dag.py    353  0.02s             0           0
================================================================================
[2026-08-25T16:22:14.942+0000] {manager.py:878} INFO - 
================================================================================
DAG File Processing Stats

File Path                             PID  Runtime      # DAGs    # Errors  Last Runtime    Last Run
----------------------------------  -----  ---------  --------  ----------  --------------  -------------------
/opt/airflow/dags/price_etl_dag.py    792  0.00s             1           0  0.08s           2026-08-25T16:21:44
================================================================================
[2026-08-25T16:22:45.093+0000] {manager.py:878} INFO - 
================================================================================
DAG File Processing Stats

File Path                           PID    Runtime      # DAGs    # Errors  Last Runtime    Last Run
----------------------------------  -----  ---------  --------  ----------  --------------  -------------------
/opt/airflow/dags/price_etl_dag.py                           1           0  0.25s           2026-08-25T16:22:15
================================================================================
[2026-08-25T16:23:15.397+0000] {manager.py:878} INFO - 
================================================================================
DAG File Processing Stats

File Path                             PID  Runtime      # DAGs    # Errors  Last Runtime    Last Run
----------------------------------  -----  ---------  --------  ----------  --------------  -------------------
/opt/airflow/dags/price_etl_dag.py    802  0.00s             1           0  0.08s           2026-08-25T16:22:45
================================================================================
[2026-08-25T16:23:45.531+0000] {manager.py:878} INFO - 
================================================================================
DAG File Processing Stats

File Path                           PID    Runtime      # DAGs    # Errors  Last Runtime    Last Run
----------------------------------  -----  ---------  --------  ----------  --------------  -------------------
/opt/airflow/dags/price_etl_dag.py                           1           0  0.15s           2026-08-25T16:23:15
================================================================================
[2026-08-25T16:24:15.723+0000] {manager.py:878} INFO - 
================================================================================
DAG File Processing Stats

File Path                           PID    Runtime      # DAGs    # Errors  Last Runtime    Last Run
----------------------------------  -----  ---------  --------  ----------  --------------  -------------------
/opt/airflow/dags/price_etl_dag.py                           1           0  0.15s           2026-08-25T16:23:45
================================================================================
[2026-08-25T16:24:45.962+0000] {manager.py:878} INFO - 
================================================================================
DAG File Processing Stats

File Path                           PID    Runtime      # DAGs    # Errors  Last Runtime    Last Run
----------------------------------  -----  ---------  --------  ----------  --------------  -------------------
/opt/airflow/dags/price_etl_dag.py                           1           0  0.14s           2026-08-25T16:24:15
================================================================================
[2026-08-25T16:25:16.190+0000] {manager.py:878} INFO - 
================================================================================
DAG File Processing Stats

File Path                           PID    Runtime      # DAGs    # Errors  Last Runtime    Last Run
----------------------------------  -----  ---------  --------  ----------  --------------  -------------------
/opt/airflow/dags/price_etl_dag.py                           1           0  0.15s           2026-08-25T16:24:46
================================================================================
[2026-08-25T16:25:46.521+0000] {manager.py:878} INFO - 
================================================================================
DAG File Processing Stats

File Path                             PID  Runtime      # DAGs    # Errors  Last Runtime    Last Run
----------------------------------  -----  ---------  --------  ----------  --------------  -------------------
/opt/airflow/dags/price_etl_dag.py    827  0.00s             1           0  0.15s           2026-08-25T16:25:16
================================================================================
[2026-08-25T16:26:16.666+0000] {manager.py:878} INFO - 
================================================================================
DAG File Processing Stats

File Path                             PID  Runtime      # DAGs    # Errors  Last Runtime    Last Run
----------------------------------  -----  ---------  --------  ----------  --------------  -------------------
/opt/airflow/dags/price_etl_dag.py    832  0.00s             1           0  0.09s           2026-08-25T16:25:46
================================================================================
[2026-08-25T16:26:44.782+0000] {manager.py:737} INFO - Searching for files in /opt/airflow/dags
[2026-08-25T16:26:44.797+0000] {manager.py:740} INFO - There are 1 files in /opt/airflow/dags
[2026-08-25T16:26:46.822+0000] {manager.py:878} INFO - 
================================================================================
DAG File Processing Stats

File Path                             PID  Runtime      # DAGs    # Errors  Last Runtime    Last Run
----------------------------------  -----  ---------  --------  ----------  --------------  -------------------
/opt/airflow/dags/price_etl_dag.py    837  0.00s             1           0  0.08s           2026-08-25T16:26:16
================================================================================
[2026-08-25T16:27:16.950+0000] {manager.py:878} INFO - 
================================================================================
DAG File Processing Stats

File Path                             PID  Runtime      # DAGs    # Errors  Last Runtime    Last Run
----------------------------------  -----  ---------  --------  ----------  --------------  -------------------
/opt/airflow/dags/price_etl_dag.py    842  0.00s             1           0  0.09s           2026-08-25T16:26:46
================================================================================
[2026-08-25T16:27:47.111+0000] {manager.py:878} INFO - 
================================================================================
DAG File Processing Stats

File Path                             PID  Runtime      # DAGs    # Errors  Last Runtime    Last Run
----------------------------------  -----  ---------  --------  ----------  --------------  -------------------
/opt/airflow/dags/price_etl_dag.py    847  0.00s             1           0  0.09s           2026-08-25T16:27:17
================================================================================
[2026-08-25T16:28:17.230+0000] {manager.py:878} INFO - 
================================================================================
DAG File Processing Stats

File Path                             PID  Runtime      # DAGs    # Errors  Last Runtime    Last Run
----------------------------------  -----  ---------  --------  ----------  --------------  -------------------
/opt/airflow/dags/price_etl_dag.py    852  0.00s             1           0  0.08s           2026-08-25T16:27:47
================================================================================
[2026-08-25T16:28:47.387+0000] {manager.py:878} INFO - 
================================================================================
DAG File Processing Stats

File Path                             PID  Runtime      # DAGs    # Errors  Last Runtime    Last Run
----------------------------------  -----  ---------  --------  ----------  --------------  -------------------
/opt/airflow/dags/price_etl_dag.py    857  0.00s             1           0  0.08s           2026-08-25T16:28:17
================================================================================
[2026-08-25T16:29:17.504+0000] {manager.py:878} INFO - 
================================================================================
DAG File Processing Stats

File Path                             PID  Runtime      # DAGs    # Errors  Last Runtime    Last Run
----------------------------------  -----  ---------  --------  ----------  --------------  -------------------
/opt/airflow/dags/price_etl_dag.py    862  0.00s             1           0  0.09s           2026-08-25T16:28:47
================================================================================
[2026-08-25T16:29:47.668+0000] {manager.py:878} INFO - 
================================================================================
DAG File Processing Stats

File Path                             PID  Runtime      # DAGs    # Errors  Last Runtime    Last Run
----------------------------------  -----  ---------  --------  ----------  --------------  -------------------
/opt/airflow/dags/price_etl_dag.py    867  0.00s             1           0  0.09s           2026-08-25T16:29:17
================================================================================
[2026-08-25T16:30:17.796+0000] {manager.py:878} INFO - 
================================================================================
DAG File Processing Stats

File Path                             PID  Runtime      # DAGs    # Errors  Last Runtime    Last Run
----------------------------------  -----  ---------  --------  ----------  --------------  -------------------
/opt/airflow/dags/price_etl_dag.py    872  0.00s             1           0  0.09s           2026-08-25T16:29:47
================================================================================
[2026-08-25T16:30:47.945+0000] {manager.py:878} INFO - 
================================================================================
DAG File Processing Stats

File Path                             PID  Runtime      # DAGs    # Errors  Last Runtime    Last Run
----------------------------------  -----  ---------  --------  ----------  --------------  -------------------
/opt/airflow/dags/price_etl_dag.py    877  0.00s             1           0  0.09s           2026-08-25T16:30:17
================================================================================
[2026-08-25T16:31:18.071+0000] {manager.py:878} INFO - 
================================================================================
DAG File Processing Stats

File Path                             PID  Runtime      # DAGs    # Errors  Last Runtime    Last Run
----------------------------------  -----  ---------  --------  ----------  --------------  -------------------
/opt/airflow/dags/price_etl_dag.py    882  0.00s             1           0  0.08s           2026-08-25T16:30:48
================================================================================
[2026-08-25T16:31:45.194+0000] {manager.py:737} INFO - Searching for files in /opt/airflow/dags
[2026-08-25T16:31:45.209+0000] {manager.py:740} INFO - There are 1 files in /opt/airflow/dags
[2026-08-25T16:31:48.243+0000] {manager.py:878} INFO - 
================================================================================
DAG File Processing Stats

File Path                             PID  Runtime      # DAGs    # Errors  Last Runtime    Last Run
----------------------------------  -----  ---------  --------  ----------  --------------  -------------------
/opt/airflow/dags/price_etl_dag.py    887  0.01s             1           0  0.09s           2026-08-25T16:31:18
================================================================================
[2026-08-25T16:32:18.369+0000] {manager.py:878} INFO - 
================================================================================
DAG File Processing Stats

File Path                             PID  Runtime      # DAGs    # Errors  Last Runtime    Last Run
----------------------------------  -----  ---------  --------  ----------  --------------  -------------------
/opt/airflow/dags/price_etl_dag.py    892  0.00s             1           0  0.11s           2026-08-25T16:31:48
================================================================================
[2026-08-25T16:32:33.972+0000] {manager.py:452} INFO - Exiting gracefully upon receiving signal 15
[2026-08-25T16:32:42.156+0000] {manager.py:470} INFO - Processing files using up to 2 processes at a time 
[2026-08-25T16:32:42.157+0000] {manager.py:471} INFO - Process each file at most once every 30 seconds
[2026-08-25T16:32:42.158+0000] {manager.py:472} INFO - Checking for new files in /opt/airflow/dags every 300 seconds
[2026-08-25T16:32:42.158+0000] {manager.py:737} INFO - Searching for files in /opt/airflow/dags
[2026-08-25T16:32:42.172+0000] {manager.py:740} INFO - There are 1 files in /opt/airflow/dags
[2026-08-25T16:32:42.212+0000] {manager.py:878} INFO - 
================================================================================
DAG File Processing Stats

File Path                             PID  Runtime      # DAGs    # Errors  Last Runtime    Last Run
----------------------------------  -----  ---------  --------  ----------  --------------  ----------
/opt/airflow/dags/price_etl_dag.py    202  0.02s             0           0
================================================================================
[2026-08-25T16:33:12.336+0000] {manager.py:878} INFO - 
================================================================================
DAG File Processing Stats

File Path                             PID  Runtime      # DAGs    # Errors  Last Runtime    Last Run
----------------------------------  -----  ---------  --------  ----------  --------------  -------------------
/opt/airflow/dags/price_etl_dag.py    207  0.00s             1           0  0.06s           2026-08-25T16:32:42
================================================================================
[2026-08-25T16:33:42.447+0000] {manager.py:878} INFO - 
================================================================================
DAG File Processing Stats

File Path                           PID    Runtime      # DAGs    # Errors  Last Runtime    Last Run
----------------------------------  -----  ---------  --------  ----------  --------------  -------------------
/opt/airflow/dags/price_etl_dag.py                           1           0  0.23s           2026-08-25T16:33:12
================================================================================
[2026-08-25T16:34:12.766+0000] {manager.py:878} INFO - 
================================================================================
DAG File Processing Stats

File Path                             PID  Runtime      # DAGs    # Errors  Last Runtime    Last Run
----------------------------------  -----  ---------  --------  ----------  --------------  -------------------
/opt/airflow/dags/price_etl_dag.py    217  0.00s             1           0  0.07s           2026-08-25T16:33:42
================================================================================
[2026-08-25T16:34:42.898+0000] {manager.py:878} INFO - 
================================================================================
DAG File Processing Stats

File Path                           PID    Runtime      # DAGs    # Errors  Last Runtime    Last Run
----------------------------------  -----  ---------  --------  ----------  --------------  -------------------
/opt/airflow/dags/price_etl_dag.py                           1           0  0.16s           2026-08-25T16:34:12
================================================================================
[2026-08-25T16:35:13.103+0000] {manager.py:878} INFO - 
================================================================================
DAG File Processing Stats

File Path                           PID    Runtime      # DAGs    # Errors  Last Runtime    Last Run
----------------------------------  -----  ---------  --------  ----------  --------------  -------------------
/opt/airflow/dags/price_etl_dag.py                           1           0  0.14s           2026-08-25T16:34:43
================================================================================
[2026-08-25T16:35:43.342+0000] {manager.py:878} INFO - 
================================================================================
DAG File Processing Stats

File Path                           PID    Runtime      # DAGs    # Errors  Last Runtime    Last Run
----------------------------------  -----  ---------  --------  ----------  --------------  -------------------
/opt/airflow/dags/price_etl_dag.py                           1           0  0.16s           2026-08-25T16:35:13
================================================================================
[2026-08-25T16:36:13.584+0000] {manager.py:878} INFO - 
================================================================================
DAG File Processing Stats

File Path                           PID    Runtime      # DAGs    # Errors  Last Runtime    Last Run
----------------------------------  -----  ---------  --------  ----------  --------------  -------------------
/opt/airflow/dags/price_etl_dag.py                           1           0  0.17s           2026-08-25T16:35:43
================================================================================
[2026-08-25T16:36:43.928+0000] {manager.py:878} INFO - 
================================================================================
DAG File Processing Stats

File Path                             PID  Runtime      # DAGs    # Errors  Last Runtime    Last Run
----------------------------------  -----  ---------  --------  ----------  --------------  -------------------
/opt/airflow/dags/price_etl_dag.py    242  0.00s             1           0  0.13s           2026-08-25T16:36:13
================================================================================
[2026-08-25T16:37:14.070+0000] {manager.py:878} INFO - 
================================================================================
DAG File Processing Stats

File Path                             PID  Runtime      # DAGs    # Errors  Last Runtime    Last Run
----------------------------------  -----  ---------  --------  ----------  --------------  -------------------
/opt/airflow/dags/price_etl_dag.py    247  0.00s             1           0  0.10s           2026-08-25T16:36:44
================================================================================
[2026-08-25T16:37:42.207+0000] {manager.py:737} INFO - Searching for files in /opt/airflow/dags
[2026-08-25T16:37:42.222+0000] {manager.py:740} INFO - There are 1 files in /opt/airflow/dags
[2026-08-25T16:37:44.250+0000] {manager.py:878} INFO - 
================================================================================
DAG File Processing Stats

File Path                             PID  Runtime      # DAGs    # Errors  Last Runtime    Last Run
----------------------------------  -----  ---------  --------  ----------  --------------  -------------------
/opt/airflow/dags/price_etl_dag.py    252  0.00s             1           0  0.09s           2026-08-25T16:37:14
================================================================================
[2026-08-25T16:38:11.301+0000] {manager.py:452} INFO - Exiting gracefully upon receiving signal 15
